{
	"credit": "quiktori",
	"textures": {
		"0": "items/food/burger",
		"particle": "items/food/burger"
	},
	"elements": [
		{
			"from": [12, 0, 7],
			"to": [13, 1, 11],
			"rotation": {"angle": 0, "axis": "y", "origin": [19, 8, 18]},
			"faces": {
				"north": {"uv": [7.25, 14.75, 8, 15.5], "texture": "#0"},
				"east": {"uv": [7.5, 8.5, 8, 15.5], "texture": "#0"},
				"south": {"uv": [7, 8.5, 8, 9.5], "texture": "#0"},
				"west": {"uv": [7.5, 8.5, 8, 15.5], "texture": "#0"},
				"up": {"uv": [7.5, 8.5, 8, 15.5], "texture": "#0"},
				"down": {"uv": [7.5, 8.5, 8, 15.5], "texture": "#0"}
			}
		},
		{
			"from": [5, 0, 7],
			"to": [6, 1, 11],
			"rotation": {"angle": 0, "axis": "y", "origin": [12, 8, 18]},
			"faces": {
				"north": {"uv": [0.25, 13.5, 1.5, 14.75], "texture": "#0"},
				"east": {"uv": [0, 8.5, 0.5, 15.5], "texture": "#0"},
				"south": {"uv": [1.5, 13.5, 2.5, 14.25], "texture": "#0"},
				"west": {"uv": [0, 8.5, 0.5, 15.5], "texture": "#0"},
				"up": {"uv": [0, 8.5, 0.5, 15.5], "texture": "#0"},
				"down": {"uv": [0, 8.5, 0.5, 15.5], "texture": "#0"}
			}
		},
		{
			"from": [7, 0, 12],
			"to": [11, 1, 13],
			"rotation": {"angle": 0, "axis": "y", "origin": [17, 8, 20]},
			"faces": {
				"north": {"uv": [0.5, 8, 7.5, 8.5], "texture": "#0"},
				"east": {"uv": [6.25, 8, 7.5, 9.25], "texture": "#0"},
				"south": {"uv": [0.5, 8, 7.5, 8.5], "texture": "#0"},
				"west": {"uv": [0.5, 8, 7.5, 8.5], "texture": "#0"},
				"up": {"uv": [0.5, 8, 7.5, 8.5], "texture": "#0"},
				"down": {"uv": [0.5, 8, 7.5, 8.5], "texture": "#0"}
			}
		},
		{
			"from": [7, 0, 5],
			"to": [11, 1, 6],
			"rotation": {"angle": 0, "axis": "y", "origin": [17, 8, 13]},
			"faces": {
				"north": {"uv": [0.5, 15.25, 7.5, 15.75], "texture": "#0"},
				"east": {"uv": [6.75, 15.25, 7.5, 16], "texture": "#0"},
				"south": {"uv": [0.5, 15.5, 7.5, 16], "texture": "#0"},
				"west": {"uv": [0.5, 15.5, 7.5, 16], "texture": "#0"},
				"up": {"uv": [0.5, 15.5, 7.5, 16], "texture": "#0"},
				"down": {"uv": [0.5, 15.5, 7.5, 16], "texture": "#0"}
			}
		},
		{
			"from": [6, 0, 6],
			"to": [12, 1, 12],
			"rotation": {"angle": 0, "axis": "y", "origin": [18, 8, 17]},
			"faces": {
				"north": {"uv": [0, 13, 8, 14.25], "texture": "#0"},
				"east": {"uv": [0, 8.5, 8, 9.5], "texture": "#0"},
				"south": {"uv": [0, 8.75, 8, 10.25], "texture": "#0"},
				"west": {"uv": [0, 11.25, 8, 12.25], "texture": "#0"},
				"up": {"uv": [0, 8, 8, 16], "texture": "#0"},
				"down": {"uv": [0.5, 8.5, 7.5, 15.5], "texture": "#0"}
			}
		},
		{
			"from": [12, 1, 6.5],
			"to": [13.3, 1.3, 11.5],
			"rotation": {"angle": 0, "axis": "y", "origin": [17.3, 9, 16]},
			"faces": {
				"north": {"uv": [11, 0.25, 11.5, 3.25], "texture": "#0"},
				"east": {"uv": [11, 0.25, 11.5, 3.25], "texture": "#0"},
				"south": {"uv": [11, 0.25, 11.5, 3.25], "texture": "#0"},
				"west": {"uv": [11, 0.25, 11.5, 3.25], "texture": "#0"},
				"up": {"uv": [11, 0.25, 11.5, 3.25], "texture": "#0"},
				"down": {"uv": [11, 0.25, 11.5, 3.25], "texture": "#0"}
			}
		},
		{
			"from": [5.8, 1, 5.8],
			"to": [12.2, 1.3, 12.2],
			"rotation": {"angle": 0, "axis": "y", "origin": [16, 9, 16]},
			"faces": {
				"north": {"uv": [9, 0.75, 11.25, 2.75], "texture": "#0"},
				"east": {"uv": [9, 0.75, 11.25, 2.75], "texture": "#0"},
				"south": {"uv": [9, 0.75, 11.25, 2.75], "texture": "#0"},
				"west": {"uv": [9, 0.75, 11.25, 2.75], "texture": "#0"},
				"up": {"uv": [9, 0.75, 11.25, 2.75], "texture": "#0"},
				"down": {"uv": [9, 0.75, 11.25, 2.75], "texture": "#0"}
			}
		},
		{
			"from": [6.5, 1, 12],
			"to": [11.5, 1.3, 13.3],
			"rotation": {"angle": 0, "axis": "y", "origin": [16, 9, 22]},
			"faces": {
				"north": {"uv": [8.5, 1.25, 11.5, 1.75], "texture": "#0"},
				"east": {"uv": [8.5, 1.25, 11.5, 1.75], "texture": "#0"},
				"south": {"uv": [8.5, 1.25, 11.5, 1.75], "texture": "#0"},
				"west": {"uv": [8.5, 1.25, 11.5, 1.75], "texture": "#0"},
				"up": {"uv": [8.5, 1.25, 11.5, 1.75], "texture": "#0"},
				"down": {"uv": [8.5, 1.25, 11.5, 1.75], "texture": "#0"}
			}
		},
		{
			"from": [4.7, 1, 6.5],
			"to": [6, 1.3, 11.5],
			"rotation": {"angle": 0, "axis": "y", "origin": [10, 9, 16]},
			"faces": {
				"north": {"uv": [9.25, 0.5, 9.75, 3.5], "texture": "#0"},
				"east": {"uv": [9.25, 0.5, 9.75, 3.5], "texture": "#0"},
				"south": {"uv": [9.25, 0.5, 9.75, 3.5], "texture": "#0"},
				"west": {"uv": [9.25, 0.5, 9.75, 3.5], "texture": "#0"},
				"up": {"uv": [9.25, 0.5, 9.75, 3.5], "texture": "#0"},
				"down": {"uv": [9.25, 0.5, 9.75, 3.5], "texture": "#0"}
			}
		},
		{
			"from": [6.5, 1, 4.7],
			"to": [11.5, 1.3, 6],
			"rotation": {"angle": 0, "axis": "y", "origin": [16, 9, 14.7]},
			"faces": {
				"north": {"uv": [8.5, 1, 11.5, 1.5], "texture": "#0"},
				"east": {"uv": [8.5, 1, 11.5, 1.5], "texture": "#0"},
				"south": {"uv": [8.5, 1, 11.5, 1.5], "texture": "#0"},
				"west": {"uv": [8.5, 1, 11.5, 1.5], "texture": "#0"},
				"up": {"uv": [8.5, 1, 11.5, 1.5], "texture": "#0"},
				"down": {"uv": [8.5, 1, 11.5, 1.5], "texture": "#0"}
			}
		},
		{
			"from": [6, 1.3, 6],
			"to": [12, 1.8, 12],
			"rotation": {"angle": 0, "axis": "y", "origin": [16, 9.3, 16]},
			"faces": {
				"north": {"uv": [8, 8, 16, 16], "texture": "#0"},
				"east": {"uv": [8, 8, 16, 16], "texture": "#0"},
				"south": {"uv": [8, 8, 16, 16], "texture": "#0"},
				"west": {"uv": [8, 8, 16, 16], "texture": "#0"},
				"up": {"uv": [8, 8, 16, 16], "texture": "#0"},
				"down": {"uv": [8, 8, 16, 16], "texture": "#0"}
			}
		},
		{
			"from": [5, 1.8, 6.75],
			"to": [9, 2, 10.75],
			"rotation": {"angle": 0, "axis": "y", "origin": [13, 9.8, 16.75]},
			"faces": {
				"north": {"uv": [12.75, 4.25, 16, 7.5], "texture": "#0"},
				"east": {"uv": [12.75, 4.25, 16, 7.5], "texture": "#0"},
				"south": {"uv": [12.75, 4.25, 16, 7.5], "texture": "#0"},
				"west": {"uv": [12.75, 4.25, 16, 7.5], "texture": "#0"},
				"up": {"uv": [12.75, 4.25, 16, 7.5], "texture": "#0"},
				"down": {"uv": [12.75, 4.25, 16, 7.5], "texture": "#0"}
			}
		},
		{
			"from": [7.25, 1.8, 9],
			"to": [11.25, 2, 13],
			"rotation": {"angle": 0, "axis": "y", "origin": [15.25, 9.8, 19]},
			"faces": {
				"north": {"uv": [13, 4.25, 15.75, 7.75], "texture": "#0"},
				"east": {"uv": [13, 4.25, 15.75, 7.75], "texture": "#0"},
				"south": {"uv": [13, 4.25, 15.75, 7.75], "texture": "#0"},
				"west": {"uv": [13, 4.25, 15.75, 7.75], "texture": "#0"},
				"up": {"uv": [13, 4.25, 15.75, 7.75], "texture": "#0"},
				"down": {"uv": [13, 4.25, 15.75, 7.75], "texture": "#0"}
			}
		},
		{
			"from": [8.5, 1.8, 5.5],
			"to": [12.5, 2, 9.5],
			"rotation": {"angle": 0, "axis": "y", "origin": [16.5, 9.8, 15.5]},
			"faces": {
				"north": {"uv": [13, 4.25, 15.75, 7.75], "texture": "#0"},
				"east": {"uv": [13, 4.25, 15.75, 7.75], "texture": "#0"},
				"south": {"uv": [13, 4.25, 15.75, 7.75], "texture": "#0"},
				"west": {"uv": [13, 4.25, 15.75, 7.75], "texture": "#0"},
				"up": {"uv": [13, 4.25, 15.75, 7.75], "texture": "#0"},
				"down": {"uv": [13, 4.25, 15.75, 7.75], "texture": "#0"}
			}
		},
		{
			"from": [2.5, 2, 7.5],
			"to": [6.5, 2.2, 11.5],
			"rotation": {"angle": -22.5, "axis": "y", "origin": [13.5, 10, 15.5]},
			"faces": {
				"north": {"uv": [9, 5, 11.25, 7.25], "texture": "#0"},
				"east": {"uv": [9, 5, 11.25, 7.25], "texture": "#0"},
				"south": {"uv": [9, 5, 11.25, 7.25], "texture": "#0"},
				"west": {"uv": [9, 5, 11.25, 7.25], "texture": "#0"},
				"up": {"uv": [9, 5, 11.25, 7.25], "texture": "#0"},
				"down": {"uv": [9, 5, 11.25, 7.25], "texture": "#0"}
			}
		},
		{
			"from": [10.5, 2, 2.4],
			"to": [14.5, 2.2, 6.4],
			"rotation": {"angle": 22.5, "axis": "y", "origin": [21.5, 10, 10.4]},
			"faces": {
				"north": {"uv": [9, 4.75, 11.25, 7.5], "texture": "#0"},
				"east": {"uv": [9, 4.75, 11.25, 7.5], "texture": "#0"},
				"south": {"uv": [9, 4.75, 11.25, 7.5], "texture": "#0"},
				"west": {"uv": [9, 4.75, 11.25, 7.5], "texture": "#0"},
				"up": {"uv": [9, 4.75, 11.25, 7.5], "texture": "#0"},
				"down": {"uv": [9, 4.75, 11.25, 7.5], "texture": "#0"}
			}
		},
		{
			"from": [-0.5, 2, 13.6],
			"to": [3.5, 2.2, 17.6],
			"rotation": {"angle": -45, "axis": "y", "origin": [10.5, 10, 21.6]},
			"faces": {
				"north": {"uv": [9, 4.5, 11.25, 7.5], "texture": "#0"},
				"east": {"uv": [9, 4.5, 11.25, 7.5], "texture": "#0"},
				"south": {"uv": [9, 4.5, 11.25, 7.5], "texture": "#0"},
				"west": {"uv": [9, 4.5, 11.25, 7.5], "texture": "#0"},
				"up": {"uv": [9, 4.5, 11.25, 7.5], "texture": "#0"},
				"down": {"uv": [9, 4.5, 11.25, 7.5], "texture": "#0"}
			}
		},
		{
			"from": [2.2, 2.2, 10.7],
			"to": [6.2, 2.4, 14.7],
			"rotation": {"angle": -22.5, "axis": "y", "origin": [13.2, 10.2, 18.7]},
			"faces": {
				"north": {"uv": [12.75, 0.5, 15.5, 3.25], "texture": "#0"},
				"east": {"uv": [12.75, 0.5, 15.5, 3.25], "texture": "#0"},
				"south": {"uv": [12.75, 0.5, 15.5, 3.25], "texture": "#0"},
				"west": {"uv": [12.75, 0.5, 15.5, 3.25], "texture": "#0"},
				"up": {"uv": [12.75, 0.5, 15.5, 3.25], "texture": "#0"},
				"down": {"uv": [12.75, 0.5, 15.5, 3.25], "texture": "#0"}
			}
		},
		{
			"from": [1.4, 2.2, 10.2],
			"to": [5.4, 2.4, 14.2],
			"rotation": {"angle": -45, "axis": "y", "origin": [12.4, 10.2, 18.2]},
			"faces": {
				"north": {"uv": [12.75, 0.75, 15.25, 3.25], "texture": "#0"},
				"east": {"uv": [12.75, 0.75, 15.25, 3.25], "texture": "#0"},
				"south": {"uv": [12.75, 0.75, 15.25, 3.25], "texture": "#0"},
				"west": {"uv": [12.75, 0.75, 15.25, 3.25], "texture": "#0"},
				"up": {"uv": [12.75, 0.75, 15.25, 3.25], "texture": "#0"},
				"down": {"uv": [12.75, 0.75, 15.25, 3.25], "texture": "#0"}
			}
		},
		{
			"from": [10.1, 2.2, 5.3],
			"to": [14.1, 2.4, 9.3],
			"rotation": {"angle": 22.5, "axis": "y", "origin": [21.1, 10.2, 13.3]},
			"faces": {
				"north": {"uv": [12.75, 0.5, 15.5, 3.5], "texture": "#0"},
				"east": {"uv": [12.75, 0.5, 15.5, 3.5], "texture": "#0"},
				"south": {"uv": [12.75, 0.5, 15.5, 3.5], "texture": "#0"},
				"west": {"uv": [12.75, 0.5, 15.5, 3.5], "texture": "#0"},
				"up": {"uv": [12.75, 0.5, 15.5, 3.5], "texture": "#0"},
				"down": {"uv": [12.75, 0.5, 15.5, 3.5], "texture": "#0"}
			}
		},
		{
			"from": [6.5, 3.4, 6.5],
			"to": [11.5, 3.9, 11.5],
			"rotation": {"angle": 0, "axis": "y", "origin": [18, 11.4, 17]},
			"faces": {
				"north": {"uv": [0, 6, 1, 7], "texture": "#0"},
				"east": {"uv": [0, 6.75, 0.75, 7.5], "texture": "#0"},
				"south": {"uv": [7, 0, 8, 0.75], "texture": "#0"},
				"west": {"uv": [0, 6.75, 1, 7.75], "texture": "#0"},
				"up": {"uv": [1, 1, 7, 7], "texture": "#0"},
				"down": {"uv": [0, 0, 1, 1], "texture": "#missing"}
			}
		},
		{
			"from": [7.2, 3.4, 5.8],
			"to": [10.8, 3.9, 6.5],
			"rotation": {"angle": 0, "axis": "y", "origin": [17, 11.4, 13.5]},
			"faces": {
				"north": {"uv": [0, 6.75, 1, 7.75], "texture": "#0"},
				"east": {"uv": [6.75, 0, 7.75, 1], "texture": "#0"},
				"south": {"uv": [0, 0, 1, 1], "texture": "#0"},
				"west": {"uv": [0, 6.75, 1, 7.75], "texture": "#0"},
				"up": {"uv": [1, 0, 7, 1], "texture": "#0"},
				"down": {"uv": [0, 0, 1, 1], "texture": "#missing"}
			}
		},
		{
			"from": [7.2, 3.4, 11.5],
			"to": [10.8, 3.9, 12.2],
			"rotation": {"angle": 0, "axis": "y", "origin": [17, 11.4, 19.2]},
			"faces": {
				"north": {"uv": [0, 0, 1, 1], "texture": "#missing"},
				"east": {"uv": [0, 0, 0.5, 0.5], "texture": "#0"},
				"south": {"uv": [0, 0, 0.5, 1], "texture": "#0"},
				"west": {"uv": [0, 6.75, 1, 7.75], "texture": "#0"},
				"up": {"uv": [1, 7, 7, 8], "texture": "#0"},
				"down": {"uv": [0, 0, 1, 1], "texture": "#missing"}
			}
		},
		{
			"from": [11.5, 3.4, 7.2],
			"to": [12.2, 3.9, 10.8],
			"rotation": {"angle": 0, "axis": "y", "origin": [4.5, 11.4, 17]},
			"faces": {
				"north": {"uv": [6.75, 0, 7.75, 1], "texture": "#0"},
				"east": {"uv": [6.5, 0, 7.5, 1], "texture": "#0"},
				"south": {"uv": [0, 6, 1, 7], "texture": "#0"},
				"west": {"uv": [0, 0, 1, 1], "texture": "#missing"},
				"up": {"uv": [7, 1, 8, 7], "texture": "#0"},
				"down": {"uv": [0, 0, 1, 1], "rotation": 270, "texture": "#missing"}
			}
		},
		{
			"from": [5.8, 3.4, 7.2],
			"to": [6.5, 3.9, 10.8],
			"rotation": {"angle": 0, "axis": "y", "origin": [-1.2, 11.4, 17]},
			"faces": {
				"north": {"uv": [6, 2.25, 7, 3.25], "texture": "#0"},
				"east": {"uv": [0, 0, 1, 1], "texture": "#missing"},
				"south": {"uv": [5.25, 2.75, 6.25, 3.75], "texture": "#0"},
				"west": {"uv": [4.25, 7.25, 5.25, 8], "texture": "#0"},
				"up": {"uv": [0, 1, 1, 7], "texture": "#0"},
				"down": {"uv": [0, 0, 1, 1], "rotation": 270, "texture": "#missing"}
			}
		},
		{
			"from": [12, 2.4, 7],
			"to": [13, 3.4, 11],
			"rotation": {"angle": 0, "axis": "y", "origin": [19, 10.4, 18]},
			"faces": {
				"north": {"uv": [7.25, 14.75, 8, 15.5], "texture": "#0"},
				"east": {"uv": [7.5, 8.5, 8, 15.5], "texture": "#0"},
				"south": {"uv": [7, 8.5, 8, 9.5], "texture": "#0"},
				"west": {"uv": [7.5, 8.5, 8, 15.5], "texture": "#0"},
				"up": {"uv": [6.5, 0.5, 7, 7.5], "texture": "#0"},
				"down": {"uv": [7.5, 8.5, 8, 15.5], "texture": "#0"}
			}
		},
		{
			"from": [5, 2.4, 7],
			"to": [6, 3.4, 11],
			"rotation": {"angle": 0, "axis": "y", "origin": [12, 10.4, 18]},
			"faces": {
				"north": {"uv": [0.25, 13.5, 1.5, 14.75], "texture": "#0"},
				"east": {"uv": [0, 8.5, 0.5, 15.5], "texture": "#0"},
				"south": {"uv": [1.5, 13.5, 2.5, 14.25], "texture": "#0"},
				"west": {"uv": [0, 8.5, 0.5, 15.5], "texture": "#0"},
				"up": {"uv": [0.75, 0.5, 1.25, 7.5], "texture": "#0"},
				"down": {"uv": [0, 8.5, 0.5, 15.5], "texture": "#0"}
			}
		},
		{
			"from": [7, 2.4, 12],
			"to": [11, 3.4, 13],
			"rotation": {"angle": 0, "axis": "y", "origin": [17, 10.4, 20]},
			"faces": {
				"north": {"uv": [0.5, 8, 7.5, 8.5], "texture": "#0"},
				"east": {"uv": [6.25, 8, 7.5, 9.25], "texture": "#0"},
				"south": {"uv": [0.5, 8, 7.5, 8.5], "texture": "#0"},
				"west": {"uv": [0.5, 8, 7.5, 8.5], "texture": "#0"},
				"up": {"uv": [0.5, 7, 7.5, 7.5], "texture": "#0"},
				"down": {"uv": [0.5, 8, 7.5, 8.5], "texture": "#0"}
			}
		},
		{
			"from": [7, 2.4, 5],
			"to": [11, 3.4, 6],
			"rotation": {"angle": 0, "axis": "y", "origin": [17, 10.4, 13]},
			"faces": {
				"north": {"uv": [0.5, 15.25, 7.5, 15.75], "texture": "#0"},
				"east": {"uv": [6.75, 15.25, 7.5, 16], "texture": "#0"},
				"south": {"uv": [0.5, 15.5, 7.5, 16], "texture": "#0"},
				"west": {"uv": [0.5, 15.5, 7.5, 16], "texture": "#0"},
				"up": {"uv": [0.5, 7.25, 7.5, 7.75], "texture": "#0"},
				"down": {"uv": [0.5, 15.5, 7.5, 16], "texture": "#0"}
			}
		},
		{
			"from": [6, 2.4, 6],
			"to": [12, 3.4, 12],
			"rotation": {"angle": 0, "axis": "y", "origin": [18, 10.4, 17]},
			"faces": {
				"north": {"uv": [0, 13, 8, 14.25], "texture": "#0"},
				"east": {"uv": [0, 8.5, 8, 9.5], "texture": "#0"},
				"south": {"uv": [0, 8.75, 8, 10.25], "texture": "#0"},
				"west": {"uv": [0, 11.25, 8, 12.25], "texture": "#0"},
				"up": {"uv": [0, 0, 8, 8], "texture": "#0"},
				"down": {"uv": [0.5, 8.5, 7.5, 15.5], "texture": "#0"}
			}
		}
	],
	"display": {
		"thirdperson_righthand": {
			"translation": [-0.75, 2.25, -2.75],
			"scale": [0.7, 0.7, 0.7]
		},
		"thirdperson_lefthand": {
			"translation": [0.5, 2.75, -2.75],
			"scale": [0.7, 0.7, 0.7]
		},
		"firstperson_righthand": {
			"rotation": [28, 0, 0],
			"translation": [2.5, 4.75, 0],
			"scale": [0.7, 0.7, 0.7]
		},
		"firstperson_lefthand": {
			"rotation": [34, 0, 0],
			"translation": [2.25, 5.75, 2.5],
			"scale": [0.7, 0.7, 0.7]
		},
		"ground": {
			"translation": [-1.75, 4.25, -1.5]
		},
		"gui": {
			"rotation": [49, 61, 0],
			"translation": [-1.5, 4.75, 0],
			"scale": [1.3, 1.3, 1.3]
		},
		"head": {
			"translation": [-0.75, 14.25, -0.75]
		},
		"fixed": {
			"rotation": [-90, 0, 0],
			"translation": [0, 0, -8.75]
		}
	},
	"groups": [
		{
			"name": "group",
			"origin": [18, 8, 17],
			"children": [0, 1, 2, 3, 4]
		},
		{
			"name": "group",
			"origin": [16, 9, 14.7],
			"children": [5, 6, 7, 8, 9]
		},
		{
			"name": "group",
			"origin": [16, 9.3, 16],
			"children": [10]
		},
		{
			"name": "group",
			"origin": [16.5, 9.8, 15.5],
			"children": [11, 12, 13]
		},
		{
			"name": "group",
			"origin": [8, 8, 8],
			"children": [14, 15, 16]
		},
		{
			"name": "group",
			"origin": [8, 8, 8],
			"children": [17, 18, 19]
		},
		{
			"name": "group",
			"origin": [18, 10.4, 17],
			"children": [20, 21, 22, 23, 24]
		},
		{
			"name": "group",
			"origin": [18, 8, 17],
			"children": [25, 26, 27, 28, 29]
		}
	]
}