{
	"credit": "quiktori",
	"texture_size": [64, 64],
	"textures": {
		"0": "items/hats/christmas",
		"particle": "items/hats/christmas"
	},
	"elements": [
		{
			"from": [3, 0, 3],
			"to": [13, 1, 13],
			"rotation": {"angle": 0, "axis": "y", "origin": [17, 8, 16]},
			"faces": {
				"north": {"uv": [6, 3, 8.5, 3.25], "texture": "#0"},
				"east": {"uv": [6, 3.25, 8.5, 3.5], "texture": "#0"},
				"south": {"uv": [6, 3.5, 8.5, 3.75], "texture": "#0"},
				"west": {"uv": [6, 3.75, 8.5, 4], "texture": "#0"},
				"up": {"uv": [2.5, 2.5, 0, 0], "texture": "#0"},
				"down": {"uv": [2.5, 2.5, 0, 5], "texture": "#0"}
			}
		},
		{
			"from": [3.75, 1, 4.25],
			"to": [11.75, 4.125, 12.25],
			"rotation": {"angle": 0, "axis": "y", "origin": [16.5, 9, 16.375]},
			"faces": {
				"north": {"uv": [4.5, 0, 6.5, 0.75], "texture": "#0"},
				"east": {"uv": [4.5, 0.75, 6.5, 1.5], "texture": "#0"},
				"south": {"uv": [4.5, 1.5, 6.5, 2.25], "texture": "#0"},
				"west": {"uv": [4.5, 2.25, 6.5, 3], "texture": "#0"},
				"up": {"uv": [4.5, 4.5, 2.5, 2.5], "texture": "#0"},
				"down": {"uv": [4.5, 0, 2.5, 2], "texture": "#0"}
			}
		},
		{
			"from": [4.625, -1.375, 7.625],
			"to": [10.625, 1.75, 13.625],
			"rotation": {"angle": 22.5, "axis": "x", "origin": [17.875, 6.625, 19.5]},
			"faces": {
				"north": {"uv": [4.5, 3, 6, 3.75], "texture": "#0"},
				"east": {"uv": [4.5, 3.75, 6, 4.5], "texture": "#0"},
				"south": {"uv": [0, 5, 1.5, 5.75], "texture": "#0"},
				"west": {"uv": [5.5, 5.5, 7, 6.25], "texture": "#0"},
				"up": {"uv": [4, 6, 2.5, 4.5], "texture": "#0"},
				"down": {"uv": [5.5, 4.5, 4, 6], "texture": "#0"}
			}
		},
		{
			"from": [6.09375, 0.75, 9.9375],
			"to": [10.09375, 3.875, 13.9375],
			"rotation": {"angle": 22.5, "axis": "x", "origin": [19.34375, 8.75, 21.8125]},
			"faces": {
				"north": {"uv": [0, 5.75, 1, 6.5], "texture": "#0"},
				"east": {"uv": [1, 6, 2, 6.75], "texture": "#0"},
				"south": {"uv": [2, 6, 3, 6.75], "texture": "#0"},
				"west": {"uv": [3, 6, 4, 6.75], "texture": "#0"},
				"up": {"uv": [2.5, 6, 1.5, 5], "texture": "#0"},
				"down": {"uv": [6.5, 4.5, 5.5, 5.5], "texture": "#0"}
			}
		},
		{
			"from": [6.96875, -2.375, 11.9375],
			"to": [8.96875, 0.75, 13.9375],
			"rotation": {"angle": 45, "axis": "x", "origin": [20.21875, 5.625, 23.8125]},
			"faces": {
				"north": {"uv": [4, 6, 4.5, 6.75], "texture": "#0"},
				"east": {"uv": [4.5, 6, 5, 6.75], "texture": "#0"},
				"south": {"uv": [5, 6, 5.5, 6.75], "texture": "#0"},
				"west": {"uv": [5.5, 6.25, 6, 7], "texture": "#0"},
				"up": {"uv": [3, 2.5, 2.5, 2], "texture": "#0"},
				"down": {"uv": [3.5, 2, 3, 2.5], "texture": "#0"}
			}
		},
		{
			"from": [6.59375, 12, 15.5625],
			"to": [9.59375, 15, 18.5625],
			"rotation": {"angle": -22.5, "axis": "x", "origin": [19.84375, 3.125, 23.5625]},
			"faces": {
				"north": {"uv": [0, 0, 1, 1], "rotation": 270, "texture": "#0"},
				"east": {"uv": [0, 0, 1, 1], "rotation": 270, "texture": "#0"},
				"south": {"uv": [0, 0, 1, 1], "rotation": 270, "texture": "#0"},
				"west": {"uv": [0, 0, 1, 1], "rotation": 270, "texture": "#0"},
				"up": {"uv": [0, 0, 1, 1], "rotation": 270, "texture": "#0"},
				"down": {"uv": [0, 0, 1, 1], "rotation": 270, "texture": "#0"}
			}
		}
	],
	"display": {
		"thirdperson_righthand": {
			"rotation": [17, 0, 0],
			"translation": [0.25, 7.25, -3]
		},
		"thirdperson_lefthand": {
			"translation": [0, 6.25, -5]
		},
		"firstperson_righthand": {
			"rotation": [-34, 0, 0],
			"translation": [0, 3.75, 0],
			"scale": [0.5, 0.5, 0.5]
		},
		"firstperson_lefthand": {
			"rotation": [-33, 0, 0],
			"translation": [-0.25, 3.75, 0],
			"scale": [0.5, 0.5, 0.5]
		},
		"ground": {
			"translation": [0, 4.5, 0]
		},
		"gui": {
			"rotation": [23, 125, 0],
			"translation": [0, 5.25, 0],
			"scale": [1.5, 1.5, 1.5]
		},
		"head": {
			"rotation": [14, 0, 0],
			"translation": [0, 16, 2.5],
			"scale": [2, 2, 2]
		},
		"fixed": {
			"rotation": [-90, 0, 0],
			"translation": [0, 0, -7.75]
		}
	}
}