{
	"credit": "quiktori",
	"textures": {
		"0": "items/items/car3",
		"1": "items/items/panel_status",
		"2": "items/items/wheels",
		"3": "items/items/headlights",
		"particle": "items/items/car3"
	},
	"elements": [
		{
			"from": [-1.25, -3.04493, -14.2207],
			"to": [17.20313, 1.89452, 28.14844],
			"rotation": {"angle": 0, "axis": "y", "origin": [9.10352, 8.05077, 33.09961]},
			"faces": {
				"north": {"uv": [0, 6, 2.25, 6.625], "texture": "#0"},
				"east": {"uv": [7.25, 5.125, 12.5, 5.75], "texture": "#0"},
				"south": {"uv": [0, 6.625, 2.25, 7.25], "texture": "#0"},
				"west": {"uv": [7.25, 5.75, 12.5, 6.375], "texture": "#0"},
				"up": {"uv": [2.25, 5.25, 0, 0], "texture": "#0"},
				"down": {"uv": [4.5, 2.25, 2.25, 7.5], "texture": "#0"}
			}
		},
		{
			"from": [-3, -3.06446, 28.08789],
			"to": [19.03125, 8.72265, 31.14844],
			"rotation": {"angle": 0, "axis": "y", "origin": [7.75, 11.05077, 26.14844]},
			"faces": {
				"north": {"uv": [4.5, 2.75, 7.25, 4.25], "texture": "#0"},
				"east": {"uv": [5.5, 10, 5.125, 11.5], "texture": "#0"},
				"south": {"uv": [0, 6.54545, 16, 15.27273], "texture": "#3"},
				"west": {"uv": [5.125, 10, 5.5, 11.5], "texture": "#0"},
				"up": {"uv": [10.5, 9.75, 7.75, 9.375], "texture": "#0"},
				"down": {"uv": [2.75, 9.625, 0, 10], "texture": "#0"}
			}
		},
		{
			"from": [-3, -2.88282, -15.89062],
			"to": [19.125, 1.7793, -14.20508],
			"rotation": {"angle": 0, "axis": "y", "origin": [7.75, 11.23242, -17.83008]},
			"faces": {
				"north": {"uv": [0, 9, 2.75, 9.625], "texture": "#0"},
				"east": {"uv": [4.375, 11.625, 4.125, 12.25], "texture": "#0"},
				"south": {"uv": [2.75, 9.375, 5.5, 10], "texture": "#0"},
				"west": {"uv": [4.125, 11.625, 4.375, 12.25], "texture": "#0"},
				"up": {"uv": [7.25, 4.5, 4.5, 4.25], "texture": "#0"},
				"down": {"uv": [11.5, 9.75, 8.75, 10], "texture": "#0"}
			}
		},
		{
			"from": [-3, 1.7793, -15.89062],
			"to": [19.125, 8.72265, -6.35937],
			"rotation": {"angle": 0, "axis": "y", "origin": [9, 8, -8]},
			"faces": {
				"north": {"uv": [0, 0, 16, 5.09091], "texture": "#3"},
				"east": {"uv": [6.75, 9.375, 5.5, 10.25], "texture": "#0"},
				"south": {"uv": [0, 7.5, 2.75, 8.375], "texture": "#0"},
				"west": {"uv": [5.5, 9.375, 6.75, 10.25], "texture": "#0"},
				"up": {"uv": [10, 3.875, 7.25, 2.625], "texture": "#0"},
				"down": {"uv": [10, 3.875, 7.25, 5.125], "texture": "#0"}
			}
		},
		{
			"from": [-3, -3.13866, -6.33007],
			"to": [-1.25, 1.875, 19.79297],
			"rotation": {"angle": 0, "axis": "y", "origin": [2.375, 4.65235, -0.52148]},
			"faces": {
				"north": {"uv": [5.5, 11.625, 5.75, 12.25], "texture": "#0"},
				"east": {"uv": [7.25, 8.125, 10.5, 8.75], "texture": "#0"},
				"south": {"uv": [5.75, 11.625, 6, 12.25], "texture": "#0"},
				"west": {"uv": [0, 8.375, 3.25, 9], "texture": "#0"},
				"up": {"uv": [8, 13, 7.75, 9.75], "texture": "#0"},
				"down": {"uv": [8.25, 9.75, 8, 13], "texture": "#0"}
			}
		},
		{
			"from": [17.25, -3.20507, -6.35937],
			"to": [19, 1.80859, 19.76367],
			"rotation": {"angle": 0, "axis": "y", "origin": [22.625, 4.58594, -0.55078]},
			"faces": {
				"north": {"uv": [6, 11.625, 6.25, 12.25], "texture": "#0"},
				"east": {"uv": [3.25, 8.375, 0, 9], "texture": "#0"},
				"south": {"uv": [8.75, 11.625, 9, 12.25], "texture": "#0"},
				"west": {"uv": [6.5, 8.75, 9.75, 9.375], "texture": "#0"},
				"up": {"uv": [8.5, 13, 8.25, 9.75], "texture": "#0"},
				"down": {"uv": [8.75, 9.75, 8.5, 13], "texture": "#0"}
			}
		},
		{
			"from": [17.375, -5.8496, 20.39063],
			"to": [18.875, 1.1504, 27.39063],
			"rotation": {"angle": 0, "axis": "y", "origin": [21.75, 3.94141, 8.44922]},
			"faces": {
				"north": {"uv": [7, 0, 9, 7], "texture": "#2"},
				"east": {"uv": [0, 0, 7, 7], "texture": "#2"},
				"south": {"uv": [9, 0, 11, 7], "texture": "#2"},
				"west": {"uv": [0, 0, 7, 7], "texture": "#2"},
				"up": {"uv": [11, 7, 9, 0], "texture": "#2"},
				"down": {"uv": [9, 0, 7, 7], "texture": "#2"}
			}
		},
		{
			"from": [-2.875, -5.8496, 20.39063],
			"to": [-1.375, 1.1504, 27.39063],
			"rotation": {"angle": 0, "axis": "y", "origin": [1.5, 3.94141, 8.44922]},
			"faces": {
				"north": {"uv": [7, 0, 9, 7], "texture": "#2"},
				"east": {"uv": [0, 0, 7, 7], "texture": "#2"},
				"south": {"uv": [9, 0, 11, 7], "texture": "#2"},
				"west": {"uv": [0, 0, 7, 7], "texture": "#2"},
				"up": {"uv": [11, 7, 9, 0], "texture": "#2"},
				"down": {"uv": [9, 0, 7, 7], "texture": "#2"}
			}
		},
		{
			"from": [17.375, -5.8496, -13.73437],
			"to": [18.875, 1.1504, -6.73437],
			"rotation": {"angle": 0, "axis": "y", "origin": [21.75, 3.94141, -25.67578]},
			"faces": {
				"north": {"uv": [7, 0, 9, 7], "texture": "#2"},
				"east": {"uv": [0, 0, 7, 7], "texture": "#2"},
				"south": {"uv": [9, 0, 11, 7], "texture": "#2"},
				"west": {"uv": [0, 0, 7, 7], "texture": "#2"},
				"up": {"uv": [11, 7, 9, 0], "texture": "#2"},
				"down": {"uv": [9, 0, 7, 7], "texture": "#2"}
			}
		},
		{
			"from": [-2.875, -5.8496, -13.73437],
			"to": [-1.375, 1.1504, -6.73437],
			"rotation": {"angle": 0, "axis": "y", "origin": [1.5, 3.94141, -25.67578]},
			"faces": {
				"north": {"uv": [7, 0, 9, 7], "texture": "#2"},
				"east": {"uv": [0, 0, 7, 7], "texture": "#2"},
				"south": {"uv": [9, 0, 11, 7], "texture": "#2"},
				"west": {"uv": [0, 0, 7, 7], "texture": "#2"},
				"up": {"uv": [11, 7, 9, 0], "texture": "#2"},
				"down": {"uv": [9, 0, 7, 7], "texture": "#2"}
			}
		},
		{
			"from": [-3, 1.80859, -6.35937],
			"to": [-1.19141, 8.72265, 28.08789],
			"rotation": {"angle": 0, "axis": "y", "origin": [2.625, 8, -3.00411]},
			"faces": {
				"north": {"uv": [11.5, 0.875, 11.75, 1.75], "texture": "#0"},
				"east": {"uv": [7.25, 7.25, 11.5, 8.125], "texture": "#0"},
				"south": {"uv": [11.5, 1.75, 11.75, 2.625], "texture": "#0"},
				"west": {"uv": [7.25, 0, 11.5, 0.875], "texture": "#0"},
				"up": {"uv": [7, 13.625, 6.75, 9.375], "texture": "#0"},
				"down": {"uv": [7.25, 9.375, 7, 13.625], "texture": "#0"}
			}
		},
		{
			"from": [17, 1.80859, -6.35937],
			"to": [19, 8.72265, 28.08789],
			"rotation": {"angle": 0, "axis": "y", "origin": [20.625, 8, -3.00411]},
			"faces": {
				"north": {"uv": [11.5, 6.375, 11.75, 7.25], "texture": "#0"},
				"east": {"uv": [11.5, 0, 7.25, 0.875], "texture": "#0"},
				"south": {"uv": [11.5, 7.25, 11.75, 8.125], "texture": "#0"},
				"west": {"uv": [11.5, 7.25, 7.25, 8.125], "texture": "#0"},
				"up": {"uv": [7.5, 13.625, 7.25, 9.375], "texture": "#0"},
				"down": {"uv": [7.75, 9.375, 7.5, 13.625], "texture": "#0"}
			}
		},
		{
			"from": [-0.625, 7.02539, -1.625],
			"to": [5, 12.2832, -1.625],
			"rotation": {"angle": -22.5, "axis": "x", "origin": [8, 14.52539, 4.875]},
			"faces": {
				"north": {"uv": [10, 6.375, 10.75, 7], "texture": "#0"},
				"east": {"uv": [10, 6.375, 10.75, 7], "texture": "#0"},
				"south": {"uv": [10, 6.375, 10.75, 7], "texture": "#0"},
				"west": {"uv": [10, 6.375, 10.75, 7], "texture": "#0"},
				"up": {"uv": [10, 6.375, 10.75, 7], "texture": "#0"},
				"down": {"uv": [10, 6.375, 10.75, 7], "texture": "#0"}
			}
		},
		{
			"from": [1.59961, 9.04101, -12.25],
			"to": [2.76172, 10.24609, -2.42578],
			"rotation": {"angle": -22.5, "axis": "x", "origin": [9.47461, 16.24414, 4.625]},
			"faces": {
				"north": {"uv": [3.875, 8.375, 4, 8.5], "texture": "#0"},
				"east": {"uv": [12.125, 4.625, 12.625, 4.75], "texture": "#0"},
				"south": {"uv": [11, 10.75, 11.125, 10.875], "texture": "#0"},
				"west": {"uv": [12.125, 6.625, 12.625, 6.75], "texture": "#0"},
				"up": {"uv": [11.125, 10.75, 11, 10.25], "texture": "#0"},
				"down": {"uv": [10.875, 12, 10.75, 12.5], "texture": "#0"}
			}
		},
		{
			"from": [10.82813, 6.5371, -6.35937],
			"to": [17, 8.72265, -2.57422],
			"rotation": {"angle": 0, "axis": "y", "origin": [21, 13.89062, -8.19922]},
			"faces": {
				"north": {"uv": [10.75, 4.375, 11.5, 4.625], "texture": "#0"},
				"east": {"uv": [1.25, 11.75, 1.75, 12], "texture": "#0"},
				"south": {"uv": [10.75, 6.375, 11.5, 6.625], "texture": "#0"},
				"west": {"uv": [11.75, 11.75, 12.25, 12], "texture": "#0"},
				"up": {"uv": [2.25, 10.75, 1.5, 10.25], "texture": "#0"},
				"down": {"uv": [3, 10.25, 2.25, 10.75], "texture": "#0"}
			}
		},
		{
			"from": [4.95313, 4.5371, -6.35937],
			"to": [10.82031, 8.72265, -2.57422],
			"rotation": {"angle": 0, "axis": "y", "origin": [15.125, 13.89062, -8.19922]},
			"faces": {
				"north": {"uv": [3, 10.25, 3.75, 10.75], "texture": "#0"},
				"east": {"uv": [4, 7.5, 4.5, 8], "texture": "#0"},
				"south": {"uv": [0, 5.33333, 16, 16], "texture": "#1"},
				"west": {"uv": [4, 8, 4.5, 8.5], "texture": "#0"},
				"up": {"uv": [6.25, 10.75, 5.5, 10.25], "texture": "#0"},
				"down": {"uv": [9.5, 10.25, 8.75, 10.75], "texture": "#0"}
			}
		},
		{
			"from": [-1.17187, 6.5371, -6.35937],
			"to": [5, 8.72265, -2.57422],
			"rotation": {"angle": 0, "axis": "y", "origin": [9, 13.89062, -8.19922]},
			"faces": {
				"north": {"uv": [10.5, 9.5, 11.25, 9.75], "texture": "#0"},
				"east": {"uv": [3.875, 8.5, 4.375, 8.75], "texture": "#0"},
				"south": {"uv": [10.75, 4.125, 11.5, 4.375], "texture": "#0"},
				"west": {"uv": [0.75, 11.75, 1.25, 12], "texture": "#0"},
				"up": {"uv": [0.75, 10.75, 0, 10.25], "texture": "#0"},
				"down": {"uv": [1.5, 10.25, 0.75, 10.75], "texture": "#0"}
			}
		},
		{
			"from": [8.5, 2, 3.66797],
			"to": [16.875, 2.73242, 10.15235],
			"rotation": {"angle": 0, "axis": "y", "origin": [3.875, 8.16016, 7.90235]},
			"faces": {
				"north": {"uv": [0, 7.25, 2.25, 7.5], "texture": "#0"},
				"east": {"uv": [10.75, 6.625, 11.5, 6.875], "texture": "#0"},
				"south": {"uv": [10, 3.375, 12.25, 3.625], "texture": "#0"},
				"west": {"uv": [11.25, 9.5, 12, 9.75], "texture": "#0"},
				"up": {"uv": [4.5, 0.75, 2.25, 0], "texture": "#0"},
				"down": {"uv": [4.5, 0.75, 2.25, 1.5], "texture": "#0"}
			}
		},
		{
			"from": [-1.125, 2, 3.66797],
			"to": [7.25, 2.73242, 10.15235],
			"rotation": {"angle": 0, "axis": "y", "origin": [-5.75, 8.16016, 7.90235]},
			"faces": {
				"north": {"uv": [0, 7.25, 2.25, 7.5], "texture": "#0"},
				"east": {"uv": [10.75, 6.625, 11.5, 6.875], "texture": "#0"},
				"south": {"uv": [10, 3.375, 12.25, 3.625], "texture": "#0"},
				"west": {"uv": [11.25, 9.5, 12, 9.75], "texture": "#0"},
				"up": {"uv": [4.5, 0.75, 2.25, 0], "texture": "#0"},
				"down": {"uv": [4.5, 0.75, 2.25, 1.5], "texture": "#0"}
			}
		},
		{
			"from": [-1.125, 2, 10.16797],
			"to": [7.25, 12.10742, 11.65235],
			"rotation": {"angle": 0, "axis": "y", "origin": [-5.75, 8.16016, 14.40235]},
			"faces": {
				"north": {"uv": [0, 7.25, 2.25, 7.5], "texture": "#0"},
				"east": {"uv": [10.75, 6.625, 11.5, 6.875], "texture": "#0"},
				"south": {"uv": [10, 3.375, 12.25, 3.625], "texture": "#0"},
				"west": {"uv": [11.25, 9.5, 12, 9.75], "texture": "#0"},
				"up": {"uv": [4.5, 0.75, 2.25, 0], "texture": "#0"},
				"down": {"uv": [4.5, 0.75, 2.25, 1.5], "texture": "#0"}
			}
		},
		{
			"from": [8.5, 2, 10.16797],
			"to": [16.875, 12.10742, 11.65235],
			"rotation": {"angle": 0, "axis": "y", "origin": [3.875, 8.16016, 14.40235]},
			"faces": {
				"north": {"uv": [0, 7.25, 2.25, 7.5], "texture": "#0"},
				"east": {"uv": [10.75, 6.625, 11.5, 6.875], "texture": "#0"},
				"south": {"uv": [10, 3.375, 12.25, 3.625], "texture": "#0"},
				"west": {"uv": [11.25, 9.5, 12, 9.75], "texture": "#0"},
				"up": {"uv": [4.5, 0.75, 2.25, 0], "texture": "#0"},
				"down": {"uv": [4.5, 0.75, 2.25, 1.5], "texture": "#0"}
			}
		},
		{
			"from": [-1.5, 2, 22.03711],
			"to": [16.875, 4.10742, 26.64649],
			"rotation": {"angle": 0, "axis": "y", "origin": [3.875, 8.16016, 24.39649]},
			"faces": {
				"north": {"uv": [0, 7.25, 2.25, 7.5], "texture": "#0"},
				"east": {"uv": [10.75, 6.625, 11.5, 6.875], "texture": "#0"},
				"south": {"uv": [10, 3.375, 12.25, 3.625], "texture": "#0"},
				"west": {"uv": [11.25, 9.5, 12, 9.75], "texture": "#0"},
				"up": {"uv": [4.5, 0.75, 2.25, 0], "texture": "#0"},
				"down": {"uv": [4.5, 0.75, 2.25, 1.5], "texture": "#0"}
			}
		},
		{
			"from": [-1.5, 2, 26.66211],
			"to": [16.875, 8.60742, 28.14649],
			"rotation": {"angle": 0, "axis": "y", "origin": [3.875, 8.16016, 30.89649]},
			"faces": {
				"north": {"uv": [0, 7.25, 2.25, 7.5], "texture": "#0"},
				"east": {"uv": [10.75, 6.625, 11.5, 6.875], "texture": "#0"},
				"south": {"uv": [10, 3.375, 12.25, 3.625], "texture": "#0"},
				"west": {"uv": [11.25, 9.5, 12, 9.75], "texture": "#0"},
				"up": {"uv": [4.5, 0.75, 2.25, 0], "texture": "#0"},
				"down": {"uv": [4.5, 0.75, 2.25, 1.5], "texture": "#0"}
			}
		},
		{
			"from": [-0.02539, 2.13281, -6.375],
			"to": [1.13672, 2.46289, -4.30078],
			"rotation": {"angle": 0, "axis": "y", "origin": [7.84961, 9.33594, 5.125]},
			"faces": {
				"north": {"uv": [11.375, 4.625, 11.5, 4.75], "texture": "#0"},
				"east": {"uv": [11, 10.875, 11.25, 11], "texture": "#0"},
				"south": {"uv": [11.375, 6.875, 11.5, 7], "texture": "#0"},
				"west": {"uv": [11.25, 11.125, 11.5, 11.25], "texture": "#0"},
				"up": {"uv": [4.5, 8.75, 4.375, 8.5], "texture": "#0"},
				"down": {"uv": [11.625, 9.75, 11.5, 10], "texture": "#0"}
			}
		},
		{
			"from": [1.47461, 2.13281, -6.375],
			"to": [2.63672, 2.46289, -4.30078],
			"rotation": {"angle": 0, "axis": "y", "origin": [9.34961, 9.33594, 5.125]},
			"faces": {
				"north": {"uv": [12.25, 2.375, 12.375, 2.5], "texture": "#0"},
				"east": {"uv": [12.125, 10.75, 12.375, 10.875], "texture": "#0"},
				"south": {"uv": [1.625, 12.375, 1.75, 12.5], "texture": "#0"},
				"west": {"uv": [12.125, 11.625, 12.375, 11.75], "texture": "#0"},
				"up": {"uv": [6.125, 12.5, 6, 12.25], "texture": "#0"},
				"down": {"uv": [6.25, 12.25, 6.125, 12.5], "texture": "#0"}
			}
		},
		{
			"from": [3.09961, 2.13281, -6.375],
			"to": [4.26172, 2.46289, -4.30078],
			"rotation": {"angle": 0, "axis": "y", "origin": [10.97461, 9.33594, 5.125]},
			"faces": {
				"north": {"uv": [1.75, 12.375, 1.875, 12.5], "texture": "#0"},
				"east": {"uv": [8.75, 12.25, 9, 12.375], "texture": "#0"},
				"south": {"uv": [1.875, 12.375, 2, 12.5], "texture": "#0"},
				"west": {"uv": [9, 12.25, 9.25, 12.375], "texture": "#0"},
				"up": {"uv": [9.375, 12.5, 9.25, 12.25], "texture": "#0"},
				"down": {"uv": [9.5, 12.25, 9.375, 12.5], "texture": "#0"}
			}
		},
		{
			"from": [17.25, 1.48047, 19.9043],
			"to": [19.125, 1.48047, 27.98633],
			"rotation": {"angle": 0, "axis": "y", "origin": [21, 3.75782, 6.23633]},
			"faces": {
				"north": {"uv": [0, 0, 0.25, 0], "texture": "#0"},
				"east": {"uv": [0, 0, 1, 0], "texture": "#0"},
				"south": {"uv": [0, 0, 0.25, 0], "texture": "#0"},
				"west": {"uv": [0, 0, 1, 0], "texture": "#0"},
				"up": {"uv": [6.75, 11.25, 6.5, 10.25], "texture": "#0"},
				"down": {"uv": [0.25, 10.75, 0, 11.75], "texture": "#0"}
			}
		},
		{
			"from": [-2.96094, 1.48047, 19.9043],
			"to": [-1.08594, 1.48047, 27.98633],
			"rotation": {"angle": 0, "axis": "y", "origin": [0.78906, 3.75782, 6.23633]},
			"faces": {
				"north": {"uv": [0, 0, 0.25, 0], "texture": "#0"},
				"east": {"uv": [0, 0, 1, 0], "texture": "#0"},
				"south": {"uv": [0, 0, 0.25, 0], "texture": "#0"},
				"west": {"uv": [0, 0, 1, 0], "texture": "#0"},
				"up": {"uv": [0.5, 11.75, 0.25, 10.75], "texture": "#0"},
				"down": {"uv": [0.75, 10.75, 0.5, 11.75], "texture": "#0"}
			}
		},
		{
			"from": [17.25, 1.48047, -14.3457],
			"to": [19.125, 1.48047, -6.26367],
			"rotation": {"angle": 0, "axis": "y", "origin": [21, 3.75782, -28.01367]},
			"faces": {
				"north": {"uv": [0, 0, 0.25, 0], "texture": "#0"},
				"east": {"uv": [0, 0, 1, 0], "texture": "#0"},
				"south": {"uv": [0, 0, 0.25, 0], "texture": "#0"},
				"west": {"uv": [0, 0, 1, 0], "texture": "#0"},
				"up": {"uv": [1, 11.75, 0.75, 10.75], "texture": "#0"},
				"down": {"uv": [1.25, 10.75, 1, 11.75], "texture": "#0"}
			}
		},
		{
			"from": [-2.96094, 1.48047, -14.3457],
			"to": [-1.08594, 1.48047, -6.26367],
			"rotation": {"angle": 0, "axis": "y", "origin": [0.78906, 3.75782, -28.01367]},
			"faces": {
				"north": {"uv": [0, 0, 0.25, 0], "texture": "#0"},
				"east": {"uv": [0, 0, 1, 0], "texture": "#0"},
				"south": {"uv": [0, 0, 0.25, 0], "texture": "#0"},
				"west": {"uv": [0, 0, 1, 0], "texture": "#0"},
				"up": {"uv": [1.5, 11.75, 1.25, 10.75], "texture": "#0"},
				"down": {"uv": [1.75, 10.75, 1.5, 11.75], "texture": "#0"}
			}
		},
		{
			"from": [12.13218, 9.75222, -5.32227],
			"to": [16.75523, 12.37331, -4.57227],
			"rotation": {"angle": -22.5, "axis": "y", "origin": [19.13218, 13.87722, 14.17773]},
			"faces": {
				"north": {"uv": [3.25, 8.375, 3.875, 8.75], "texture": "#0"},
				"east": {"uv": [3.125, 9, 3.25, 9.375], "texture": "#0"},
				"south": {"uv": [1.75, 10.75, 2.375, 11.125], "texture": "#0"},
				"west": {"uv": [4.375, 12.25, 4.5, 12.625], "texture": "#0"},
				"up": {"uv": [11.375, 4.75, 10.75, 4.625], "texture": "#0"},
				"down": {"uv": [11.375, 6.875, 10.75, 7], "texture": "#0"}
			}
		},
		{
			"from": [19.31578, 2.56472, -6.35937],
			"to": [19.93882, 4.8655, -5.60937],
			"shade": false,
			"rotation": {"angle": -45, "axis": "z", "origin": [26.31578, 6.68972, 13.14063]},
			"faces": {
				"north": {"uv": [12.25, 3.875, 12.375, 4.125], "texture": "#0"},
				"east": {"uv": [12.25, 4.125, 12.375, 4.375], "texture": "#0"},
				"south": {"uv": [12.25, 6.75, 12.375, 7], "texture": "#0"},
				"west": {"uv": [12.25, 7, 12.375, 7.25], "texture": "#0"},
				"up": {"uv": [6.625, 12.5, 6.5, 12.375], "texture": "#0"},
				"down": {"uv": [6.75, 12.375, 6.625, 12.5], "texture": "#0"}
			}
		},
		{
			"from": [-1.40791, 9.75972, -8.86031],
			"to": [3.21513, 12.38081, -8.11031],
			"shade": false,
			"rotation": {"angle": 22.5, "axis": "y", "origin": [5.59209, 13.88472, 10.63969]},
			"faces": {
				"north": {"uv": [2.375, 10.75, 3, 11.125], "texture": "#0"},
				"east": {"uv": [5.75, 12.25, 5.875, 12.625], "texture": "#0"},
				"south": {"uv": [3, 10.75, 3.625, 11.125], "texture": "#0"},
				"west": {"uv": [5.875, 12.25, 6, 12.625], "texture": "#0"},
				"up": {"uv": [12.5, 2.625, 11.875, 2.5], "texture": "#0"},
				"down": {"uv": [12.5, 8, 11.875, 8.125], "texture": "#0"}
			}
		},
		{
			"from": [-7.75333, 12.02366, -6.35937],
			"to": [-7.13029, 14.32445, -5.60937],
			"rotation": {"angle": 45, "axis": "z", "origin": [-0.75333, 16.14866, 13.14063]},
			"faces": {
				"north": {"uv": [12.25, 8.125, 12.375, 8.375], "texture": "#0"},
				"east": {"uv": [12.25, 9.5, 12.375, 9.75], "texture": "#0"},
				"south": {"uv": [12.25, 9.75, 12.375, 10], "texture": "#0"},
				"west": {"uv": [12.25, 10, 12.375, 10.25], "texture": "#0"},
				"up": {"uv": [8.875, 12.5, 8.75, 12.375], "texture": "#0"},
				"down": {"uv": [9, 12.375, 8.875, 12.5], "texture": "#0"}
			}
		},
		{
			"from": [-3, 16.08612, 2.11348],
			"to": [19.02539, 17.1955, 24.57442],
			"rotation": {"angle": 0, "axis": "y", "origin": [11.60547, 15.21112, 7.48653]},
			"faces": {
				"north": {"uv": [10.5, 8.375, 13.25, 8.5], "texture": "#0"},
				"east": {"uv": [10.5, 8.5, 13.25, 8.625], "texture": "#0"},
				"south": {"uv": [10.5, 8.625, 13.25, 8.75], "texture": "#0"},
				"west": {"uv": [10.5, 9.375, 13.25, 9.5], "texture": "#0"},
				"up": {"uv": [7.25, 7.25, 4.5, 4.5], "texture": "#0"},
				"down": {"uv": [7.25, 0, 4.5, 2.75], "texture": "#0"}
			}
		},
		{
			"from": [-2.97852, 9.08977, 24.49637],
			"to": [-2.38281, 18.24602, 25.85575],
			"rotation": {"angle": -22.5, "axis": "x", "origin": [-6.50781, 14.49993, 27.85575]},
			"faces": {
				"north": {"uv": [10.875, 11.625, 11, 12.75], "texture": "#0"},
				"east": {"uv": [11.625, 9.75, 11.75, 10.875], "texture": "#0"},
				"south": {"uv": [0, 11.75, 0.125, 12.875], "texture": "#0"},
				"west": {"uv": [0.125, 11.75, 0.25, 12.875], "texture": "#0"},
				"up": {"uv": [9.125, 12.5, 9, 12.375], "texture": "#0"},
				"down": {"uv": [9.25, 12.375, 9.125, 12.5], "texture": "#0"}
			}
		},
		{
			"from": [-3, 8.72265, 11.86913],
			"to": [-2.375, 16.08007, 12.90039],
			"rotation": {"angle": 0, "axis": "y", "origin": [-6.5, 14.13281, 14.95703]},
			"faces": {
				"north": {"uv": [11.75, 0, 11.875, 0.875], "texture": "#0"},
				"east": {"uv": [11.75, 0.875, 11.875, 1.75], "texture": "#0"},
				"south": {"uv": [11.75, 1.75, 11.875, 2.625], "texture": "#0"},
				"west": {"uv": [11.75, 6.375, 11.875, 7.25], "texture": "#0"},
				"up": {"uv": [9.625, 12.5, 9.5, 12.375], "texture": "#0"},
				"down": {"uv": [9.75, 12.375, 9.625, 12.5], "texture": "#0"}
			}
		},
		{
			"from": [-2.9707, 11.92277, -5.56853],
			"to": [-2.3457, 13.53215, 6.41389],
			"rotation": {"angle": -45, "axis": "x", "origin": [-6.4707, 10.17277, -0.15837]},
			"faces": {
				"north": {"uv": [12.25, 10.875, 12.375, 11.125], "texture": "#0"},
				"east": {"uv": [10, 7, 11.5, 7.25], "texture": "#0"},
				"south": {"uv": [12.25, 11.75, 12.375, 12], "texture": "#0"},
				"west": {"uv": [9.5, 10.25, 11, 10.5], "texture": "#0"},
				"up": {"uv": [4.5, 12.25, 4.375, 10.75], "texture": "#0"},
				"down": {"uv": [3.625, 11.125, 3.5, 12.625], "texture": "#0"}
			}
		},
		{
			"from": [18.44922, 11.92277, -5.56853],
			"to": [18.99219, 13.53215, 6.41389],
			"rotation": {"angle": -45, "axis": "x", "origin": [14.94922, 10.17277, -0.15837]},
			"faces": {
				"north": {"uv": [12.25, 12, 12.375, 12.25], "texture": "#0"},
				"east": {"uv": [9.5, 10.5, 11, 10.75], "texture": "#0"},
				"south": {"uv": [1.5, 12.375, 1.625, 12.625], "texture": "#0"},
				"west": {"uv": [10.5, 8.125, 12, 8.375], "texture": "#0"},
				"up": {"uv": [3.75, 13.125, 3.625, 11.625], "texture": "#0"},
				"down": {"uv": [3.875, 11.625, 3.75, 13.125], "texture": "#0"}
			}
		},
		{
			"from": [18.33008, 8.72265, 11.89453],
			"to": [18.95508, 16.08005, 12.89258],
			"rotation": {"angle": 0, "axis": "y", "origin": [14.83008, 14.13281, 15.08203]},
			"faces": {
				"north": {"uv": [11.75, 7.25, 11.875, 8.125], "texture": "#0"},
				"east": {"uv": [11.75, 9.75, 11.875, 10.625], "texture": "#0"},
				"south": {"uv": [11, 11.875, 11.125, 12.75], "texture": "#0"},
				"west": {"uv": [11.125, 11.875, 11.25, 12.75], "texture": "#0"},
				"up": {"uv": [9.875, 12.5, 9.75, 12.375], "texture": "#0"},
				"down": {"uv": [10, 12.375, 9.875, 12.5], "texture": "#0"}
			}
		},
		{
			"from": [18.49219, 9.08977, 24.49637],
			"to": [18.99414, 18.25188, 25.85575],
			"rotation": {"angle": -22.5, "axis": "x", "origin": [14.99219, 14.49993, 27.85575]},
			"faces": {
				"north": {"uv": [0.25, 11.75, 0.375, 12.875], "texture": "#0"},
				"east": {"uv": [0.375, 11.75, 0.5, 12.875], "texture": "#0"},
				"south": {"uv": [0.5, 11.75, 0.625, 12.875], "texture": "#0"},
				"west": {"uv": [0.625, 11.75, 0.75, 12.875], "texture": "#0"},
				"up": {"uv": [10.125, 12.5, 10, 12.375], "texture": "#0"},
				"down": {"uv": [10.25, 12.375, 10.125, 12.5], "texture": "#0"}
			}
		}
	],
	"display": {
		"head": {
			"translation": [19.5, 25.5, 3.5],
			"scale": [4, 4, 4]
		}
	},
	"groups": [
		{
			"name": "основа",
			"origin": [9, 13.90039, 0.75781],
			"children": [0, 1, 2, 3, 4, 5, 6, 7, 8, 9, 10, 11,
				{
					"name": "внутренности",
					"origin": [10.97461, 9.33594, 5.125],
					"children": [
						{
							"name": "руль",
							"origin": [9.47461, 18.11914, 4.625],
							"children": [12, 13]
						},
						{
							"name": "панель",
							"origin": [9, 13.89062, -8.19922],
							"children": [14, 15, 16]
						}, 17, 18, 19, 20, 21, 22,
						{
							"name": "педали",
							"origin": [10.97461, 9.33594, 5.125],
							"children": [23, 24, 25]
						}
					]
				}
			]
		},
		{
			"name": "ускорители",
			"origin": [2.50391, 4.50782, 5.11133],
			"children": [26, 27, 28, 29]
		},
		{
			"name": "боковые зеркала",
			"origin": [-0.85156, 16.46875, 28.625],
			"children": [30, 31, 32, 33]
		},
		{
			"name": "верх",
			"origin": [15, 14.48635, 30.85941],
			"children": [34, 35, 36, 37, 38, 39, 40]
		}
	]
}