{
	"credit": "quiktori",
	"textures": {
		"0": "blocks/cactus_top",
		"particle": "blocks/cactus_top"
	},
	"elements": [
		{
			"from": [-16, -16, -16],
			"to": [32, 32, 32],
			"faces": {
				"north": {"uv": [1, 1, 15, 15], "texture": "#0"},
				"east": {"uv": [1, 1, 15, 15], "texture": "#0"},
				"south": {"uv": [1, 1, 15, 15], "texture": "#0"},
				"west": {"uv": [1, 1, 15, 15], "texture": "#0"},
				"up": {"uv": [1, 1, 15, 15], "texture": "#0"},
				"down": {"uv": [1, 1, 15, 15], "texture": "#0"}
			}
		}
	],
	"display": {
		"thirdperson_righthand": {
			"translation": [0, 80, 80],
			"scale": [4, 4, 4]
		},
		"ground": {
			"translation": [0, 80, 0]
		},
		"gui": {
			"rotation": [0, -64, -30],
			"scale": [0.2, 0.2, 0.2]
		},
		"head": {
			"translation": [0, 80, 0],
			"scale": [4, 4, 4]
		}
	}
}