{
	"credit": "quiktori",
	"texture_size": [32, 32],
	"textures": {
		"0": "items/food/spoiled/toast_",
		"particle": "items/food/spoiled/toast_"
	},
	"elements": [
		{
			"from": [4, 0, 4],
			"to": [12, 0.5, 12],
			"rotation": {"angle": 0, "axis": "y", "origin": [15, 8, 16]},
			"faces": {
				"north": {"uv": [4, 3.5, 8, 4], "texture": "#0"},
				"east": {"uv": [4, 7.5, 8, 8], "texture": "#0"},
				"south": {"uv": [7.5, 0, 11.5, 0.5], "texture": "#0"},
				"west": {"uv": [7.5, 0.5, 11.5, 1], "texture": "#0"},
				"up": {"uv": [4, 4, 0, 0], "texture": "#0"},
				"down": {"uv": [4, 4, 0, 8], "texture": "#0"}
			}
		},
		{
			"from": [4.75, 0.5, 4.875],
			"to": [11.25, 0.5, 11.25],
			"rotation": {"angle": 0, "axis": "y", "origin": [14.875, 8.5, 16.25]},
			"faces": {
				"north": {"uv": [0, 0, 3.5, 0], "texture": "#0"},
				"east": {"uv": [0, 0, 3.5, 0], "texture": "#0"},
				"south": {"uv": [0, 0, 3.5, 0], "texture": "#0"},
				"west": {"uv": [0, 0, 3.5, 0], "texture": "#0"},
				"up": {"uv": [7.5, 7.5, 4, 4], "texture": "#0"},
				"down": {"uv": [7.5, 0, 4, 3.5], "texture": "#0"}
			}
		}
	],
	"display": {
		"thirdperson_righthand": {
			"rotation": [82, 0, 0],
			"translation": [0, 3.25, 5.25],
			"scale": [0.7, 0.7, 0.7]
		},
		"thirdperson_lefthand": {
			"rotation": [93, 0, 0],
			"translation": [0, 2.25, 5.75],
			"scale": [0.7, 0.7, 0.7]
		},
		"firstperson_righthand": {
			"rotation": [65, -10, 21],
			"translation": [-1.25, 5, 5.75]
		},
		"firstperson_lefthand": {
			"rotation": [74, 10, 23],
			"translation": [3.75, 1.25, 2.5]
		},
		"ground": {
			"translation": [0, 4.25, 0]
		},
		"gui": {
			"rotation": [58, -56, -2],
			"translation": [0, 7.75, 0],
			"scale": [2, 2, 2]
		},
		"head": {
			"rotation": [90, 0, 0],
			"translation": [-3.25, -4, 9.5],
			"scale": [1, 2.15, 1]
		},
		"fixed": {
			"rotation": [0, -28, 0],
			"translation": [0, 32, 17.75],
			"scale": [2, 2, 2]
		}
	}
}