{
	"credit": "quiktori",
	"textures": {
		"1": "items/hats/naruto",
		"3": "items/hats/capca",
		"particle": "items/hats/naruto"
	},
	"elements": [
		{
			"from": [13.5, 0, 4],
			"to": [14, 12, 14],
			"rotation": {"angle": 0, "axis": "y", "origin": [10, 8, 8]},
			"faces": {
				"north": {"uv": [0.75, 8.75, 6.75, 14], "texture": "#3"},
				"east": {"uv": [0.75, 8.75, 6.75, 14], "texture": "#3"},
				"south": {"uv": [0.75, 8.75, 6.75, 14], "texture": "#3"},
				"west": {"uv": [0.75, 8.75, 6.75, 14], "texture": "#3"},
				"up": {"uv": [0.75, 8.75, 6.75, 14], "texture": "#3"},
				"down": {"uv": [0.75, 8.75, 6.75, 14], "texture": "#3"}
			}
		},
		{
			"from": [2.5, 0, 4],
			"to": [13.5, 0.6, 14],
			"rotation": {"angle": 0, "axis": "y", "origin": [7.7, 8, 8]},
			"faces": {
				"north": {"uv": [0.75, 8.75, 6.75, 14], "texture": "#3"},
				"east": {"uv": [0.75, 8.75, 6.75, 14], "texture": "#3"},
				"south": {"uv": [0.75, 8.75, 6.75, 14], "texture": "#3"},
				"west": {"uv": [0.75, 8.75, 6.75, 14], "texture": "#3"},
				"up": {"uv": [0.75, 8.75, 6.75, 14], "texture": "#3"},
				"down": {"uv": [0.75, 8.75, 6.75, 14], "texture": "#3"}
			}
		},
		{
			"from": [2.5, 0.6, 13.5],
			"to": [13.5, 11.4, 14],
			"rotation": {"angle": 0, "axis": "y", "origin": [7.7, 8, 8]},
			"faces": {
				"north": {"uv": [0.75, 8.75, 6.75, 14], "texture": "#3"},
				"east": {"uv": [0.75, 8.75, 6.75, 14], "texture": "#3"},
				"south": {"uv": [0.75, 8.75, 6.75, 14], "texture": "#3"},
				"west": {"uv": [0.75, 8.75, 6.75, 14], "texture": "#3"},
				"up": {"uv": [0.75, 8.75, 6.75, 14], "texture": "#3"},
				"down": {"uv": [0.75, 8.75, 6.75, 14], "texture": "#3"}
			}
		},
		{
			"from": [2.5, 11.4, 4],
			"to": [13.5, 12, 14],
			"rotation": {"angle": 0, "axis": "y", "origin": [7.7, 19.4, 8]},
			"faces": {
				"north": {"uv": [0.75, 8.75, 6.75, 14], "texture": "#3"},
				"east": {"uv": [0.75, 8.75, 6.75, 14], "texture": "#3"},
				"south": {"uv": [0.75, 8.75, 6.75, 14], "texture": "#3"},
				"west": {"uv": [0.75, 8.75, 6.75, 14], "texture": "#3"},
				"up": {"uv": [0.75, 8.75, 6.75, 14], "texture": "#3"},
				"down": {"uv": [0.75, 8.75, 6.75, 14], "texture": "#3"}
			}
		},
		{
			"from": [2, 0, 4],
			"to": [2.5, 12, 14],
			"rotation": {"angle": 0, "axis": "y", "origin": [-1.5, 8, 8]},
			"faces": {
				"north": {"uv": [0.75, 8.75, 6.75, 14], "texture": "#3"},
				"east": {"uv": [0.75, 8.75, 6.75, 14], "texture": "#3"},
				"south": {"uv": [0.75, 8.75, 6.75, 14], "texture": "#3"},
				"west": {"uv": [0.75, 8.75, 6.75, 14], "texture": "#3"},
				"up": {"uv": [0.75, 8.75, 6.75, 14], "texture": "#3"},
				"down": {"uv": [0.75, 8.75, 6.75, 14], "texture": "#3"}
			}
		},
		{
			"from": [2, 0, 1.5],
			"to": [2.5, 12, 4],
			"rotation": {"angle": 0, "axis": "y", "origin": [10, 8, 9]},
			"faces": {
				"north": {"uv": [2.75, 1.5, 3.75, 2.5], "texture": "#1"},
				"east": {"uv": [2.75, 1.5, 3.75, 2.5], "texture": "#1"},
				"south": {"uv": [2.75, 1.5, 3.75, 2.5], "texture": "#1"},
				"west": {"uv": [2.75, 1.5, 3.75, 2.5], "texture": "#1"},
				"up": {"uv": [2.75, 1.5, 3.75, 2.5], "texture": "#1"},
				"down": {"uv": [2.75, 1.5, 3.75, 2.5], "texture": "#1"}
			}
		},
		{
			"from": [13.5, 0, 1.5],
			"to": [14, 12, 4],
			"rotation": {"angle": 0, "axis": "y", "origin": [21.5, 8, 9]},
			"faces": {
				"north": {"uv": [2.75, 1.5, 3.75, 2.5], "texture": "#1"},
				"east": {"uv": [2.75, 1.5, 3.75, 2.5], "texture": "#1"},
				"south": {"uv": [2.75, 1.5, 3.75, 2.5], "texture": "#1"},
				"west": {"uv": [2.75, 1.5, 3.75, 2.5], "texture": "#1"},
				"up": {"uv": [2.75, 1.5, 3.75, 2.5], "texture": "#1"},
				"down": {"uv": [2.75, 1.5, 3.75, 2.5], "texture": "#1"}
			}
		},
		{
			"from": [2.5, 11.5, 1.5],
			"to": [13.5, 12, 4],
			"rotation": {"angle": 0, "axis": "y", "origin": [21, 8, 9]},
			"faces": {
				"north": {"uv": [2.75, 1.5, 3.75, 2.5], "texture": "#1"},
				"east": {"uv": [2.75, 1.5, 3.75, 2.5], "texture": "#1"},
				"south": {"uv": [2.75, 1.5, 3.75, 2.5], "texture": "#1"},
				"west": {"uv": [2.75, 1.5, 3.75, 2.5], "texture": "#1"},
				"up": {"uv": [2.75, 1.5, 3.75, 2.5], "texture": "#1"},
				"down": {"uv": [2.75, 1.5, 3.75, 2.5], "texture": "#1"}
			}
		},
		{
			"from": [2.5, 0, 1.5],
			"to": [13.5, 0.5, 4],
			"rotation": {"angle": 0, "axis": "y", "origin": [21, -3.5, 9]},
			"faces": {
				"north": {"uv": [2.75, 1.5, 3.75, 2.5], "texture": "#1"},
				"east": {"uv": [2.75, 1.5, 3.75, 2.5], "texture": "#1"},
				"south": {"uv": [2.75, 1.5, 3.75, 2.5], "texture": "#1"},
				"west": {"uv": [2.75, 1.5, 3.75, 2.5], "texture": "#1"},
				"up": {"uv": [2.75, 1.5, 3.75, 2.5], "texture": "#1"},
				"down": {"uv": [2.75, 1.5, 3.75, 2.5], "texture": "#1"}
			}
		},
		{
			"from": [2.5, 0.5, 2.5],
			"to": [13.5, 11.5, 2.6],
			"rotation": {"angle": 0, "axis": "y", "origin": [20.5, 8.5, 10.5]},
			"faces": {
				"north": {"uv": [0, 15, 4.75, 16], "texture": "#1"},
				"east": {"uv": [4, 4, 13, 13], "texture": "#missing"},
				"south": {"uv": [4, 4, 13, 13], "texture": "#missing"},
				"west": {"uv": [4, 4, 13, 13], "texture": "#missing"},
				"up": {"uv": [4, 4, 13, 13], "texture": "#missing"},
				"down": {"uv": [4, 4, 13, 13], "texture": "#missing"}
			}
		}
	],
	"display": {
		"thirdperson_lefthand": {
			"rotation": [69, 0, 0],
			"translation": [-5.5, 1.25, 16.75],
			"scale": [0.94, 0.87, 0.86]
		}
	}
}