{
	"credit": "quiktori",
	"textures": {
		"lionfish0": "items/hats/screamfish"
	},
	"elements": [
		{
			"name": "body0",
			"from": [6, 4.2, 6],
			"to": [10, 6.2, 10],
			"rotation": {"angle": 0, "axis": "y", "origin": [8, 8, 13]},
			"faces": {
				"north": {"uv": [12.5, 4, 13, 6], "texture": "#lionfish0"},
				"east": {"uv": [11, 1, 15, 3], "texture": "#lionfish0"},
				"south": {"uv": [13.5, 3, 14, 5], "texture": "#lionfish0"},
				"west": {"uv": [11, 2.5, 15, 4.5], "texture": "#lionfish0"},
				"up": {"uv": [11, 2, 15, 6], "texture": "#lionfish0"},
				"down": {"uv": [13, 2, 14.5, 6], "texture": "#lionfish0", "cullface": "down"}
			}
		},
		{
			"name": "body1",
			"from": [6.5, 3.7, 5],
			"to": [9.5, 7.7, 11],
			"rotation": {"angle": 0, "axis": "y", "origin": [8, 8, 13]},
			"faces": {
				"north": {"uv": [0, 0, 3, 4], "texture": "#lionfish0"},
				"east": {"uv": [10, 0, 16, 4], "rotation": 180, "texture": "#lionfish0"},
				"south": {"uv": [0, 0, 3, 4.5], "texture": "#lionfish0"},
				"west": {"uv": [10, 0, 16, 4], "texture": "#lionfish0"},
				"up": {"uv": [10, 4, 16, 7], "rotation": 90, "texture": "#lionfish0"},
				"down": {"uv": [13, 0.5, 16, 6.5], "texture": "#lionfish0", "cullface": "down"}
			}
		},
		{
			"name": "body2",
			"from": [6.75, 4.2, 4],
			"to": [9.25, 6.7, 5],
			"faces": {
				"north": {"uv": [0, 4.5, 2.5, 7], "texture": "#lionfish0"},
				"east": {"uv": [2.5, 4.5, 3.5, 7], "texture": "#lionfish0"},
				"west": {"uv": [4, 2.5, 5, 5], "texture": "#lionfish0"},
				"up": {"uv": [5, 2.5, 6, 5], "rotation": 90, "texture": "#lionfish0"},
				"down": {"uv": [3.5, 4.5, 4.5, 7], "rotation": 270, "texture": "#lionfish0", "cullface": "down"}
			}
		},
		{
			"name": "body3",
			"from": [7.5, 4.2, 11],
			"to": [8.5, 6.7, 13],
			"faces": {
				"east": {"uv": [12, 2.155, 14, 4.905], "texture": "#lionfish0"},
				"south": {"uv": [10, 2.155, 11, 4.905], "texture": "#lionfish0"},
				"west": {"uv": [11.5, 2.155, 13.5, 4.905], "texture": "#lionfish0"},
				"up": {"uv": [10, 1, 11, 3], "texture": "#lionfish0"},
				"down": {"uv": [10, 2.5, 11, 4.5], "texture": "#lionfish0", "cullface": "down"}
			}
		},
		{
			"name": "leg0",
			"from": [6.25, 6.88029, 4.91727],
			"to": [9.75, 8.88029, 4.91727],
			"rotation": {"angle": -22.5, "axis": "x", "origin": [8, 4.5, 5]},
			"faces": {
				"north": {"uv": [6.5, 0, 10, 2], "texture": "#lionfish0"},
				"south": {"uv": [6.5, 0, 10, 2], "texture": "#lionfish0"}
			}
		},
		{
			"name": "leg1",
			"from": [9.10727, 7.28029, 5.5],
			"to": [9.10727, 8.78029, 10.5],
			"rotation": {"angle": 22.5, "axis": "z", "origin": [7.75, 4.5, 8]},
			"faces": {
				"east": {"uv": [11, 13.5, 16, 15], "texture": "#lionfish0"},
				"west": {"uv": [11, 12, 16, 13.5], "texture": "#lionfish0"}
			}
		},
		{
			"name": "leg2",
			"from": [6.89273, 7.28029, 5.5],
			"to": [6.89273, 8.78029, 10.5],
			"rotation": {"angle": -22.5, "axis": "z", "origin": [8.25, 4.5, 8]},
			"faces": {
				"east": {"uv": [11, 13.5, 16, 15], "texture": "#lionfish0"},
				"west": {"uv": [11, 12, 16, 13.5], "texture": "#lionfish0"}
			}
		},
		{
			"name": "leg3",
			"from": [8, 7.7, 5],
			"to": [8, 10.2, 11],
			"faces": {
				"east": {"uv": [10, 9.5, 16, 12], "texture": "#lionfish0"},
				"west": {"uv": [10, 7, 16, 9.5], "texture": "#lionfish0"}
			}
		},
		{
			"name": "leg4",
			"from": [5.23982, 5.19484, 5.5],
			"to": [7.73982, 5.19484, 10.5],
			"rotation": {"angle": 22.5, "axis": "z", "origin": [5.13255, 2.56455, 8]},
			"faces": {
				"up": {"uv": [0, 9.5, 5, 12], "rotation": 270, "texture": "#lionfish0"},
				"down": {"uv": [0, 7, 5, 9.5], "rotation": 270, "texture": "#lionfish0"}
			}
		},
		{
			"name": "leg5",
			"from": [8.27734, 5.2047, 5.5],
			"to": [10.77734, 5.2047, 10.5],
			"rotation": {"angle": -22.5, "axis": "z", "origin": [10.88461, 2.57441, 8]},
			"faces": {
				"up": {"uv": [0, 7, 5, 9.5], "rotation": 90, "texture": "#lionfish0"},
				"down": {"uv": [0, 9.5, 5, 12], "rotation": 90, "texture": "#lionfish0"}
			}
		},
		{
			"name": "leg6",
			"from": [4.89273, 1.63029, 6.5],
			"to": [4.89273, 3.63029, 10.5],
			"rotation": {"angle": -22.5, "axis": "z", "origin": [6.5, -1, 9]},
			"faces": {
				"east": {"uv": [0, 14, 4, 16], "texture": "#lionfish0", "cullface": "down"},
				"west": {"uv": [0, 12, 4, 14], "texture": "#lionfish0", "cullface": "down"}
			}
		},
		{
			"name": "leg7",
			"from": [11.10727, 1.63029, 6.5],
			"to": [11.10727, 3.63029, 10.5],
			"rotation": {"angle": 22.5, "axis": "z", "origin": [9.5, -1, 9]},
			"faces": {
				"east": {"uv": [0, 14, 4, 16], "texture": "#lionfish0", "cullface": "down"},
				"west": {"uv": [0, 12, 4, 14], "texture": "#lionfish0", "cullface": "down"}
			}
		},
		{
			"name": "leg8",
			"from": [8, 3.425, 12.5],
			"to": [8, 7.425, 15.5],
			"faces": {
				"east": {"uv": [6, 2.5, 9, 6.5], "rotation": 180, "texture": "#lionfish0"},
				"west": {"uv": [6, 2.5, 9, 6.5], "texture": "#lionfish0"}
			}
		}
	],
	"display": {
		"thirdperson_righthand": {
			"rotation": [83, 72, 0],
			"translation": [-6.25, 0, 2]
		},
		"thirdperson_lefthand": {
			"rotation": [83, 62, 6],
			"translation": [-6.5, 0, 2]
		},
		"firstperson_righthand": {
			"rotation": [0, -180, 0],
			"translation": [-9.5, 11.75, -2.75],
			"scale": [4, 2, 2]
		},
		"firstperson_lefthand": {
			"rotation": [0, -180, 0],
			"translation": [-8.5, 12, -3],
			"scale": [4, 2, 2]
		},
		"ground": {
			"translation": [0, 19.5, 0],
			"scale": [4, 4, 4]
		},
		"gui": {
			"rotation": [0, -139, -5],
			"translation": [0.25, 4.75, 0],
			"scale": [2, 2, 2]
		},
		"head": {
			"translation": [-13.5, 10.5, 0],
			"scale": [4, 4, 4]
		},
		"fixed": {
			"rotation": [3.25, 87, -3.75],
			"translation": [-1.25, 6, -1.5],
			"scale": [2, 2, 2]
		}
	},
	"groups": [
		{
			"name": "Lionfish",
			"origin": [8, 8, 8],
			"children": [
				{
					"name": "body",
					"origin": [8, 8, 8],
					"children": [0, 1, 2, 3]
				},
				{
					"name": "legs",
					"origin": [8, 8, 8],
					"children": [4, 5, 6, 7, 8, 9, 10, 11, 12]
				}
			]
		}
	]
}