{
	"credit": "quiktori",
	"textures": {
		"0": "items/food/bottle",
		"particle": "items/food/bottle"
	},
	"elements": [
		{
			"from": [7, 0, 6],
			"to": [10, 7, 9],
			"rotation": {"angle": 0, "axis": "y", "origin": [2, 8, -1]},
			"faces": {
				"north": {"uv": [2, 0, 14, 16], "texture": "#0"},
				"east": {"uv": [2, 0, 4, 16], "texture": "#0"},
				"south": {"uv": [2, 0, 4, 16], "texture": "#0"},
				"west": {"uv": [2, 0, 3.5, 16], "texture": "#0"},
				"up": {"uv": [8, 0, 9.5, 2], "rotation": 180, "texture": "#0"},
				"down": {"uv": [8, 0, 9.5, 2], "rotation": 180, "texture": "#0"}
			}
		},
		{
			"from": [7.5, 7, 6.5],
			"to": [9.5, 11, 8.5],
			"rotation": {"angle": 0, "axis": "y", "origin": [2, 15, -1]},
			"faces": {
				"north": {"uv": [8, 0, 9.5, 2], "texture": "#0"},
				"east": {"uv": [8, 0, 9.5, 2], "texture": "#0"},
				"south": {"uv": [8, 0, 9.5, 2], "texture": "#0"},
				"west": {"uv": [8, 0, 9.5, 2], "texture": "#0"},
				"up": {"uv": [8, 0, 9.5, 2], "rotation": 180, "texture": "#0"}
			}
		},
		{
			"from": [8, 10, 7],
			"to": [9, 12, 8],
			"rotation": {"angle": 0, "axis": "y", "origin": [2, 18, -1]},
			"faces": {
				"north": {"uv": [14, 14, 16, 16], "texture": "#0"},
				"east": {"uv": [14, 14, 16, 16], "texture": "#0"},
				"south": {"uv": [14, 14, 16, 16], "texture": "#0"},
				"west": {"uv": [14, 14, 16, 16], "texture": "#0"},
				"up": {"uv": [14, 14, 16, 16], "rotation": 180, "texture": "#0"},
				"down": {"uv": [14, 14, 16, 16], "rotation": 180, "texture": "#0"}
			}
		}
	],
	"display": {
		"thirdperson_righthand": {
			"translation": [-0.25, 1.25, -0.75],
			"scale": [0.7, 0.7, 0.7]
		},
		"thirdperson_lefthand": {
			"translation": [0.25, 1, -0.75],
			"scale": [0.7, 0.7, 0.7]
		},
		"firstperson_righthand": {
			"rotation": [-26, 0, 0],
			"translation": [3.5, 2.75, 0]
		},
		"firstperson_lefthand": {
			"rotation": [-24, 0, 0],
			"translation": [3.5, 3, 0]
		},
		"ground": {
			"translation": [0, 4, 0]
		},
		"gui": {
			"rotation": [0, 158, 41],
			"translation": [4.75, 4, 0],
			"scale": [2, 2, 2]
		},
		"head": {
			"translation": [-0.25, 14.25, 0]
		},
		"fixed": {
			"translation": [0.5, 4, -1.75],
			"scale": [1.7, 1.7, 1.7]
		}
	}
}