{
	"credit": "quiktori",
	"parent": "item/handheld",
	"textures": {
		"layer0": "items/crystals/crystal4"
	},
	"display": {
		"thirdperson_righthand": {
			"rotation": [63, 0, 0],
			"translation": [0, 3.5, 7.25]
		},
		"thirdperson_lefthand": {
			"rotation": [63, 0, 0],
			"translation": [0, 3.5, 6.75]
		},
		"firstperson_righthand": {
			"translation": [2.75, 0.75, 0]
		},
		"firstperson_lefthand": {
			"translation": [2.75, 1.25, 0]
		},
		"ground": {
			"translation": [0, 7.75, 0],
			"scale": [1.7, 1.7, 1.7]
		},
		"gui": {
			"translation": [-0.5, 0, 0],
			"scale": [1.7, 1.7, 1.7]
		},
		"head": {
			"translation": [0, 6.5, 0]
		},
		"fixed": {
			"translation": [0.25, 0.5, 0],
			"scale": [1.7, 1.7, 1.7]
		}
	}
}