{
	"credit": "quiktori",
	"texture_size": [32, 32],
	"textures": {
		"0": "block/texture",
		"particle": "block/texture"
	},
	"elements": [
		{
			"from": [13, 0, 6],
			"to": [16, 14, 9],
			"rotation": {"angle": 0, "axis": "y", "origin": [21, 8, 14]},
			"faces": {
				"north": {"uv": [0, 0, 1.5, 7], "texture": "#0"},
				"east": {"uv": [1.5, 1.5, 3, 8.5], "texture": "#0"},
				"south": {"uv": [3, 3, 4.5, 10], "texture": "#0"},
				"west": {"uv": [4.5, 4.5, 6, 11.5], "texture": "#0"},
				"up": {"uv": [3, 1.5, 1.5, 0], "texture": "#0"},
				"down": {"uv": [1.5, 7, 0, 8.5], "texture": "#0"}
			}
		},
		{
			"from": [5.07031, 13.27148, 6.01953],
			"to": [8.07031, 16.14648, 8.98242],
			"rotation": {"angle": 0, "axis": "y", "origin": [13.07031, 10.14648, 14]},
			"faces": {
				"north": {"uv": [10, 1.5, 11.5, 3], "texture": "#0"},
				"east": {"uv": [10, 3, 11.5, 4.5], "texture": "#0"},
				"south": {"uv": [10, 4.5, 11.5, 6], "texture": "#0"},
				"west": {"uv": [6, 10.5, 7.5, 12], "texture": "#0"},
				"up": {"uv": [9, 12, 7.5, 10.5], "texture": "#0"},
				"down": {"uv": [10.5, 11, 9, 12.5], "texture": "#0"}
			}
		},
		{
			"from": [9.55664, 15.30078, 6.00586],
			"to": [12.55664, 18.92578, 8.9668],
			"rotation": {"angle": 22.5, "axis": "z", "origin": [17.55664, 23.30078, 14]},
			"faces": {
				"north": {"uv": [3, 0, 4.5, 2], "texture": "#0"},
				"east": {"uv": [4.5, 0, 6, 2], "texture": "#0"},
				"south": {"uv": [4.5, 2, 6, 4], "texture": "#0"},
				"west": {"uv": [6, 6, 7.5, 8], "texture": "#0"},
				"up": {"uv": [9.5, 10.5, 8, 9], "texture": "#0"},
				"down": {"uv": [11, 9.5, 9.5, 11], "texture": "#0"}
			}
		},
		{
			"from": [13.50195, 17.02734, 6],
			"to": [17.12695, 20.02734, 9],
			"rotation": {"angle": -22.5, "axis": "z", "origin": [9.12695, 25.02734, 14]},
			"faces": {
				"north": {"uv": [6, 0, 8, 1.5], "texture": "#0"},
				"east": {"uv": [9.5, 6, 11, 7.5], "texture": "#0"},
				"south": {"uv": [6, 1.5, 8, 3], "texture": "#0"},
				"west": {"uv": [9.5, 7.5, 11, 9], "texture": "#0"},
				"up": {"uv": [8, 4.5, 6, 3], "texture": "#0"},
				"down": {"uv": [8, 4.5, 6, 6], "texture": "#0"}
			}
		},
		{
			"from": [2.8125, 8.61328, 6],
			"to": [6.4375, 11.61328, 9],
			"rotation": {"angle": 45, "axis": "z", "origin": [-1.5625, 16.61328, 14]},
			"faces": {
				"north": {"uv": [8, 3, 10, 4.5], "texture": "#0"},
				"east": {"uv": [3, 10, 4.5, 11.5], "texture": "#0"},
				"south": {"uv": [8, 4.5, 10, 6], "texture": "#0"},
				"west": {"uv": [10, 0, 11.5, 1.5], "texture": "#0"},
				"up": {"uv": [2, 10, 0, 8.5], "texture": "#0"},
				"down": {"uv": [8, 9, 6, 10.5], "texture": "#0"}
			}
		},
		{
			"from": [7.62695, 15.73242, 6.05469],
			"to": [11.25195, 18.73242, 8.97266],
			"rotation": {"angle": 0, "axis": "z", "origin": [3.25195, 23.73242, 14]},
			"faces": {
				"north": {"uv": [7.5, 7.5, 9.5, 9], "texture": "#0"},
				"east": {"uv": [0, 10, 1.5, 11.5], "texture": "#0"},
				"south": {"uv": [7.5, 6, 9.5, 7.5], "texture": "#0"},
				"west": {"uv": [1.5, 10, 3, 11.5], "texture": "#0"},
				"up": {"uv": [10, 1.5, 8, 0], "texture": "#0"},
				"down": {"uv": [10, 1.5, 8, 3], "texture": "#0"}
			}
		}
	],
	"display": {
		"thirdperson_righthand": {
			"rotation": [32, -90, 0],
			"translation": [-0.25, 6.25, -1],
			"scale": [0.7, 0.7, 0.7]
		},
		"thirdperson_lefthand": {
			"rotation": [23, 90, 0],
			"translation": [0.25, 6, -1.5],
			"scale": [0.7, 0.7, 0.7]
		},
		"firstperson_righthand": {
			"rotation": [-4, -97, -27],
			"translation": [0, 3.75, 0],
			"scale": [0.5, 0.5, 0.5]
		},
		"firstperson_lefthand": {
			"rotation": [8, 95, -13],
			"translation": [0, 3, 0],
			"scale": [0.5, 0.5, 0.5]
		},
		"ground": {
			"rotation": [89, 0, 0],
			"translation": [0, -2.25, 0]
		},
		"gui": {
			"rotation": [-18, 162, 33],
			"translation": [2.25, -3, 0]
		},
		"head": {
			"rotation": [0, 0, 60],
			"translation": [-2.25, -2.75, 0],
			"scale": [1.11, 1.48, 1.3]
		},
		"fixed": {
			"translation": [-2.5, -1.5, 0]
		}
	}
}