{
	"credit": "quiktori",
	"texture_size": [32, 32],
	"textures": {
		"0": "items/rods/fish",
		"particle": "items/rods/fish"
	},
	"elements": [
		{
			"from": [5, 4, 8.25],
			"to": [12, 8, 11.75],
			"rotation": {"angle": 0, "axis": "y", "origin": [15, 12, 16]},
			"faces": {
				"north": {"uv": [2.504, 0.004, 5.996, 1.996], "texture": "#0"},
				"east": {"uv": [2.504, 8.504, 4.496, 10.496], "texture": "#0"},
				"south": {"uv": [5.004, 5.004, 8.496, 6.996], "texture": "#0"},
				"west": {"uv": [4.504, 8.504, 6.496, 10.496], "texture": "#0"},
				"up": {"uv": [8.496, 3.996, 5.004, 2.004], "texture": "#0"},
				"down": {"uv": [9.496, 0.004, 6.004, 1.996], "texture": "#0"}
			}
		},
		{
			"from": [3, 4.75, 9],
			"to": [5, 7.25, 10.875],
			"rotation": {"angle": 0, "axis": "y", "origin": [8, 12, 16]},
			"faces": {
				"north": {"uv": [0.004, 9.004, 0.996, 10.496], "texture": "#0"},
				"east": {"uv": [1.004, 9.004, 1.996, 10.496], "texture": "#0"},
				"south": {"uv": [9.004, 9.004, 9.996, 10.496], "texture": "#0"},
				"west": {"uv": [6.504, 9.504, 7.496, 10.996], "texture": "#0"},
				"up": {"uv": [9.496, 3.996, 8.504, 3.004], "texture": "#0"},
				"down": {"uv": [9.996, 8.004, 9.004, 8.996], "texture": "#0"}
			}
		},
		{
			"from": [11.75, 4.375, 8.5],
			"to": [12.625, 6.875, 11.5],
			"rotation": {"angle": 0, "axis": "y", "origin": [21.75, 11.75, 16.125]},
			"faces": {
				"north": {"uv": [2.004, 9.004, 2.496, 10.496], "texture": "#0"},
				"east": {"uv": [8.504, 5.004, 9.996, 6.496], "texture": "#0"},
				"south": {"uv": [7.504, 9.504, 7.996, 10.996], "texture": "#0"},
				"west": {"uv": [8.504, 6.504, 9.996, 7.996], "texture": "#0"},
				"up": {"uv": [8.496, 10.996, 8.004, 9.504], "texture": "#0"},
				"down": {"uv": [8.996, 9.504, 8.504, 10.996], "texture": "#0"}
			}
		},
		{
			"from": [6.375, 4.875, 7.625],
			"to": [10.875, 7.125, 12.375],
			"rotation": {"angle": 0, "axis": "y", "origin": [15, 12, 16]},
			"faces": {
				"north": {"uv": [5.004, 4.004, 7.496, 4.996], "texture": "#0"},
				"east": {"uv": [7.504, 4.004, 9.996, 4.996], "texture": "#0"},
				"south": {"uv": [6.504, 8.504, 8.996, 9.496], "texture": "#0"},
				"west": {"uv": [8.504, 2.004, 10.996, 2.996], "texture": "#0"},
				"up": {"uv": [2.496, 6.496, 0.004, 4.004], "texture": "#0"},
				"down": {"uv": [2.496, 6.504, 0.004, 8.996], "texture": "#0"}
			}
		},
		{
			"from": [5.375, 2.25, 10],
			"to": [10.875, 10.875, 10],
			"rotation": {"angle": 0, "axis": "y", "origin": [15, 13, 16]},
			"faces": {
				"north": {"uv": [0.004, 0.004, 2.496, 3.996], "texture": "#0"},
				"south": {"uv": [2.496, 0.004, 0.004, 3.996], "texture": "#0"}
			}
		},
		{
			"from": [-2.375, 3.25, 10],
			"to": [3.125, 8.875, 10],
			"rotation": {"angle": 0, "axis": "y", "origin": [7.25, 13, 16]},
			"faces": {
				"north": {"uv": [2.504, 2.504, 4.992, 6.992], "texture": "#0"},
				"south": {"uv": [4.992, 2.504, 2.504, 6.992], "texture": "#0"}
			}
		},
		{
			"from": [5.375, 9.25, 5.5],
			"to": [10.875, 12.875, 5.5],
			"rotation": {"angle": -45, "axis": "x", "origin": [15, 15, 11.5]},
			"faces": {
				"north": {"uv": [0.004, 3.996, 2.496, 2.004], "texture": "#0"},
				"south": {"uv": [0.004, 3.996, 2.496, 2.004], "texture": "#0"}
			}
		},
		{
			"from": [5.375, 3.125, 5.5],
			"to": [10.875, 6.75, 5.5],
			"rotation": {"angle": 45, "axis": "x", "origin": [15, 1, 11.5]},
			"faces": {
				"north": {"uv": [0.004, 3.996, 2.496, 2.004], "texture": "#0"},
				"south": {"uv": [0.004, 3.996, 2.496, 2.004], "texture": "#0"}
			}
		},
		{
			"from": [2.125, 3.875, 8.5],
			"to": [8.125, 8.125, 8.5],
			"rotation": {"angle": -22.5, "axis": "y", "origin": [11.125, 11.5, 12.5]},
			"faces": {
				"north": {"uv": [0.004, 10.504, 3.996, 12.996], "texture": "#0"},
				"south": {"uv": [3.996, 10.504, 0.004, 12.996], "texture": "#0"}
			}
		},
		{
			"from": [5.125, 3.875, 10.89844],
			"to": [11.125, 8.125, 10.89844],
			"rotation": {"angle": 22.5, "axis": "y", "origin": [14.125, 11.5, 14.89844]},
			"faces": {
				"north": {"uv": [0.004, 10.504, 3.996, 12.996], "texture": "#0"},
				"east": {"uv": [0.004, 0.004, -0.0125, 1.496], "texture": "#0"},
				"south": {"uv": [3.996, 10.504, 0.004, 12.996], "texture": "#0"},
				"west": {"uv": [0.004, 0.004, -0.0125, 1.496], "texture": "#0"},
				"up": {"uv": [2.996, 0.004, 0.004, -0.0125], "texture": "#0"},
				"down": {"uv": [2.996, 0.004, 0.004, -0.0125], "texture": "#0"}
			}
		}
	],
	"display": {
		"thirdperson_righthand": {
			"rotation": [65, 0, 0],
			"translation": [-5.75, 2.75, 2]
		},
		"thirdperson_lefthand": {
			"rotation": [65, 0, 0],
			"translation": [-6, 2, 1.5]
		},
		"firstperson_righthand": {
			"rotation": [44, 98, 0],
			"translation": [1.5, 2, 0.5],
			"scale": [0.6, 0.6, 0.6]
		},
		"firstperson_lefthand": {
			"rotation": [43, -82, 0],
			"translation": [3.75, 1.75, 0],
			"scale": [0.6, 0.6, 0.6]
		},
		"ground": {
			"translation": [0, 2, 0]
		},
		"gui": {
			"rotation": [0, -23, 29],
			"translation": [1.5, 4.5, 0],
			"scale": [1.6, 1.6, 1.6]
		},
		"head": {
			"rotation": [0, 78, 0],
			"translation": [-1.75, 10.5, -1.5]
		},
		"fixed": {
			"translation": [0.5, 3.25, -6],
			"scale": [2, 2, 2]
		}
	}
}