{
	"credit": "quiktori",
	"textures": {
		"0": "items/food/spoiled/texturefordonut2_",
		"particle": "items/food/spoiled/texturefordonut2_"
	},
	"elements": [
		{
			"from": [6, 0, 4],
			"to": [10, 2.501, 6.5],
			"rotation": {"angle": 0, "axis": "y", "origin": [13, 8, 13]},
			"faces": {
				"north": {"uv": [0, 0, 4, 2.5], "texture": "#0"},
				"east": {"uv": [0, 0, 2.5, 2.501], "texture": "#missing"},
				"south": {"uv": [0, 0, 4, 2.501], "texture": "#0"},
				"west": {"uv": [0, 0, 2.5, 2.501], "texture": "#0"},
				"up": {"uv": [0, 0, 4, 2.5], "texture": "#0"},
				"down": {"uv": [0, 0, 4, 2.5], "texture": "#0"}
			}
		},
		{
			"from": [5.98438, -0.01562, 3.98438],
			"to": [10.01563, 2.51662, 6.51563],
			"rotation": {"angle": 0, "axis": "y", "origin": [13, 8, 13]},
			"faces": {
				"north": {"uv": [10.933, 5.6, 14.933, 8.1], "texture": "#0"},
				"east": {"uv": [10.933, 10.4, 13.433, 12.9], "texture": "#0"},
				"south": {"uv": [9.066, 5.6, 13.066, 8.1], "texture": "#0"},
				"west": {"uv": [0, 0, 2.5, 2.501], "texture": "#0"},
				"up": {"uv": [8, 0, 12, 2.5], "texture": "#0"},
				"down": {"uv": [11.467, 10.133, 15.467, 12.633], "texture": "#0"}
			}
		},
		{
			"from": [6, 0, 9.5],
			"to": [10, 2.501, 12],
			"rotation": {"angle": 0, "axis": "y", "origin": [13, 8, 19]},
			"faces": {
				"north": {"uv": [0, 0, 4, 2.501], "texture": "#0"},
				"east": {"uv": [0, 0, 2.5, 2.501], "texture": "#missing"},
				"south": {"uv": [0, 0, 4, 2.501], "texture": "#0"},
				"west": {"uv": [0, 0, 2.5, 2.501], "texture": "#0"},
				"up": {"uv": [0, 0, 4, 2.5], "texture": "#0"},
				"down": {"uv": [0, 0, 4, 2.5], "texture": "#0"}
			}
		},
		{
			"from": [5.98438, -0.01562, 9.48438],
			"to": [10.01563, 2.51662, 12.01563],
			"rotation": {"angle": 0, "axis": "y", "origin": [13, 8, 19]},
			"faces": {
				"north": {"uv": [8, 5.333, 12.032, 7.864], "texture": "#0"},
				"east": {"uv": [8.799, 9.066, 11.331, 11.597], "texture": "#0"},
				"south": {"uv": [10.933, 5.6, 14.965, 8.131], "texture": "#0"},
				"west": {"uv": [0, 0, 2.53125, 2.53225], "texture": "#0"},
				"up": {"uv": [8, 0, 12.032, 2.532], "texture": "#0"},
				"down": {"uv": [12, 10.933, 16, 13.465], "texture": "#0"}
			}
		},
		{
			"from": [4, 0, 6],
			"to": [6.5, 2.5001, 10],
			"rotation": {"angle": 0, "axis": "y", "origin": [5, 1, 8]},
			"faces": {
				"north": {"uv": [0, 0, 2.5, 2.5001], "texture": "#0"},
				"east": {"uv": [0, 0, 4, 2.5001], "texture": "#0"},
				"south": {"uv": [0, 0, 2.5, 2.5001], "texture": "#0"},
				"west": {"uv": [0, 0, 4, 2.5001], "texture": "#0"},
				"up": {"uv": [0, 0, 4, 2.5], "rotation": 90, "texture": "#0"},
				"down": {"uv": [0, 0, 4, 2.5], "rotation": 270, "texture": "#0"}
			}
		},
		{
			"from": [3.98438, -0.01562, 5.98438],
			"to": [6.51563, 2.51572, 10.01563],
			"rotation": {"angle": 0, "axis": "y", "origin": [5, 1, 8]},
			"faces": {
				"north": {"uv": [0, 0, 2.53125, 2.53135], "texture": "#0"},
				"east": {"uv": [9.066, 5.6, 13.097, 8.131], "texture": "#0"},
				"south": {"uv": [0, 0, 2.53125, 2.53135], "texture": "#0"},
				"west": {"uv": [9.066, 5.6, 13.097, 8.131], "texture": "#0"},
				"up": {"uv": [8, 0, 12.032, 2.532], "rotation": 90, "texture": "#0"},
				"down": {"uv": [11.2, 10.933, 15.231, 13.465], "rotation": 270, "texture": "#0"}
			}
		},
		{
			"from": [9.5, 0, 6],
			"to": [12, 2.5001, 10],
			"rotation": {"angle": 0, "axis": "y", "origin": [11, 1, 8]},
			"faces": {
				"north": {"uv": [0, 0, 2.5, 2.5001], "texture": "#missing"},
				"east": {"uv": [0, 0, 4, 2.5001], "texture": "#0"},
				"south": {"uv": [0, 0, 2.5, 2.5001], "texture": "#missing"},
				"west": {"uv": [0, 0, 4, 2.5001], "texture": "#0"},
				"up": {"uv": [0, 0, 4, 2.5], "rotation": 90, "texture": "#0"},
				"down": {"uv": [0, 0, 4, 2.5], "rotation": 270, "texture": "#0"}
			}
		},
		{
			"from": [9.48438, -0.01562, 5.98438],
			"to": [12.01563, 2.51572, 10.01563],
			"rotation": {"angle": 0, "axis": "y", "origin": [11, 1, 8]},
			"faces": {
				"north": {"uv": [9.333, 9.6, 11.864, 12.131], "texture": "#0"},
				"east": {"uv": [8, 5.333, 12.032, 7.864], "texture": "#0"},
				"south": {"uv": [9.866, 9.066, 12.398, 11.597], "texture": "#0"},
				"west": {"uv": [8.266, 5.333, 12.297, 7.864], "texture": "#0"},
				"up": {"uv": [8, 0, 12.032, 2.532], "rotation": 90, "texture": "#0"},
				"down": {"uv": [11.734, 12.266, 15.765, 14.797], "rotation": 270, "texture": "#0"}
			}
		},
		{
			"from": [9.07813, 0, 4.79688],
			"to": [11.92188, 2.5, 7.29688],
			"rotation": {"angle": -45, "axis": "y", "origin": [10.5, 1, 5.5]},
			"faces": {
				"north": {"uv": [0, 0, 2.84375, 2.5], "texture": "#0"},
				"east": {"uv": [0, 0, 2.5, 2.5], "texture": "#missing"},
				"south": {"uv": [0, 0, 2.84375, 2.5], "texture": "#0"},
				"west": {"uv": [0, 0, 2.5, 2.5], "texture": "#missing"},
				"up": {"uv": [0, 0, 2.84375, 2.5], "texture": "#0"},
				"down": {"uv": [0, 0, 2.84375, 2.5], "texture": "#0"}
			}
		},
		{
			"from": [9.0625, -0.01562, 4.78125],
			"to": [11.9375, 2.51563, 7.3125],
			"rotation": {"angle": -45, "axis": "y", "origin": [10.5, 1, 5.5]},
			"faces": {
				"north": {"uv": [10.133, 5.333, 13.008, 7.864], "texture": "#0"},
				"east": {"uv": [9.6, 10.133, 12.131, 12.664], "texture": "#0"},
				"south": {"uv": [8.533, 5.6, 11.408, 8.131], "texture": "#0"},
				"west": {"uv": [10.667, 8.799, 13.198, 11.331], "texture": "#0"},
				"up": {"uv": [8, 0, 10.875, 2.532], "texture": "#0"},
				"down": {"uv": [11.467, 9.866, 14.342, 12.398], "texture": "#0"}
			}
		},
		{
			"from": [4.07813, 0, 8.70313],
			"to": [6.92188, 2.5, 11.20313],
			"rotation": {"angle": -45, "axis": "y", "origin": [5.5, 1, 10.5]},
			"faces": {
				"north": {"uv": [0, 0, 2.84375, 2.5], "texture": "#0"},
				"east": {"uv": [0, 0, 2.5, 2.5], "texture": "#missing"},
				"south": {"uv": [0, 0, 2.84375, 2.5], "texture": "#0"},
				"west": {"uv": [0, 0, 2.5, 2.5], "texture": "#missing"},
				"up": {"uv": [0, 0, 2.84375, 2.5], "texture": "#0"},
				"down": {"uv": [0, 0, 2.84375, 2.5], "texture": "#0"}
			}
		},
		{
			"from": [4.0625, -0.01562, 8.6875],
			"to": [6.9375, 2.51563, 11.21875],
			"rotation": {"angle": -45, "axis": "y", "origin": [5.5, 1, 10.5]},
			"faces": {
				"north": {"uv": [8.266, 5.6, 11.141, 8.131], "texture": "#0"},
				"east": {"uv": [10.133, 8, 12.664, 10.532], "texture": "#0"},
				"south": {"uv": [8.266, 5.866, 11.141, 8.398], "texture": "#0"},
				"west": {"uv": [9.866, 12.533, 12.398, 15.064], "texture": "#0"},
				"up": {"uv": [8, 0, 10.875, 2.532], "texture": "#0"},
				"down": {"uv": [11.734, 10.933, 14.609, 13.465], "texture": "#0"}
			}
		},
		{
			"from": [4.28805, 0, 4.71195],
			"to": [7.1318, 2.5, 7.21195],
			"rotation": {"angle": 45, "axis": "y", "origin": [5.70992, 1, 5.71195]},
			"faces": {
				"north": {"uv": [0, 0, 2.84375, 2.5], "texture": "#0"},
				"east": {"uv": [0, 0, 2.5, 2.5], "texture": "#missing"},
				"south": {"uv": [0, 0, 2.84375, 2.5], "texture": "#0"},
				"west": {"uv": [0, 0, 2.5, 2.5], "texture": "#missing"},
				"up": {"uv": [0, 0, 2.84375, 2.5], "texture": "#0"},
				"down": {"uv": [0, 0, 2.84375, 2.5], "texture": "#0"}
			}
		},
		{
			"from": [4.27242, -0.01562, 4.69633],
			"to": [7.14742, 2.51563, 7.22758],
			"rotation": {"angle": 45, "axis": "y", "origin": [5.70992, 1, 5.71195]},
			"faces": {
				"north": {"uv": [8, 5.333, 10.875, 7.864], "texture": "#0"},
				"east": {"uv": [10.667, 12, 13.198, 14.532], "texture": "#0"},
				"south": {"uv": [8.533, 5.6, 11.408, 8.131], "texture": "#0"},
				"west": {"uv": [10.4, 11.467, 12.931, 13.998], "texture": "#0"},
				"up": {"uv": [8, 0, 10.875, 2.532], "texture": "#0"},
				"down": {"uv": [9.6, 9.866, 12.475, 12.398], "texture": "#0"}
			}
		},
		{
			"from": [9.28805, 0, 8.6182],
			"to": [12.1318, 2.5, 11.1182],
			"rotation": {"angle": 45, "axis": "y", "origin": [10.70992, 1, 10.71195]},
			"faces": {
				"north": {"uv": [0, 0, 2.84375, 2.5], "texture": "#0"},
				"east": {"uv": [0, 0, 2.5, 2.5], "texture": "#missing"},
				"south": {"uv": [0, 0, 2.84375, 2.5], "texture": "#0"},
				"west": {"uv": [0, 0, 2.5, 2.5], "texture": "#missing"},
				"up": {"uv": [0, 0, 2.84375, 2.5], "texture": "#0"},
				"down": {"uv": [0, 0, 2.84375, 2.5], "texture": "#0"}
			}
		},
		{
			"from": [9.27242, -0.01562, 8.60258],
			"to": [12.14742, 2.51563, 11.13383],
			"rotation": {"angle": 45, "axis": "y", "origin": [10.70992, 1, 10.71195]},
			"faces": {
				"north": {"uv": [10.133, 5.333, 13.008, 7.864], "texture": "#0"},
				"east": {"uv": [10.4, 10.133, 12.931, 12.664], "texture": "#0"},
				"south": {"uv": [9.333, 5.6, 12.208, 8.131], "texture": "#0"},
				"west": {"uv": [9.066, 10.667, 11.597, 13.198], "texture": "#0"},
				"up": {"uv": [8, 0, 10.875, 2.532], "texture": "#0"},
				"down": {"uv": [11.2, 9.866, 14.075, 12.398], "texture": "#0"}
			}
		},
		{
			"from": [7.25, 2.28125, 4.78125],
			"to": [7.75, 2.53125, 5.03125],
			"rotation": {"angle": -22.5, "axis": "y", "origin": [7.375, 2.40625, 4.90625]},
			"faces": {
				"north": {"uv": [0, 8, 0.75, 8.25], "texture": "#0"},
				"east": {"uv": [0, 8, 0.75, 8.25], "texture": "#0"},
				"south": {"uv": [0, 8, 0.75, 8.25], "texture": "#0"},
				"west": {"uv": [0, 8, 0.75, 8.25], "texture": "#0"},
				"up": {"uv": [0, 8, 0.75, 8.25], "texture": "#0"},
				"down": {"uv": [0, 8, 0.75, 8.25], "texture": "#0"}
			}
		},
		{
			"from": [7.25, 2.28125, 10.28125],
			"to": [7.75, 2.53125, 10.53125],
			"rotation": {"angle": -22.5, "axis": "y", "origin": [7.375, 2.40625, 10.40625]},
			"faces": {
				"north": {"uv": [0, 8, 0.75, 8.25], "texture": "#0"},
				"east": {"uv": [0, 8, 0.75, 8.25], "texture": "#0"},
				"south": {"uv": [0, 8, 0.75, 8.25], "texture": "#0"},
				"west": {"uv": [0, 8, 0.75, 8.25], "texture": "#0"},
				"up": {"uv": [0, 8, 0.75, 8.25], "texture": "#0"},
				"down": {"uv": [0, 8, 0.75, 8.25], "texture": "#0"}
			}
		},
		{
			"from": [5.08011, 2.28125, 7.16989],
			"to": [5.33011, 2.53125, 7.66989],
			"rotation": {"angle": -22.5, "axis": "y", "origin": [5.18546, 2.40625, 7.90967]},
			"faces": {
				"north": {"uv": [0, 8, 0.75, 8.25], "texture": "#0"},
				"east": {"uv": [0, 8, 0.75, 8.25], "texture": "#0"},
				"south": {"uv": [0, 8, 0.75, 8.25], "texture": "#0"},
				"west": {"uv": [0, 8, 0.75, 8.25], "texture": "#0"},
				"up": {"uv": [0, 8, 0.75, 8.25], "rotation": 90, "texture": "#0"},
				"down": {"uv": [0, 8, 0.75, 8.25], "rotation": 270, "texture": "#0"}
			}
		},
		{
			"from": [10.58011, 2.28125, 7.16989],
			"to": [10.83011, 2.53125, 7.66989],
			"rotation": {"angle": -22.5, "axis": "y", "origin": [10.68546, 2.40625, 7.90967]},
			"faces": {
				"north": {"uv": [0, 8, 0.75, 8.25], "texture": "#0"},
				"east": {"uv": [0, 8, 0.75, 8.25], "texture": "#0"},
				"south": {"uv": [0, 8, 0.75, 8.25], "texture": "#0"},
				"west": {"uv": [0, 8, 0.75, 8.25], "texture": "#0"},
				"up": {"uv": [0, 8, 0.75, 8.25], "rotation": 90, "texture": "#0"},
				"down": {"uv": [0, 8, 0.75, 8.25], "rotation": 270, "texture": "#0"}
			}
		},
		{
			"from": [9.44568, 2.28125, 10.01502],
			"to": [9.94568, 2.53125, 10.26502],
			"rotation": {"angle": 22.5, "axis": "y", "origin": [10.18546, 2.40625, 10.15967]},
			"faces": {
				"north": {"uv": [0, 8, 0.75, 8.25], "texture": "#0"},
				"east": {"uv": [0, 8, 0.75, 8.25], "texture": "#0"},
				"south": {"uv": [0, 8, 0.75, 8.25], "texture": "#0"},
				"west": {"uv": [0, 8, 0.75, 8.25], "texture": "#0"},
				"up": {"uv": [0, 8, 0.75, 8.25], "texture": "#0"},
				"down": {"uv": [0, 8, 0.75, 8.25], "texture": "#0"}
			}
		},
		{
			"from": [10.04081, 2.28125, 5.89944],
			"to": [10.29081, 2.53125, 6.39944],
			"rotation": {"angle": 22.5, "axis": "y", "origin": [10.18546, 2.40625, 5.65967]},
			"faces": {
				"north": {"uv": [0, 8, 0.75, 8.25], "texture": "#0"},
				"east": {"uv": [0, 8, 0.75, 8.25], "texture": "#0"},
				"south": {"uv": [0, 8, 0.75, 8.25], "texture": "#0"},
				"west": {"uv": [0, 8, 0.75, 8.25], "texture": "#0"},
				"up": {"uv": [0, 8, 0.75, 8.25], "rotation": 270, "texture": "#0"},
				"down": {"uv": [0, 8, 0.75, 8.25], "rotation": 90, "texture": "#0"}
			}
		},
		{
			"from": [4.44568, 2.28125, 5.51502],
			"to": [4.94568, 2.53125, 5.76502],
			"rotation": {"angle": 22.5, "axis": "y", "origin": [5.18546, 2.40625, 5.65967]},
			"faces": {
				"north": {"uv": [0, 8, 0.75, 8.25], "texture": "#0"},
				"east": {"uv": [0, 8, 0.75, 8.25], "texture": "#0"},
				"south": {"uv": [0, 8, 0.75, 8.25], "texture": "#0"},
				"west": {"uv": [0, 8, 0.75, 8.25], "texture": "#0"},
				"up": {"uv": [0, 8, 0.75, 8.25], "texture": "#0"},
				"down": {"uv": [0, 8, 0.75, 8.25], "texture": "#0"}
			}
		},
		{
			"from": [5.83011, 2.28125, 9.41989],
			"to": [6.08011, 2.53125, 9.91989],
			"rotation": {"angle": 22.5, "axis": "y", "origin": [5.93546, 2.40625, 10.15967]},
			"faces": {
				"north": {"uv": [0, 8, 0.75, 8.25], "texture": "#0"},
				"east": {"uv": [0, 8, 0.75, 8.25], "texture": "#0"},
				"south": {"uv": [0, 8, 0.75, 8.25], "texture": "#0"},
				"west": {"uv": [0, 8, 0.75, 8.25], "texture": "#0"},
				"up": {"uv": [0, 8, 0.75, 8.25], "rotation": 90, "texture": "#0"},
				"down": {"uv": [0, 8, 0.75, 8.25], "rotation": 270, "texture": "#0"}
			}
		},
		{
			"from": [6.5, 2.28125, 4.28125],
			"to": [6.75, 2.53125, 4.78125],
			"rotation": {"angle": 45, "axis": "y", "origin": [6.625, 2.40625, 4.40625]},
			"faces": {
				"north": {"uv": [0, 8, 0.75, 8.25], "texture": "#0"},
				"east": {"uv": [0, 8, 0.75, 8.25], "texture": "#0"},
				"south": {"uv": [0, 8, 0.75, 8.25], "texture": "#0"},
				"west": {"uv": [0, 8, 0.75, 8.25], "texture": "#0"},
				"up": {"uv": [0, 8, 0.75, 8.25], "rotation": 90, "texture": "#0"},
				"down": {"uv": [0, 8, 0.75, 8.25], "rotation": 270, "texture": "#0"}
			}
		},
		{
			"from": [6.5, 2.28125, 9.78125],
			"to": [6.75, 2.53125, 10.28125],
			"rotation": {"angle": 45, "axis": "y", "origin": [6.625, 2.40625, 9.90625]},
			"faces": {
				"north": {"uv": [0, 8, 0.75, 8.25], "texture": "#0"},
				"east": {"uv": [0, 8, 0.75, 8.25], "texture": "#0"},
				"south": {"uv": [0, 8, 0.75, 8.25], "texture": "#0"},
				"west": {"uv": [0, 8, 0.75, 8.25], "texture": "#0"},
				"up": {"uv": [0, 8, 0.75, 8.25], "rotation": 90, "texture": "#0"},
				"down": {"uv": [0, 8, 0.75, 8.25], "rotation": 270, "texture": "#0"}
			}
		},
		{
			"from": [4.66657, 2.28125, 6.32528],
			"to": [4.91657, 2.53125, 6.82528],
			"rotation": {"angle": -45, "axis": "y", "origin": [5.18546, 2.40625, 7.90967]},
			"faces": {
				"north": {"uv": [0, 8, 0.75, 8.25], "texture": "#0"},
				"east": {"uv": [0, 8, 0.75, 8.25], "texture": "#0"},
				"south": {"uv": [0, 8, 0.75, 8.25], "texture": "#0"},
				"west": {"uv": [0, 8, 0.75, 8.25], "texture": "#0"},
				"up": {"uv": [0, 8, 0.75, 8.25], "rotation": 90, "texture": "#0"},
				"down": {"uv": [0, 8, 0.75, 8.25], "rotation": 270, "texture": "#0"}
			}
		},
		{
			"from": [10.16657, 2.28125, 6.32528],
			"to": [10.41657, 2.53125, 6.82528],
			"rotation": {"angle": -45, "axis": "y", "origin": [10.68546, 2.40625, 7.90967]},
			"faces": {
				"north": {"uv": [0, 8, 0.75, 8.25], "texture": "#0"},
				"east": {"uv": [0, 8, 0.75, 8.25], "texture": "#0"},
				"south": {"uv": [0, 8, 0.75, 8.25], "texture": "#0"},
				"west": {"uv": [0, 8, 0.75, 8.25], "texture": "#0"},
				"up": {"uv": [0, 8, 0.75, 8.25], "rotation": 90, "texture": "#0"},
				"down": {"uv": [0, 8, 0.75, 8.25], "rotation": 270, "texture": "#0"}
			}
		},
		{
			"from": [8.25, 2.28125, 4.78125],
			"to": [8.75, 2.53125, 5.03125],
			"rotation": {"angle": 22.5, "axis": "y", "origin": [8.375, 2.40625, 4.90625]},
			"faces": {
				"north": {"uv": [0, 8, 0.75, 8.25], "texture": "#0"},
				"east": {"uv": [0, 8, 0.75, 8.25], "texture": "#0"},
				"south": {"uv": [0, 8, 0.75, 8.25], "texture": "#0"},
				"west": {"uv": [0, 8, 0.75, 8.25], "texture": "#0"},
				"up": {"uv": [0, 8, 0.75, 8.25], "texture": "#0"},
				"down": {"uv": [0, 8, 0.75, 8.25], "texture": "#0"}
			}
		},
		{
			"from": [8.25, 2.28125, 10.28125],
			"to": [8.75, 2.53125, 10.53125],
			"rotation": {"angle": 22.5, "axis": "y", "origin": [8.375, 2.40625, 10.40625]},
			"faces": {
				"north": {"uv": [0, 8, 0.75, 8.25], "texture": "#0"},
				"east": {"uv": [0, 8, 0.75, 8.25], "texture": "#0"},
				"south": {"uv": [0, 8, 0.75, 8.25], "texture": "#0"},
				"west": {"uv": [0, 8, 0.75, 8.25], "texture": "#0"},
				"up": {"uv": [0, 8, 0.75, 8.25], "texture": "#0"},
				"down": {"uv": [0, 8, 0.75, 8.25], "texture": "#0"}
			}
		},
		{
			"from": [5.12638, 2.28125, 8.28773],
			"to": [5.37638, 2.53125, 8.78773],
			"rotation": {"angle": 22.5, "axis": "y", "origin": [5.18546, 2.40625, 7.90967]},
			"faces": {
				"north": {"uv": [0, 8, 0.75, 8.25], "texture": "#0"},
				"east": {"uv": [0, 8, 0.75, 8.25], "texture": "#0"},
				"south": {"uv": [0, 8, 0.75, 8.25], "texture": "#0"},
				"west": {"uv": [0, 8, 0.75, 8.25], "texture": "#0"},
				"up": {"uv": [0, 8, 0.75, 8.25], "rotation": 90, "texture": "#0"},
				"down": {"uv": [0, 8, 0.75, 8.25], "rotation": 270, "texture": "#0"}
			}
		},
		{
			"from": [10.62638, 2.28125, 8.28773],
			"to": [10.87638, 2.53125, 8.78773],
			"rotation": {"angle": 22.5, "axis": "y", "origin": [10.68546, 2.40625, 7.90967]},
			"faces": {
				"north": {"uv": [0, 8, 0.75, 8.25], "texture": "#0"},
				"east": {"uv": [0, 8, 0.75, 8.25], "texture": "#0"},
				"south": {"uv": [0, 8, 0.75, 8.25], "texture": "#0"},
				"west": {"uv": [0, 8, 0.75, 8.25], "texture": "#0"},
				"up": {"uv": [0, 8, 0.75, 8.25], "rotation": 90, "texture": "#0"},
				"down": {"uv": [0, 8, 0.75, 8.25], "rotation": 270, "texture": "#0"}
			}
		},
		{
			"from": [9.99454, 2.28125, 9.28161],
			"to": [10.24454, 2.53125, 9.78161],
			"rotation": {"angle": -22.5, "axis": "y", "origin": [10.18546, 2.40625, 10.15967]},
			"faces": {
				"north": {"uv": [0, 8, 0.75, 8.25], "texture": "#0"},
				"east": {"uv": [0, 8, 0.75, 8.25], "texture": "#0"},
				"south": {"uv": [0, 8, 0.75, 8.25], "texture": "#0"},
				"west": {"uv": [0, 8, 0.75, 8.25], "texture": "#0"},
				"up": {"uv": [0, 8, 0.75, 8.25], "rotation": 270, "texture": "#0"},
				"down": {"uv": [0, 8, 0.75, 8.25], "rotation": 90, "texture": "#0"}
			}
		},
		{
			"from": [9.3074, 2.28125, 5.60059],
			"to": [9.8074, 2.53125, 5.85059],
			"rotation": {"angle": -22.5, "axis": "y", "origin": [10.18546, 2.40625, 5.65967]},
			"faces": {
				"north": {"uv": [0, 8, 0.75, 8.25], "texture": "#0"},
				"east": {"uv": [0, 8, 0.75, 8.25], "texture": "#0"},
				"south": {"uv": [0, 8, 0.75, 8.25], "texture": "#0"},
				"west": {"uv": [0, 8, 0.75, 8.25], "texture": "#0"},
				"up": {"uv": [0, 8, 0.75, 8.25], "rotation": 180, "texture": "#0"},
				"down": {"uv": [0, 8, 0.75, 8.25], "rotation": 180, "texture": "#0"}
			}
		},
		{
			"from": [4.99454, 2.28125, 4.78161],
			"to": [5.24454, 2.53125, 5.28161],
			"rotation": {"angle": -22.5, "axis": "y", "origin": [5.18546, 2.40625, 5.65967]},
			"faces": {
				"north": {"uv": [0, 8, 0.75, 8.25], "texture": "#0"},
				"east": {"uv": [0, 8, 0.75, 8.25], "texture": "#0"},
				"south": {"uv": [0, 8, 0.75, 8.25], "texture": "#0"},
				"west": {"uv": [0, 8, 0.75, 8.25], "texture": "#0"},
				"up": {"uv": [0, 8, 0.75, 8.25], "rotation": 270, "texture": "#0"},
				"down": {"uv": [0, 8, 0.75, 8.25], "rotation": 90, "texture": "#0"}
			}
		},
		{
			"from": [8.75, 2.28125, 4.28125],
			"to": [9.25, 2.53125, 4.53125],
			"rotation": {"angle": -45, "axis": "y", "origin": [9.125, 2.40625, 4.40625]},
			"faces": {
				"north": {"uv": [0, 8, 0.75, 8.25], "texture": "#0"},
				"east": {"uv": [0, 8, 0.75, 8.25], "texture": "#0"},
				"south": {"uv": [0, 8, 0.75, 8.25], "texture": "#0"},
				"west": {"uv": [0, 8, 0.75, 8.25], "texture": "#0"},
				"up": {"uv": [0, 8, 0.75, 8.25], "rotation": 180, "texture": "#0"},
				"down": {"uv": [0, 8, 0.75, 8.25], "rotation": 180, "texture": "#0"}
			}
		},
		{
			"from": [8.75, 2.28125, 9.78125],
			"to": [9.25, 2.53125, 10.03125],
			"rotation": {"angle": -45, "axis": "y", "origin": [9.125, 2.40625, 9.90625]},
			"faces": {
				"north": {"uv": [0, 8, 0.75, 8.25], "texture": "#0"},
				"east": {"uv": [0, 8, 0.75, 8.25], "texture": "#0"},
				"south": {"uv": [0, 8, 0.75, 8.25], "texture": "#0"},
				"west": {"uv": [0, 8, 0.75, 8.25], "texture": "#0"},
				"up": {"uv": [0, 8, 0.75, 8.25], "rotation": 180, "texture": "#0"},
				"down": {"uv": [0, 8, 0.75, 8.25], "rotation": 180, "texture": "#0"}
			}
		},
		{
			"from": [6.43434, 2.28125, 7.84305],
			"to": [6.68434, 2.53125, 8.34305],
			"rotation": {"angle": -45, "axis": "y", "origin": [5.18546, 2.40625, 7.90967]},
			"faces": {
				"north": {"uv": [0, 8, 0.75, 8.25], "texture": "#0"},
				"east": {"uv": [0, 8, 0.75, 8.25], "texture": "#0"},
				"south": {"uv": [0, 8, 0.75, 8.25], "texture": "#0"},
				"west": {"uv": [0, 8, 0.75, 8.25], "texture": "#0"},
				"up": {"uv": [0, 8, 0.75, 8.25], "rotation": 270, "texture": "#0"},
				"down": {"uv": [0, 8, 0.75, 8.25], "rotation": 90, "texture": "#0"}
			}
		},
		{
			"from": [11.93434, 2.28125, 7.84305],
			"to": [12.18434, 2.53125, 8.34305],
			"rotation": {"angle": -45, "axis": "y", "origin": [10.68546, 2.40625, 7.90967]},
			"faces": {
				"north": {"uv": [0, 8, 0.75, 8.25], "texture": "#0"},
				"east": {"uv": [0, 8, 0.75, 8.25], "texture": "#0"},
				"south": {"uv": [0, 8, 0.75, 8.25], "texture": "#0"},
				"west": {"uv": [0, 8, 0.75, 8.25], "texture": "#0"},
				"up": {"uv": [0, 8, 0.75, 8.25], "rotation": 270, "texture": "#0"},
				"down": {"uv": [0, 8, 0.75, 8.25], "rotation": 90, "texture": "#0"}
			}
		},
		{
			"from": [6.5, 2.28125, 5.78125],
			"to": [7.125, 2.53125, 6.03125],
			"rotation": {"angle": 22.5, "axis": "y", "origin": [6.875, 2.40625, 5.90625]},
			"faces": {
				"north": {"uv": [0, 8, 0.75, 8.25], "texture": "#0"},
				"east": {"uv": [0, 8, 0.75, 8.25], "texture": "#0"},
				"south": {"uv": [0, 8, 0.75, 8.25], "texture": "#0"},
				"west": {"uv": [0, 8, 0.75, 8.25], "texture": "#0"},
				"up": {"uv": [0, 8, 0.75, 8.25], "texture": "#0"},
				"down": {"uv": [0, 8, 0.75, 8.25], "texture": "#0"}
			}
		},
		{
			"from": [6.5, 2.28125, 11.28125],
			"to": [7.125, 2.53125, 11.53125],
			"rotation": {"angle": 22.5, "axis": "y", "origin": [6.875, 2.40625, 11.40625]},
			"faces": {
				"north": {"uv": [0, 8, 0.75, 8.25], "texture": "#0"},
				"east": {"uv": [0, 8, 0.75, 8.25], "texture": "#0"},
				"south": {"uv": [0, 8, 0.75, 8.25], "texture": "#0"},
				"west": {"uv": [0, 8, 0.75, 8.25], "texture": "#0"},
				"up": {"uv": [0, 8, 0.75, 8.25], "texture": "#0"},
				"down": {"uv": [0, 8, 0.75, 8.25], "texture": "#0"}
			}
		},
		{
			"from": [4.77653, 2.28125, 6.26922],
			"to": [5.02653, 2.53125, 6.89422],
			"rotation": {"angle": 22.5, "axis": "y", "origin": [5.18546, 2.40625, 7.90967]},
			"faces": {
				"north": {"uv": [0, 8, 0.75, 8.25], "texture": "#0"},
				"east": {"uv": [0, 8, 0.75, 8.25], "texture": "#0"},
				"south": {"uv": [0, 8, 0.75, 8.25], "texture": "#0"},
				"west": {"uv": [0, 8, 0.75, 8.25], "texture": "#0"},
				"up": {"uv": [0, 8, 0.75, 8.25], "rotation": 90, "texture": "#0"},
				"down": {"uv": [0, 8, 0.75, 8.25], "rotation": 270, "texture": "#0"}
			}
		},
		{
			"from": [10.27653, 2.28125, 6.26922],
			"to": [10.52653, 2.53125, 6.89422],
			"rotation": {"angle": 22.5, "axis": "y", "origin": [10.68546, 2.40625, 7.90967]},
			"faces": {
				"north": {"uv": [0, 8, 0.75, 8.25], "texture": "#0"},
				"east": {"uv": [0, 8, 0.75, 8.25], "texture": "#0"},
				"south": {"uv": [0, 8, 0.75, 8.25], "texture": "#0"},
				"west": {"uv": [0, 8, 0.75, 8.25], "texture": "#0"},
				"up": {"uv": [0, 8, 0.75, 8.25], "rotation": 90, "texture": "#0"},
				"down": {"uv": [0, 8, 0.75, 8.25], "rotation": 270, "texture": "#0"}
			}
		},
		{
			"from": [10.34439, 2.28125, 11.17511],
			"to": [10.59439, 2.53125, 11.80011],
			"rotation": {"angle": -22.5, "axis": "y", "origin": [10.18546, 2.40625, 10.15967]},
			"faces": {
				"north": {"uv": [0, 8, 0.75, 8.25], "texture": "#0"},
				"east": {"uv": [0, 8, 0.75, 8.25], "texture": "#0"},
				"south": {"uv": [0, 8, 0.75, 8.25], "texture": "#0"},
				"west": {"uv": [0, 8, 0.75, 8.25], "texture": "#0"},
				"up": {"uv": [0, 8, 0.75, 8.25], "rotation": 270, "texture": "#0"},
				"down": {"uv": [0, 8, 0.75, 8.25], "rotation": 90, "texture": "#0"}
			}
		},
		{
			"from": [11.2009, 2.28125, 5.25073],
			"to": [11.8259, 2.53125, 5.50073],
			"rotation": {"angle": -22.5, "axis": "y", "origin": [10.18546, 2.40625, 5.65967]},
			"faces": {
				"north": {"uv": [0, 8, 0.75, 8.25], "texture": "#0"},
				"east": {"uv": [0, 8, 0.75, 8.25], "texture": "#0"},
				"south": {"uv": [0, 8, 0.75, 8.25], "texture": "#0"},
				"west": {"uv": [0, 8, 0.75, 8.25], "texture": "#0"},
				"up": {"uv": [0, 8, 0.75, 8.25], "rotation": 180, "texture": "#0"},
				"down": {"uv": [0, 8, 0.75, 8.25], "rotation": 180, "texture": "#0"}
			}
		},
		{
			"from": [5.34439, 2.28125, 6.67511],
			"to": [5.59439, 2.53125, 7.30011],
			"rotation": {"angle": -22.5, "axis": "y", "origin": [5.18546, 2.40625, 5.65967]},
			"faces": {
				"north": {"uv": [0, 8, 0.75, 8.25], "texture": "#0"},
				"east": {"uv": [0, 8, 0.75, 8.25], "texture": "#0"},
				"south": {"uv": [0, 8, 0.75, 8.25], "texture": "#0"},
				"west": {"uv": [0, 8, 0.75, 8.25], "texture": "#0"},
				"up": {"uv": [0, 8, 0.75, 8.25], "rotation": 270, "texture": "#0"},
				"down": {"uv": [0, 8, 0.75, 8.25], "rotation": 90, "texture": "#0"}
			}
		},
		{
			"from": [4.29502, 2.28125, 10.3186],
			"to": [4.92002, 2.53125, 10.5686],
			"rotation": {"angle": -22.5, "axis": "y", "origin": [5.93546, 2.40625, 10.15967]},
			"faces": {
				"north": {"uv": [0, 8, 0.75, 8.25], "texture": "#0"},
				"east": {"uv": [0, 8, 0.75, 8.25], "texture": "#0"},
				"south": {"uv": [0, 8, 0.75, 8.25], "texture": "#0"},
				"west": {"uv": [0, 8, 0.75, 8.25], "texture": "#0"},
				"up": {"uv": [0, 8, 0.75, 8.25], "texture": "#0"},
				"down": {"uv": [0, 8, 0.75, 8.25], "texture": "#0"}
			}
		},
		{
			"from": [8, 2.28125, 5.28125],
			"to": [8.25, 2.53125, 6.03125],
			"rotation": {"angle": -22.5, "axis": "y", "origin": [8.125, 2.40625, 5.65625]},
			"faces": {
				"north": {"uv": [0, 8, 0.75, 8.25], "texture": "#0"},
				"east": {"uv": [0, 8, 0.75, 8.25], "texture": "#0"},
				"south": {"uv": [0, 8, 0.75, 8.25], "texture": "#0"},
				"west": {"uv": [0, 8, 0.75, 8.25], "texture": "#0"},
				"up": {"uv": [0, 8, 0.75, 8.25], "rotation": 90, "texture": "#0"},
				"down": {"uv": [0, 8, 0.75, 8.25], "rotation": 270, "texture": "#0"}
			}
		},
		{
			"from": [8, 2.28125, 10.78125],
			"to": [8.25, 2.53125, 11.53125],
			"rotation": {"angle": -22.5, "axis": "y", "origin": [8.125, 2.40625, 11.15625]},
			"faces": {
				"north": {"uv": [0, 8, 0.75, 8.25], "texture": "#0"},
				"east": {"uv": [0, 8, 0.75, 8.25], "texture": "#0"},
				"south": {"uv": [0, 8, 0.75, 8.25], "texture": "#0"},
				"west": {"uv": [0, 8, 0.75, 8.25], "texture": "#0"},
				"up": {"uv": [0, 8, 0.75, 8.25], "rotation": 90, "texture": "#0"},
				"down": {"uv": [0, 8, 0.75, 8.25], "rotation": 270, "texture": "#0"}
			}
		},
		{
			"from": [4.42421, 2.28125, 8.14981],
			"to": [5.17421, 2.53125, 8.39981],
			"rotation": {"angle": -22.5, "axis": "y", "origin": [5.18546, 2.40625, 7.90967]},
			"faces": {
				"north": {"uv": [0, 8, 0.75, 8.25], "texture": "#0"},
				"east": {"uv": [0, 8, 0.75, 8.25], "texture": "#0"},
				"south": {"uv": [0, 8, 0.75, 8.25], "texture": "#0"},
				"west": {"uv": [0, 8, 0.75, 8.25], "texture": "#0"},
				"up": {"uv": [0, 8, 0.75, 8.25], "rotation": 180, "texture": "#0"},
				"down": {"uv": [0, 8, 0.75, 8.25], "rotation": 180, "texture": "#0"}
			}
		},
		{
			"from": [9.92421, 2.28125, 8.14981],
			"to": [10.67421, 2.53125, 8.39981],
			"rotation": {"angle": -22.5, "axis": "y", "origin": [10.68546, 2.40625, 7.90967]},
			"faces": {
				"north": {"uv": [0, 8, 0.75, 8.25], "texture": "#0"},
				"east": {"uv": [0, 8, 0.75, 8.25], "texture": "#0"},
				"south": {"uv": [0, 8, 0.75, 8.25], "texture": "#0"},
				"west": {"uv": [0, 8, 0.75, 8.25], "texture": "#0"},
				"up": {"uv": [0, 8, 0.75, 8.25], "rotation": 180, "texture": "#0"},
				"down": {"uv": [0, 8, 0.75, 8.25], "rotation": 180, "texture": "#0"}
			}
		},
		{
			"from": [10.42561, 2.28125, 10.17092],
			"to": [10.67561, 2.53125, 10.92092],
			"rotation": {"angle": 22.5, "axis": "y", "origin": [10.18546, 2.40625, 10.15967]},
			"faces": {
				"north": {"uv": [0, 8, 0.75, 8.25], "texture": "#0"},
				"east": {"uv": [0, 8, 0.75, 8.25], "texture": "#0"},
				"south": {"uv": [0, 8, 0.75, 8.25], "texture": "#0"},
				"west": {"uv": [0, 8, 0.75, 8.25], "texture": "#0"},
				"up": {"uv": [0, 8, 0.75, 8.25], "rotation": 90, "texture": "#0"},
				"down": {"uv": [0, 8, 0.75, 8.25], "rotation": 270, "texture": "#0"}
			}
		},
		{
			"from": [10.19671, 2.28125, 5.16952],
			"to": [10.94671, 2.53125, 5.41952],
			"rotation": {"angle": 22.5, "axis": "y", "origin": [10.18546, 2.40625, 5.65967]},
			"faces": {
				"north": {"uv": [0, 8, 0.75, 8.25], "texture": "#0"},
				"east": {"uv": [0, 8, 0.75, 8.25], "texture": "#0"},
				"south": {"uv": [0, 8, 0.75, 8.25], "texture": "#0"},
				"west": {"uv": [0, 8, 0.75, 8.25], "texture": "#0"},
				"up": {"uv": [0, 8, 0.75, 8.25], "texture": "#0"},
				"down": {"uv": [0, 8, 0.75, 8.25], "texture": "#0"}
			}
		},
		{
			"from": [5.42561, 2.28125, 5.67092],
			"to": [5.67561, 2.53125, 6.42092],
			"rotation": {"angle": 22.5, "axis": "y", "origin": [5.18546, 2.40625, 5.65967]},
			"faces": {
				"north": {"uv": [0, 8, 0.75, 8.25], "texture": "#0"},
				"east": {"uv": [0, 8, 0.75, 8.25], "texture": "#0"},
				"south": {"uv": [0, 8, 0.75, 8.25], "texture": "#0"},
				"west": {"uv": [0, 8, 0.75, 8.25], "texture": "#0"},
				"up": {"uv": [0, 8, 0.75, 8.25], "rotation": 90, "texture": "#0"},
				"down": {"uv": [0, 8, 0.75, 8.25], "rotation": 270, "texture": "#0"}
			}
		},
		{
			"from": [5.17421, 2.28125, 10.39981],
			"to": [5.92421, 2.53125, 10.64981],
			"rotation": {"angle": 22.5, "axis": "y", "origin": [5.93546, 2.40625, 10.15967]},
			"faces": {
				"north": {"uv": [0, 8, 0.75, 8.25], "texture": "#0"},
				"east": {"uv": [0, 8, 0.75, 8.25], "texture": "#0"},
				"south": {"uv": [0, 8, 0.75, 8.25], "texture": "#0"},
				"west": {"uv": [0, 8, 0.75, 8.25], "texture": "#0"},
				"up": {"uv": [0, 8, 0.75, 8.25], "rotation": 180, "texture": "#0"},
				"down": {"uv": [0, 8, 0.75, 8.25], "rotation": 180, "texture": "#0"}
			}
		},
		{
			"from": [8.5, 2.28125, 5.78125],
			"to": [9.25, 2.53125, 6.03125],
			"rotation": {"angle": -22.5, "axis": "y", "origin": [8.875, 2.40625, 5.90625]},
			"faces": {
				"north": {"uv": [0, 8, 0.75, 8.25], "texture": "#0"},
				"east": {"uv": [0, 8, 0.75, 8.25], "texture": "#0"},
				"south": {"uv": [0, 8, 0.75, 8.25], "texture": "#0"},
				"west": {"uv": [0, 8, 0.75, 8.25], "texture": "#0"},
				"up": {"uv": [0, 8, 0.75, 8.25], "rotation": 180, "texture": "#0"},
				"down": {"uv": [0, 8, 0.75, 8.25], "rotation": 180, "texture": "#0"}
			}
		},
		{
			"from": [8.5, 2.28125, 11.28125],
			"to": [9.25, 2.53125, 11.53125],
			"rotation": {"angle": -22.5, "axis": "y", "origin": [8.875, 2.40625, 11.40625]},
			"faces": {
				"north": {"uv": [0, 8, 0.75, 8.25], "texture": "#0"},
				"east": {"uv": [0, 8, 0.75, 8.25], "texture": "#0"},
				"south": {"uv": [0, 8, 0.75, 8.25], "texture": "#0"},
				"west": {"uv": [0, 8, 0.75, 8.25], "texture": "#0"},
				"up": {"uv": [0, 8, 0.75, 8.25], "rotation": 180, "texture": "#0"},
				"down": {"uv": [0, 8, 0.75, 8.25], "rotation": 180, "texture": "#0"}
			}
		},
		{
			"from": [4.73025, 2.28125, 8.68839],
			"to": [4.98025, 2.53125, 9.43839],
			"rotation": {"angle": -22.5, "axis": "y", "origin": [5.18546, 2.40625, 7.90967]},
			"faces": {
				"north": {"uv": [0, 8, 0.75, 8.25], "texture": "#0"},
				"east": {"uv": [0, 8, 0.75, 8.25], "texture": "#0"},
				"south": {"uv": [0, 8, 0.75, 8.25], "texture": "#0"},
				"west": {"uv": [0, 8, 0.75, 8.25], "texture": "#0"},
				"up": {"uv": [0, 8, 0.75, 8.25], "rotation": 270, "texture": "#0"},
				"down": {"uv": [0, 8, 0.75, 8.25], "rotation": 90, "texture": "#0"}
			}
		},
		{
			"from": [10.23025, 2.28125, 8.68839],
			"to": [10.48025, 2.53125, 9.43839],
			"rotation": {"angle": -22.5, "axis": "y", "origin": [10.68546, 2.40625, 7.90967]},
			"faces": {
				"north": {"uv": [0, 8, 0.75, 8.25], "texture": "#0"},
				"east": {"uv": [0, 8, 0.75, 8.25], "texture": "#0"},
				"south": {"uv": [0, 8, 0.75, 8.25], "texture": "#0"},
				"west": {"uv": [0, 8, 0.75, 8.25], "texture": "#0"},
				"up": {"uv": [0, 8, 0.75, 8.25], "rotation": 270, "texture": "#0"},
				"down": {"uv": [0, 8, 0.75, 8.25], "rotation": 90, "texture": "#0"}
			}
		},
		{
			"from": [10.96419, 2.28125, 10.36487],
			"to": [11.71419, 2.53125, 10.61487],
			"rotation": {"angle": 22.5, "axis": "y", "origin": [10.18546, 2.40625, 10.15967]},
			"faces": {
				"north": {"uv": [0, 8, 0.75, 8.25], "texture": "#0"},
				"east": {"uv": [0, 8, 0.75, 8.25], "texture": "#0"},
				"south": {"uv": [0, 8, 0.75, 8.25], "texture": "#0"},
				"west": {"uv": [0, 8, 0.75, 8.25], "texture": "#0"},
				"up": {"uv": [0, 8, 0.75, 8.25], "rotation": 180, "texture": "#0"},
				"down": {"uv": [0, 8, 0.75, 8.25], "rotation": 180, "texture": "#0"}
			}
		},
		{
			"from": [10.39067, 2.28125, 4.13094],
			"to": [10.64067, 2.53125, 4.88094],
			"rotation": {"angle": 22.5, "axis": "y", "origin": [10.18546, 2.40625, 5.65967]},
			"faces": {
				"north": {"uv": [0, 8, 0.75, 8.25], "texture": "#0"},
				"east": {"uv": [0, 8, 0.75, 8.25], "texture": "#0"},
				"south": {"uv": [0, 8, 0.75, 8.25], "texture": "#0"},
				"west": {"uv": [0, 8, 0.75, 8.25], "texture": "#0"},
				"up": {"uv": [0, 8, 0.75, 8.25], "rotation": 90, "texture": "#0"},
				"down": {"uv": [0, 8, 0.75, 8.25], "rotation": 270, "texture": "#0"}
			}
		},
		{
			"from": [5.96419, 2.28125, 5.86487],
			"to": [6.71419, 2.53125, 6.11487],
			"rotation": {"angle": 22.5, "axis": "y", "origin": [5.18546, 2.40625, 5.65967]},
			"faces": {
				"north": {"uv": [0, 8, 0.75, 8.25], "texture": "#0"},
				"east": {"uv": [0, 8, 0.75, 8.25], "texture": "#0"},
				"south": {"uv": [0, 8, 0.75, 8.25], "texture": "#0"},
				"west": {"uv": [0, 8, 0.75, 8.25], "texture": "#0"},
				"up": {"uv": [0, 8, 0.75, 8.25], "rotation": 180, "texture": "#0"},
				"down": {"uv": [0, 8, 0.75, 8.25], "rotation": 180, "texture": "#0"}
			}
		},
		{
			"from": [5.48025, 2.28125, 10.93839],
			"to": [5.73025, 2.53125, 11.68839],
			"rotation": {"angle": 22.5, "axis": "y", "origin": [5.93546, 2.40625, 10.15967]},
			"faces": {
				"north": {"uv": [0, 8, 0.75, 8.25], "texture": "#0"},
				"east": {"uv": [0, 8, 0.75, 8.25], "texture": "#0"},
				"south": {"uv": [0, 8, 0.75, 8.25], "texture": "#0"},
				"west": {"uv": [0, 8, 0.75, 8.25], "texture": "#0"},
				"up": {"uv": [0, 8, 0.75, 8.25], "rotation": 270, "texture": "#0"},
				"down": {"uv": [0, 8, 0.75, 8.25], "rotation": 90, "texture": "#0"}
			}
		}
	],
	"display": {
		"thirdperson_righthand": {
			"translation": [0, 2.5, -1.25],
			"scale": [0.5, 0.5, 0.5]
		},
		"thirdperson_lefthand": {
			"translation": [0, 1.75, -1.5],
			"scale": [0.5, 0.5, 0.5]
		},
		"firstperson_righthand": {
			"rotation": [67, 2, 32],
			"translation": [-0.25, 3.75, 4.5],
			"scale": [0.5, 0.5, 0.5]
		},
		"firstperson_lefthand": {
			"rotation": [78, 0, 26],
			"translation": [5.25, 1.25, 0.75],
			"scale": [0.5, 0.5, 0.5]
		},
		"ground": {
			"translation": [0, 4, 0]
		},
		"gui": {
			"rotation": [90, -46, 30],
			"translation": [-3, 2.25, 0],
			"scale": [1.3, 1.3, 1.3]
		},
		"head": {
			"translation": [0, 14.25, 0]
		},
		"fixed": {
			"rotation": [-90, 0, 0],
			"translation": [0, 0, -8]
		}
	}
}