{
	"credit": "quiktori",
	"textures": {
		"0": "items/hats/quiktori",
		"3": "items/hats/headphones",
		"particle": "items/hats/headphones"
	},
	"elements": [
		{
			"name": "hexadecagon",
			"from": [11.82683, 3.89865, 7],
			"to": [12.775, 4.29647, 9],
			"rotation": {"angle": 22.5, "axis": "x", "origin": [12.15, 4.09756, 8]},
			"faces": {
				"north": {"uv": [0, 0.2, 15, 1.8], "texture": "#3"},
				"east": {"uv": [0, 0.2, 1, 15.8], "rotation": 90, "texture": "#3"},
				"south": {"uv": [0, 0.2, 15, 1.8], "rotation": 180, "texture": "#3"},
				"west": {"uv": [15.5, 3, 14.5, 4], "texture": "#3"}
			}
		},
		{
			"name": "hexadecagon",
			"from": [11.82927, 3.09756, 7.80109],
			"to": [12.77744, 5.09756, 8.19891],
			"rotation": {"angle": 0, "axis": "x", "origin": [12.15244, 4.09756, 8]},
			"faces": {
				"north": {"uv": [0, 0, 15, 16], "texture": "#3"},
				"east": {"uv": [0, 0, 1, 16], "texture": "#3"},
				"south": {"uv": [0, 0, 15, 16], "rotation": 180, "texture": "#3"},
				"west": {"uv": [15.5, 3, 14.5, 4], "texture": "#3"},
				"up": {"uv": [0, 0, 14.5, 1], "rotation": 180, "texture": "#3"},
				"down": {"uv": [0, 0, 15, 1], "rotation": 180, "texture": "#3"}
			}
		},
		{
			"name": "hexadecagon",
			"from": [11.82927, 3.09756, 7.80109],
			"to": [12.77744, 5.09756, 8.19891],
			"rotation": {"angle": 45, "axis": "x", "origin": [12.15244, 4.09756, 8]},
			"faces": {
				"north": {"uv": [0, 0, 15, 16], "texture": "#3"},
				"east": {"uv": [0, 0, 1, 16], "texture": "#3"},
				"south": {"uv": [0, 0, 15, 16], "rotation": 180, "texture": "#3"},
				"west": {"uv": [15.5, 3, 14.5, 4], "texture": "#3"},
				"up": {"uv": [0, 0, 15, 1], "rotation": 180, "texture": "#3"},
				"down": {"uv": [0, 0, 15, 1], "rotation": 180, "texture": "#3"}
			}
		},
		{
			"name": "hexadecagon",
			"from": [11.82927, 3.89865, 7],
			"to": [12.77744, 4.29647, 9],
			"rotation": {"angle": 0, "axis": "x", "origin": [12.15244, 4.09756, 8]},
			"faces": {
				"north": {"uv": [0, 0, 15, 1], "texture": "#3"},
				"east": {"uv": [0, 0, 1, 16], "rotation": 270, "texture": "#3"},
				"south": {"uv": [0, 0, 15, 1], "rotation": 180, "texture": "#3"},
				"west": {"uv": [15.5, 3, 14.5, 4], "texture": "#3"},
				"up": {"uv": [0, 0, 15, 16], "rotation": 180, "texture": "#3"},
				"down": {"uv": [0, 0, 15, 16], "rotation": 180, "texture": "#3"}
			}
		},
		{
			"name": "hexadecagon",
			"from": [11.82927, 3.89865, 7],
			"to": [12.77744, 4.29647, 9],
			"rotation": {"angle": 45, "axis": "x", "origin": [12.15244, 4.09756, 8]},
			"faces": {
				"north": {"uv": [0, 0, 15, 1], "texture": "#3"},
				"east": {"uv": [0, 0, 1, 16], "rotation": 270, "texture": "#3"},
				"south": {"uv": [0, 0, 15, 1], "rotation": 180, "texture": "#3"},
				"west": {"uv": [15.5, 3, 14.5, 4], "texture": "#3"},
				"up": {"uv": [0, 0, 15, 16], "rotation": 180, "texture": "#3"},
				"down": {"uv": [0, 0, 15, 16], "rotation": 180, "texture": "#3"}
			}
		},
		{
			"name": "hexadecagon",
			"from": [11.82683, 3.89865, 7],
			"to": [12.775, 4.29647, 9],
			"rotation": {"angle": -22.5, "axis": "x", "origin": [12.15, 4.09756, 8]},
			"faces": {
				"north": {"uv": [0, 0.2, 15, 1.8], "texture": "#3"},
				"east": {"uv": [0, 0.2, 1, 15.8], "rotation": 90, "texture": "#3"},
				"south": {"uv": [0, 0.2, 15, 1.8], "rotation": 180, "texture": "#3"},
				"west": {"uv": [15.5, 3, 14.5, 4], "texture": "#3"}
			}
		},
		{
			"name": "hexadecagon",
			"from": [11.82683, 3.09756, 7.80109],
			"to": [12.775, 5.09756, 8.19891],
			"rotation": {"angle": 22.5, "axis": "x", "origin": [12.15, 4.09756, 8]},
			"faces": {
				"east": {"uv": [0, 0.2, 1, 15.8], "rotation": 180, "texture": "#3"},
				"west": {"uv": [15.5, 3, 14.5, 4], "texture": "#3"},
				"up": {"uv": [0, 0.2, 15, 1.8], "rotation": 180, "texture": "#3"},
				"down": {"uv": [0, 0.2, 15, 1.8], "rotation": 180, "texture": "#3"}
			}
		},
		{
			"name": "hexadecagon",
			"from": [11.82683, 3.09756, 7.80109],
			"to": [12.775, 5.09756, 8.19891],
			"rotation": {"angle": -22.5, "axis": "x", "origin": [12.15, 4.09756, 8]},
			"faces": {
				"east": {"uv": [0, 0.2, 1, 15.8], "rotation": 180, "texture": "#3"},
				"west": {"uv": [15.5, 3, 14.5, 4], "texture": "#3"},
				"up": {"uv": [0, 0.2, 15, 1.8], "rotation": 180, "texture": "#3"},
				"down": {"uv": [0, 0.2, 15, 1.8], "rotation": 180, "texture": "#3"}
			}
		},
		{
			"name": "hexadecagon",
			"from": [11.25, 3.79919, 6.5],
			"to": [11.90244, 4.39593, 7],
			"rotation": {"angle": -45, "axis": "x", "origin": [11.40244, 4.09756, 8]},
			"faces": {
				"north": {"uv": [5, 6, 5.5, 6.5], "rotation": 90, "texture": "#3"},
				"east": {"uv": [5, 6, 5.5, 6.5], "texture": "#3"},
				"south": {"uv": [5, 6, 5.5, 6.5], "texture": "#3"},
				"west": {"uv": [5, 6, 5.5, 6.5], "texture": "#3"}
			}
		},
		{
			"name": "hexadecagon",
			"from": [11.25, 3.79919, 6.5],
			"to": [11.90244, 4.39593, 7],
			"rotation": {"angle": -22.5, "axis": "x", "origin": [11.40244, 4.09756, 8]},
			"faces": {
				"north": {"uv": [5, 6, 5.5, 6.5], "rotation": 90, "texture": "#3"},
				"east": {"uv": [5, 6, 5.5, 6.5], "texture": "#3"},
				"south": {"uv": [5, 6, 5.5, 6.5], "texture": "#3"},
				"west": {"uv": [5, 6, 5.5, 6.5], "texture": "#3"}
			}
		},
		{
			"name": "hexadecagon",
			"from": [11.25, 3.79919, 6.5],
			"to": [11.90244, 4.39593, 7],
			"rotation": {"angle": 0, "axis": "x", "origin": [11.40244, 4.09756, 8]},
			"faces": {
				"north": {"uv": [5, 6, 5.5, 6.5], "rotation": 90, "texture": "#3"},
				"east": {"uv": [5, 6, 5.5, 6.5], "texture": "#3"},
				"south": {"uv": [5, 6, 5.5, 6.5], "texture": "#3"},
				"west": {"uv": [5, 6, 5.5, 6.5], "texture": "#3"}
			}
		},
		{
			"name": "hexadecagon",
			"from": [11.25, 3.79919, 6.5],
			"to": [11.90244, 4.39593, 7],
			"rotation": {"angle": 22.5, "axis": "x", "origin": [11.40244, 4.09756, 8]},
			"faces": {
				"north": {"uv": [5, 6, 5.5, 6.5], "rotation": 90, "texture": "#3"},
				"east": {"uv": [5, 6, 5.5, 6.5], "texture": "#3"},
				"south": {"uv": [5, 6, 5.5, 6.5], "texture": "#3"},
				"west": {"uv": [5, 6, 5.5, 6.5], "texture": "#3"}
			}
		},
		{
			"name": "hexadecagon",
			"from": [11.25, 3.79919, 6.5],
			"to": [11.90244, 4.39593, 7],
			"rotation": {"angle": 45, "axis": "x", "origin": [11.40244, 4.09756, 8]},
			"faces": {
				"north": {"uv": [5, 6, 5.5, 6.5], "rotation": 90, "texture": "#3"},
				"east": {"uv": [5, 6, 5.5, 6.5], "texture": "#3"},
				"south": {"uv": [5, 6, 5.5, 6.5], "texture": "#3"},
				"west": {"uv": [5, 6, 5.5, 6.5], "texture": "#3"}
			}
		},
		{
			"name": "hexadecagon",
			"from": [11.25, 3.79919, 9],
			"to": [11.90244, 4.39593, 9.5],
			"rotation": {"angle": -45, "axis": "x", "origin": [11.40244, 4.09756, 8]},
			"faces": {
				"north": {"uv": [5, 6, 5.5, 6.5], "rotation": 90, "texture": "#3"},
				"east": {"uv": [5, 6, 5.5, 6.5], "texture": "#3"},
				"south": {"uv": [5, 6, 5.5, 6.5], "texture": "#3"},
				"west": {"uv": [5, 6, 5.5, 6.5], "texture": "#3"}
			}
		},
		{
			"name": "hexadecagon",
			"from": [11.25, 3.79919, 9],
			"to": [11.90244, 4.39593, 9.5],
			"rotation": {"angle": -22.5, "axis": "x", "origin": [11.40244, 4.09756, 8]},
			"faces": {
				"north": {"uv": [5, 6, 5.5, 6.5], "rotation": 90, "texture": "#3"},
				"east": {"uv": [5, 6, 5.5, 6.5], "texture": "#3"},
				"south": {"uv": [5, 6, 5.5, 6.5], "texture": "#3"},
				"west": {"uv": [5, 6, 5.5, 6.5], "texture": "#3"}
			}
		},
		{
			"name": "hexadecagon",
			"from": [11.25, 3.79919, 9],
			"to": [11.90244, 4.39593, 9.5],
			"rotation": {"angle": 0, "axis": "x", "origin": [11.40244, 4.09756, 8]},
			"faces": {
				"north": {"uv": [5, 6, 5.5, 6.5], "rotation": 90, "texture": "#3"},
				"east": {"uv": [5, 6, 5.5, 6.5], "texture": "#3"},
				"south": {"uv": [5, 6, 5.5, 6.5], "texture": "#3"},
				"west": {"uv": [5, 6, 5.5, 6.5], "texture": "#3"}
			}
		},
		{
			"name": "hexadecagon",
			"from": [11.25, 3.79919, 9],
			"to": [11.90244, 4.39593, 9.5],
			"rotation": {"angle": 22.5, "axis": "x", "origin": [11.40244, 4.09756, 8]},
			"faces": {
				"north": {"uv": [5, 6, 5.5, 6.5], "rotation": 90, "texture": "#3"},
				"east": {"uv": [5, 6, 5.5, 6.5], "texture": "#3"},
				"south": {"uv": [5, 6, 5.5, 6.5], "texture": "#3"},
				"west": {"uv": [5, 6, 5.5, 6.5], "texture": "#3"}
			}
		},
		{
			"name": "hexadecagon",
			"from": [11.25, 3.79919, 9],
			"to": [11.90244, 4.39593, 9.5],
			"rotation": {"angle": 45, "axis": "x", "origin": [11.40244, 4.09756, 8]},
			"faces": {
				"north": {"uv": [5, 6, 5.5, 6.5], "rotation": 90, "texture": "#3"},
				"east": {"uv": [5, 6, 5.5, 6.5], "texture": "#3"},
				"south": {"uv": [5, 6, 5.5, 6.5], "texture": "#3"},
				"west": {"uv": [5, 6, 5.5, 6.5], "texture": "#3"}
			}
		},
		{
			"name": "hexadecagon",
			"from": [11.25, 2.59756, 7.70163],
			"to": [11.90244, 3.09756, 8.29837],
			"rotation": {"angle": -22.5, "axis": "x", "origin": [11.40244, 4.09756, 8]},
			"faces": {
				"east": {"uv": [5, 6, 5.5, 6.5], "texture": "#3"},
				"west": {"uv": [5, 6, 5.5, 6.5], "texture": "#3"},
				"up": {"uv": [5, 6, 5.5, 6.5], "texture": "#3"},
				"down": {"uv": [5, 6, 5.5, 6.5], "texture": "#3"}
			}
		},
		{
			"name": "hexadecagon",
			"from": [11.25, 2.59756, 7.70163],
			"to": [11.90244, 3.09756, 8.29837],
			"rotation": {"angle": 0, "axis": "x", "origin": [11.40244, 4.09756, 8]},
			"faces": {
				"east": {"uv": [5, 6, 5.5, 6.5], "texture": "#3"},
				"west": {"uv": [5, 6, 5.5, 6.5], "texture": "#3"},
				"up": {"uv": [5, 6, 5.5, 6.5], "texture": "#3"},
				"down": {"uv": [5, 6, 5.5, 6.5], "texture": "#3"}
			}
		},
		{
			"name": "hexadecagon",
			"from": [11.25, 2.59756, 7.70163],
			"to": [11.90244, 3.09756, 8.29837],
			"rotation": {"angle": 22.5, "axis": "x", "origin": [11.40244, 4.09756, 8]},
			"faces": {
				"east": {"uv": [5, 6, 5.5, 6.5], "texture": "#3"},
				"west": {"uv": [5, 6, 5.5, 6.5], "texture": "#3"},
				"up": {"uv": [5, 6, 5.5, 6.5], "texture": "#3"},
				"down": {"uv": [5, 6, 5.5, 6.5], "texture": "#3"}
			}
		},
		{
			"name": "hexadecagon",
			"from": [11.25, 5.09756, 7.70163],
			"to": [11.90244, 5.59756, 8.29837],
			"rotation": {"angle": -22.5, "axis": "x", "origin": [11.40244, 4.09756, 8]},
			"faces": {
				"east": {"uv": [5, 6, 5.5, 6.5], "texture": "#3"},
				"west": {"uv": [5, 6, 5.5, 6.5], "texture": "#3"},
				"up": {"uv": [5, 6, 5.5, 6.5], "texture": "#3"},
				"down": {"uv": [5, 6, 5.5, 6.5], "texture": "#3"}
			}
		},
		{
			"name": "hexadecagon",
			"from": [11.25, 5.09756, 7.70163],
			"to": [11.90244, 5.59756, 8.29837],
			"rotation": {"angle": 0, "axis": "x", "origin": [11.40244, 4.09756, 8]},
			"faces": {
				"east": {"uv": [5, 6, 5.5, 6.5], "texture": "#3"},
				"west": {"uv": [5, 6, 5.5, 6.5], "texture": "#3"},
				"up": {"uv": [5, 6, 5.5, 6.5], "texture": "#3"},
				"down": {"uv": [5, 6, 5.5, 6.5], "texture": "#3"}
			}
		},
		{
			"name": "hexadecagon",
			"from": [11.25, 5.09756, 7.70163],
			"to": [11.90244, 5.59756, 8.29837],
			"rotation": {"angle": 22.5, "axis": "x", "origin": [11.40244, 4.09756, 8]},
			"faces": {
				"east": {"uv": [5, 6, 5.5, 6.5], "texture": "#3"},
				"west": {"uv": [5, 6, 5.5, 6.5], "texture": "#3"},
				"up": {"uv": [5, 6, 5.5, 6.5], "texture": "#3"},
				"down": {"uv": [5, 6, 5.5, 6.5], "texture": "#3"}
			}
		},
		{
			"name": "hexadecagon",
			"from": [12.15244, 3.79919, 6.5],
			"to": [12.65244, 4.39593, 9.5],
			"rotation": {"angle": -45, "axis": "x", "origin": [12.40244, 4.09756, 8]},
			"faces": {
				"north": {"uv": [5, 6, 5.5, 6.5], "rotation": 90, "texture": "#3"},
				"east": {"uv": [5, 6, 5.5, 6.5], "rotation": 90, "texture": "#3"},
				"south": {"uv": [5, 6, 5.5, 6.5], "rotation": 90, "texture": "#3"},
				"west": {"uv": [5, 6, 5.5, 6.5], "rotation": 90, "texture": "#3"}
			}
		},
		{
			"name": "hexadecagon",
			"from": [12.15244, 3.79919, 6.5],
			"to": [12.65244, 4.39593, 9.5],
			"rotation": {"angle": -22.5, "axis": "x", "origin": [12.40244, 4.09756, 8]},
			"faces": {
				"north": {"uv": [5, 6, 5.5, 6.5], "rotation": 90, "texture": "#3"},
				"east": {"uv": [5, 6, 5.5, 6.5], "rotation": 90, "texture": "#3"},
				"south": {"uv": [5, 6, 5.5, 6.5], "rotation": 90, "texture": "#3"},
				"west": {"uv": [5, 6, 5.5, 6.5], "rotation": 90, "texture": "#3"}
			}
		},
		{
			"name": "hexadecagon",
			"from": [12.15244, 3.79919, 6.5],
			"to": [12.65244, 4.39593, 9.5],
			"rotation": {"angle": 0, "axis": "x", "origin": [12.40244, 4.09756, 8]},
			"faces": {
				"north": {"uv": [5, 6, 5.5, 6.5], "rotation": 90, "texture": "#3"},
				"east": {"uv": [5, 6, 5.5, 6.5], "rotation": 90, "texture": "#3"},
				"south": {"uv": [5, 6, 5.5, 6.5], "rotation": 90, "texture": "#3"},
				"west": {"uv": [5, 6, 5.5, 6.5], "rotation": 90, "texture": "#3"}
			}
		},
		{
			"name": "hexadecagon",
			"from": [12.15244, 3.79919, 6.5],
			"to": [12.65244, 4.39593, 9.5],
			"rotation": {"angle": 22.5, "axis": "x", "origin": [12.40244, 4.09756, 8]},
			"faces": {
				"north": {"uv": [5, 6, 5.5, 6.5], "rotation": 90, "texture": "#3"},
				"east": {"uv": [5, 6, 5.5, 6.5], "rotation": 90, "texture": "#3"},
				"south": {"uv": [5, 6, 5.5, 6.5], "rotation": 90, "texture": "#3"},
				"west": {"uv": [5, 6, 5.5, 6.5], "rotation": 90, "texture": "#3"}
			}
		},
		{
			"name": "hexadecagon",
			"from": [12.15244, 4.37285, 6.92269],
			"to": [12.65244, 4.89337, 7.42269],
			"rotation": {"angle": 45, "axis": "x", "origin": [12.40244, 4.47, 8.32513]},
			"faces": {
				"north": {"uv": [5, 6, 5.5, 6.5], "rotation": 90, "texture": "#3"},
				"east": {"uv": [5, 6, 5.5, 6.5], "rotation": 90, "texture": "#3"},
				"west": {"uv": [5, 6, 5.5, 6.5], "rotation": 90, "texture": "#3"}
			}
		},
		{
			"name": "hexadecagon",
			"from": [12.15244, 2.59756, 7.70163],
			"to": [12.65244, 5.59756, 8.29837],
			"rotation": {"angle": -22.5, "axis": "x", "origin": [12.40244, 4.09756, 8]},
			"faces": {
				"east": {"uv": [5, 6, 5.5, 6.5], "rotation": 90, "texture": "#3"},
				"west": {"uv": [5, 6, 5.5, 6.5], "rotation": 90, "texture": "#3"},
				"up": {"uv": [5, 6, 5.5, 6.5], "rotation": 90, "texture": "#3"},
				"down": {"uv": [5, 6, 5.5, 6.5], "rotation": 90, "texture": "#3"}
			}
		},
		{
			"name": "hexadecagon",
			"from": [12.15244, 2.59756, 7.60407],
			"to": [12.65244, 6.34756, 8.39593],
			"rotation": {"angle": 0, "axis": "x", "origin": [12.40244, 4.09756, 8]},
			"faces": {
				"north": {"uv": [5, 6, 5.5, 6.5], "rotation": 90, "texture": "#3"},
				"east": {"uv": [5, 6, 5.5, 6.5], "rotation": 90, "texture": "#3"},
				"south": {"uv": [5, 6, 5.5, 6.5], "rotation": 90, "texture": "#3"},
				"west": {"uv": [5, 6, 5.5, 6.5], "rotation": 90, "texture": "#3"},
				"up": {"uv": [5, 6, 5.5, 6.5], "rotation": 90, "texture": "#3"},
				"down": {"uv": [5, 6, 5.5, 6.5], "rotation": 90, "texture": "#3"}
			}
		},
		{
			"name": "hexadecagon",
			"from": [12.15244, 2.59756, 7.70163],
			"to": [12.65244, 5.59756, 8.29837],
			"rotation": {"angle": 22.5, "axis": "x", "origin": [12.40244, 4.09756, 8]},
			"faces": {
				"east": {"uv": [5, 6, 5.5, 6.5], "rotation": 90, "texture": "#3"},
				"west": {"uv": [5, 6, 5.5, 6.5], "rotation": 90, "texture": "#3"},
				"up": {"uv": [5, 6, 5.5, 6.5], "rotation": 90, "texture": "#3"},
				"down": {"uv": [5, 6, 5.5, 6.5], "rotation": 90, "texture": "#3"}
			}
		},
		{
			"name": "hexadecagon",
			"from": [12.15182, 5.06853, 6.67165],
			"to": [12.65182, 5.54027, 7.17165],
			"rotation": {"angle": 22.5, "axis": "x", "origin": [12.40182, 3.3669, 8.07408]},
			"faces": {
				"north": {"uv": [5, 6, 5.5, 6.5], "rotation": 90, "texture": "#3"},
				"east": {"uv": [5, 6, 5.5, 6.5], "rotation": 90, "texture": "#3"},
				"west": {"uv": [5, 6, 5.5, 6.5], "rotation": 90, "texture": "#3"}
			}
		},
		{
			"name": "hexadecagon",
			"from": [12.15244, 3.79919, 6.5],
			"to": [12.65244, 4.39593, 9.5],
			"rotation": {"angle": 45, "axis": "x", "origin": [12.40244, 4.09756, 8]},
			"faces": {
				"north": {"uv": [5, 6, 5.5, 6.5], "rotation": 90, "texture": "#3"},
				"east": {"uv": [5, 6, 5.5, 6.5], "rotation": 90, "texture": "#3"},
				"south": {"uv": [5, 6, 5.5, 6.5], "rotation": 90, "texture": "#3"},
				"west": {"uv": [5, 6, 5.5, 6.5], "rotation": 90, "texture": "#3"}
			}
		},
		{
			"name": "hexadecagon",
			"from": [12.15182, 5.06853, 8.82835],
			"to": [12.65182, 5.54027, 9.32835],
			"rotation": {"angle": -22.5, "axis": "x", "origin": [12.40182, 3.3669, 7.92592]},
			"faces": {
				"east": {"uv": [5.5, 6, 5, 6.5], "rotation": 90, "texture": "#3"},
				"south": {"uv": [5.5, 6, 5, 6.5], "rotation": 90, "texture": "#3"},
				"west": {"uv": [5.5, 6, 5, 6.5], "rotation": 90, "texture": "#3"}
			}
		},
		{
			"name": "hexadecagon",
			"from": [12.15244, 4.37285, 8.57731],
			"to": [12.65244, 4.89337, 9.07731],
			"rotation": {"angle": -45, "axis": "x", "origin": [12.40244, 4.47, 7.67487]},
			"faces": {
				"east": {"uv": [5.5, 6, 5, 6.5], "rotation": 90, "texture": "#3"},
				"south": {"uv": [5.5, 6, 5, 6.5], "rotation": 90, "texture": "#3"},
				"west": {"uv": [5.5, 6, 5, 6.5], "rotation": 90, "texture": "#3"}
			}
		},
		{
			"name": "hexadecagon",
			"from": [7.70435, 9.94512, 7.60366],
			"to": [9.54565, 10.45122, 8.39634],
			"rotation": {"angle": -45, "axis": "z", "origin": [8.5, 6.5, 8]},
			"faces": {
				"north": {"uv": [5, 6, 5.5, 6.5], "texture": "#3"},
				"south": {"uv": [5, 6, 5.5, 6.5], "texture": "#3"},
				"up": {"uv": [5, 6, 5.5, 6.5], "texture": "#3"},
				"down": {"uv": [5, 6, 5.5, 6.5], "texture": "#3"}
			}
		},
		{
			"name": "hexadecagon",
			"from": [7.70435, 9.94512, 7.60366],
			"to": [9.29565, 10.45122, 8.39634],
			"rotation": {"angle": -22.5, "axis": "z", "origin": [8.5, 6.5, 8]},
			"faces": {
				"north": {"uv": [5, 6, 5.5, 6.5], "texture": "#3"},
				"south": {"uv": [5, 6, 5.5, 6.5], "texture": "#3"},
				"up": {"uv": [5, 6, 5.5, 6.5], "texture": "#3"},
				"down": {"uv": [5, 6, 5.5, 6.5], "texture": "#3"}
			}
		},
		{
			"name": "hexadecagon",
			"from": [6.70435, 9.94512, 7.60366],
			"to": [9.29565, 10.45122, 8.39634],
			"rotation": {"angle": 0, "axis": "z", "origin": [8.5, 6.5, 8]},
			"faces": {
				"north": {"uv": [5, 6, 5.5, 6.5], "texture": "#3"},
				"south": {"uv": [5, 6, 5.5, 6.5], "texture": "#3"},
				"up": {"uv": [5, 6, 5.5, 6.5], "texture": "#3"},
				"down": {"uv": [5, 6, 5.5, 6.5], "texture": "#3"}
			}
		},
		{
			"name": "hexadecagon",
			"from": [6.70435, 9.94512, 7.60366],
			"to": [8.29565, 10.45122, 8.39634],
			"rotation": {"angle": 22.5, "axis": "z", "origin": [7.5, 6.5, 8]},
			"faces": {
				"north": {"uv": [5, 6, 5.5, 6.5], "texture": "#3"},
				"south": {"uv": [5, 6, 5.5, 6.5], "texture": "#3"},
				"up": {"uv": [5, 6, 5.5, 6.5], "texture": "#3"},
				"down": {"uv": [5, 6, 5.5, 6.5], "texture": "#3"}
			}
		},
		{
			"name": "hexadecagon",
			"from": [6.45435, 9.94512, 7.60366],
			"to": [8.29565, 10.45122, 8.39634],
			"rotation": {"angle": 45, "axis": "z", "origin": [7.5, 6.5, 8]},
			"faces": {
				"north": {"uv": [5, 6, 5.5, 6.5], "texture": "#3"},
				"south": {"uv": [5, 6, 5.5, 6.5], "texture": "#3"},
				"up": {"uv": [5, 6, 5.5, 6.5], "texture": "#3"},
				"down": {"uv": [5, 6, 5.5, 6.5], "texture": "#3"}
			}
		},
		{
			"name": "hexadecagon",
			"from": [3.54878, 5.55191, 7.70122],
			"to": [3.70122, 7.14321, 8.29878],
			"rotation": {"angle": -22.5, "axis": "z", "origin": [7.54878, 6.34756, 8]},
			"faces": {
				"north": {"uv": [4, 2, 4.5, 2.5], "texture": "#3"},
				"east": {"uv": [4, 2, 4.5, 2.5], "texture": "#3"},
				"south": {"uv": [4, 2, 4.5, 2.5], "texture": "#3"},
				"west": {"uv": [4, 2, 4.5, 2.5], "texture": "#3"}
			}
		},
		{
			"name": "hexadecagon",
			"from": [3.54878, 5.55191, 7.70122],
			"to": [3.70122, 7.14321, 8.29878],
			"rotation": {"angle": 0, "axis": "z", "origin": [7.54878, 6.34756, 8]},
			"faces": {
				"north": {"uv": [4, 2, 4.5, 2.5], "texture": "#3"},
				"east": {"uv": [4, 2, 4.5, 2.5], "texture": "#3"},
				"south": {"uv": [4, 2, 4.5, 2.5], "texture": "#3"},
				"west": {"uv": [4, 2, 4.5, 2.5], "texture": "#3"}
			}
		},
		{
			"name": "hexadecagon",
			"from": [12.29878, 5.50313, 7.70122],
			"to": [12.45122, 7.09443, 8.29878],
			"rotation": {"angle": 0, "axis": "z", "origin": [8.45122, 6.29878, 8]},
			"faces": {
				"north": {"uv": [4, 2, 4.5, 2.5], "texture": "#3"},
				"east": {"uv": [4, 2, 4.5, 2.5], "texture": "#3"},
				"south": {"uv": [4, 2, 4.5, 2.5], "texture": "#3"},
				"west": {"uv": [4, 2, 4.5, 2.5], "texture": "#3"}
			}
		},
		{
			"name": "hexadecagon",
			"from": [12.29878, 5.50313, 7.70122],
			"to": [12.45122, 7.09443, 8.29878],
			"rotation": {"angle": 22.5, "axis": "z", "origin": [8.45122, 6.29878, 8]},
			"faces": {
				"north": {"uv": [4, 2, 4.5, 2.5], "texture": "#3"},
				"east": {"uv": [4, 2, 4.5, 2.5], "texture": "#3"},
				"south": {"uv": [4, 2, 4.5, 2.5], "texture": "#3"},
				"west": {"uv": [4, 2, 4.5, 2.5], "texture": "#3"}
			}
		},
		{
			"name": "hexadecagon",
			"from": [3.35301, 6.12712, 7.60352],
			"to": [3.81033, 7.0233, 8.39621],
			"rotation": {"angle": -22.5, "axis": "z", "origin": [7.55423, 6.22765, 7.99987]},
			"faces": {
				"north": {"uv": [5, 6, 5.5, 6.5], "texture": "#3"},
				"east": {"uv": [5, 6, 5.5, 6.5], "texture": "#3"},
				"south": {"uv": [5, 6, 5.5, 6.5], "texture": "#3"},
				"west": {"uv": [5, 6, 5.5, 6.5], "texture": "#3"},
				"down": {"uv": [5, 6, 5.5, 6.5], "texture": "#3"}
			}
		},
		{
			"name": "hexadecagon",
			"from": [12.14097, 6.12693, 7.60371],
			"to": [12.64707, 7.02311, 8.3964],
			"rotation": {"angle": 22.5, "axis": "z", "origin": [8.44585, 6.22746, 8.00006]},
			"faces": {
				"north": {"uv": [5, 6, 5.5, 6.5], "texture": "#3"},
				"east": {"uv": [5, 6, 5.5, 6.5], "texture": "#3"},
				"south": {"uv": [5, 6, 5.5, 6.5], "texture": "#3"},
				"west": {"uv": [5, 6, 5.5, 6.5], "texture": "#3"},
				"down": {"uv": [5, 6, 5.5, 6.5], "texture": "#3"}
			}
		},
		{
			"name": "mic",
			"from": [3.866, 2.99682, 4.81963],
			"to": [4.08856, 3.24221, 7.31963],
			"rotation": {"angle": 0, "axis": "x", "origin": [3.84756, 4.65305, 8.31963]},
			"faces": {
				"east": {"uv": [5, 6, 5.5, 6.5], "rotation": 90, "texture": "#3"},
				"west": {"uv": [5, 6, 5.5, 6.5], "rotation": 90, "texture": "#3"},
				"up": {"uv": [5, 6, 5.5, 6.5], "rotation": 90, "texture": "#3"},
				"down": {"uv": [5, 6, 5.5, 6.5], "rotation": 90, "texture": "#3"}
			}
		},
		{
			"name": "mic",
			"from": [2.71807, 3.00011, 3.58622],
			"to": [2.94063, 3.24549, 4.58622],
			"rotation": {"angle": -22.5, "axis": "y", "origin": [2.69963, 4.65634, 7.58622]},
			"faces": {
				"east": {"uv": [5, 6, 5.5, 6.5], "rotation": 90, "texture": "#3"},
				"west": {"uv": [5, 6, 5.5, 6.5], "rotation": 90, "texture": "#3"},
				"up": {"uv": [5, 6, 5.5, 6.5], "rotation": 90, "texture": "#3"},
				"down": {"uv": [5, 6, 5.5, 6.5], "rotation": 90, "texture": "#3"}
			}
		},
		{
			"name": "mic",
			"from": [2.12873, 3.00389, 2.00707],
			"to": [2.35129, 3.24928, 3.00707],
			"rotation": {"angle": -45, "axis": "y", "origin": [2.11029, 4.66012, 6.00707]},
			"faces": {
				"east": {"uv": [5, 6, 5.5, 6.5], "rotation": 90, "texture": "#3"},
				"west": {"uv": [5, 6, 5.5, 6.5], "rotation": 90, "texture": "#3"},
				"up": {"uv": [5, 6, 5.5, 6.5], "rotation": 90, "texture": "#3"},
				"down": {"uv": [5, 6, 5.5, 6.5], "rotation": 90, "texture": "#3"}
			}
		},
		{
			"name": "mic",
			"from": [2.03117, 2.90633, 1.75707],
			"to": [2.44885, 3.34684, 2.50707],
			"rotation": {"angle": -45, "axis": "y", "origin": [2.11029, 4.66012, 6.00707]},
			"faces": {
				"north": {"uv": [15.5, 3, 14.5, 4], "rotation": 90, "texture": "#3"},
				"east": {"uv": [15.5, 3, 14.5, 4], "rotation": 90, "texture": "#3"},
				"south": {"uv": [15.5, 3, 14.5, 4], "rotation": 90, "texture": "#3"},
				"west": {"uv": [15.5, 3, 14.5, 4], "texture": "#3"},
				"up": {"uv": [15.5, 3, 14.5, 4], "rotation": 90, "texture": "#3"},
				"down": {"uv": [15.5, 3, 14.5, 4], "rotation": 90, "texture": "#3"}
			}
		},
		{
			"name": "hexadecagon",
			"from": [3.225, 3.89865, 7],
			"to": [4.17317, 4.29647, 9],
			"rotation": {"angle": 22.5, "axis": "x", "origin": [3.85, 4.09756, 8]},
			"faces": {
				"north": {"uv": [15, 0.2, 0, 1.8], "texture": "#3"},
				"east": {"uv": [15.5, 3, 14.5, 4], "texture": "#3"},
				"south": {"uv": [15, 0.2, 0, 1.8], "rotation": 180, "texture": "#3"},
				"west": {"uv": [1, 0.2, 0, 15.8], "rotation": 90, "texture": "#3"}
			}
		},
		{
			"name": "hexadecagon",
			"from": [3.22256, 3.09756, 7.80109],
			"to": [4.17073, 5.09756, 8.19891],
			"rotation": {"angle": 0, "axis": "x", "origin": [3.84756, 4.09756, 8]},
			"faces": {
				"north": {"uv": [15, 0, 0, 16], "texture": "#3"},
				"east": {"uv": [15.5, 3, 14.5, 4], "texture": "#3"},
				"south": {"uv": [15, 0, 0, 16], "rotation": 180, "texture": "#3"},
				"west": {"uv": [1, 0, 0, 16], "texture": "#3"},
				"up": {"uv": [14.5, 0, 0, 1], "rotation": 180, "texture": "#3"},
				"down": {"uv": [15, 0, 0, 1], "rotation": 180, "texture": "#3"}
			}
		},
		{
			"name": "hexadecagon",
			"from": [3.22256, 3.09756, 7.80109],
			"to": [4.17073, 5.09756, 8.19891],
			"rotation": {"angle": 45, "axis": "x", "origin": [3.84756, 4.09756, 8]},
			"faces": {
				"north": {"uv": [15, 0, 0, 16], "texture": "#3"},
				"east": {"uv": [15.5, 3, 14.5, 4], "texture": "#3"},
				"south": {"uv": [15, 0, 0, 16], "rotation": 180, "texture": "#3"},
				"west": {"uv": [1, 0, 0, 16], "texture": "#3"},
				"up": {"uv": [15, 0, 0, 1], "rotation": 180, "texture": "#3"},
				"down": {"uv": [15, 0, 0, 1], "rotation": 180, "texture": "#3"}
			}
		},
		{
			"name": "hexadecagon",
			"from": [3.22256, 3.89865, 7],
			"to": [4.17073, 4.29647, 9],
			"rotation": {"angle": 0, "axis": "x", "origin": [3.84756, 4.09756, 8]},
			"faces": {
				"north": {"uv": [15, 0, 0, 1], "texture": "#3"},
				"east": {"uv": [15.5, 3, 14.5, 4], "texture": "#3"},
				"south": {"uv": [15, 0, 0, 1], "rotation": 180, "texture": "#3"},
				"west": {"uv": [1, 0, 0, 16], "rotation": 270, "texture": "#3"},
				"up": {"uv": [15, 0, 0, 16], "rotation": 180, "texture": "#3"},
				"down": {"uv": [15, 0, 0, 16], "rotation": 180, "texture": "#3"}
			}
		},
		{
			"name": "hexadecagon",
			"from": [3.22256, 3.89865, 7],
			"to": [4.17073, 4.29647, 9],
			"rotation": {"angle": 45, "axis": "x", "origin": [3.84756, 4.09756, 8]},
			"faces": {
				"north": {"uv": [15, 0, 0, 1], "texture": "#3"},
				"east": {"uv": [15.5, 3, 14.5, 4], "texture": "#3"},
				"south": {"uv": [15, 0, 0, 1], "rotation": 180, "texture": "#3"},
				"west": {"uv": [1, 0, 0, 16], "rotation": 270, "texture": "#3"},
				"up": {"uv": [15, 0, 0, 16], "rotation": 180, "texture": "#3"},
				"down": {"uv": [15, 0, 0, 16], "rotation": 180, "texture": "#3"}
			}
		},
		{
			"name": "hexadecagon",
			"from": [3.225, 3.89865, 7],
			"to": [4.17317, 4.29647, 9],
			"rotation": {"angle": -22.5, "axis": "x", "origin": [3.85, 4.09756, 8]},
			"faces": {
				"north": {"uv": [15, 0.2, 0, 1.8], "texture": "#3"},
				"east": {"uv": [15.5, 3, 14.5, 4], "texture": "#3"},
				"south": {"uv": [15, 0.2, 0, 1.8], "rotation": 180, "texture": "#3"},
				"west": {"uv": [1, 0.2, 0, 15.8], "rotation": 90, "texture": "#3"}
			}
		},
		{
			"name": "hexadecagon",
			"from": [3.225, 3.09756, 7.80109],
			"to": [4.17317, 5.09756, 8.19891],
			"rotation": {"angle": 22.5, "axis": "x", "origin": [3.85, 4.09756, 8]},
			"faces": {
				"east": {"uv": [15.5, 3, 14.5, 4], "texture": "#3"},
				"west": {"uv": [1, 0.2, 0, 15.8], "rotation": 180, "texture": "#3"},
				"up": {"uv": [15, 0.2, 0, 1.8], "rotation": 180, "texture": "#3"},
				"down": {"uv": [15, 0.2, 0, 1.8], "rotation": 180, "texture": "#3"}
			}
		},
		{
			"name": "hexadecagon",
			"from": [3.225, 3.09756, 7.80109],
			"to": [4.17317, 5.09756, 8.19891],
			"rotation": {"angle": -22.5, "axis": "x", "origin": [3.85, 4.09756, 8]},
			"faces": {
				"east": {"uv": [15.5, 3, 14.5, 4], "texture": "#3"},
				"west": {"uv": [1, 0.2, 0, 15.8], "rotation": 180, "texture": "#3"},
				"up": {"uv": [15, 0.2, 0, 0.8], "rotation": 180, "texture": "#3"},
				"down": {"uv": [15, 0.2, 0, 1.8], "rotation": 180, "texture": "#3"}
			}
		},
		{
			"name": "hexadecagon",
			"from": [4.09756, 3.79919, 6.5],
			"to": [4.75, 4.39593, 7],
			"rotation": {"angle": -45, "axis": "x", "origin": [4.59756, 4.09756, 8]},
			"faces": {
				"north": {"uv": [5.5, 6, 5, 6.5], "rotation": 90, "texture": "#3"},
				"east": {"uv": [5.5, 6, 5, 6.5], "texture": "#3"},
				"south": {"uv": [5.5, 6, 5, 6.5], "texture": "#3"},
				"west": {"uv": [5.5, 6, 5, 6.5], "texture": "#3"}
			}
		},
		{
			"name": "hexadecagon",
			"from": [4.09756, 3.79919, 6.5],
			"to": [4.75, 4.39593, 7],
			"rotation": {"angle": -22.5, "axis": "x", "origin": [4.59756, 4.09756, 8]},
			"faces": {
				"north": {"uv": [5.5, 6, 5, 6.5], "rotation": 90, "texture": "#3"},
				"east": {"uv": [5.5, 6, 5, 6.5], "texture": "#3"},
				"south": {"uv": [5.5, 6, 5, 6.5], "texture": "#3"},
				"west": {"uv": [5.5, 6, 5, 6.5], "texture": "#3"}
			}
		},
		{
			"name": "hexadecagon",
			"from": [4.09756, 3.79919, 6.5],
			"to": [4.75, 4.39593, 7],
			"rotation": {"angle": 0, "axis": "x", "origin": [4.59756, 4.09756, 8]},
			"faces": {
				"north": {"uv": [5.5, 6, 5, 6.5], "rotation": 90, "texture": "#3"},
				"east": {"uv": [5.5, 6, 5, 6.5], "texture": "#3"},
				"south": {"uv": [5.5, 6, 5, 6.5], "texture": "#3"},
				"west": {"uv": [5.5, 6, 5, 6.5], "texture": "#3"}
			}
		},
		{
			"name": "hexadecagon",
			"from": [4.09756, 3.79919, 6.5],
			"to": [4.75, 4.39593, 7],
			"rotation": {"angle": 22.5, "axis": "x", "origin": [4.59756, 4.09756, 8]},
			"faces": {
				"north": {"uv": [5.5, 6, 5, 6.5], "rotation": 90, "texture": "#3"},
				"east": {"uv": [5.5, 6, 5, 6.5], "texture": "#3"},
				"south": {"uv": [5.5, 6, 5, 6.5], "texture": "#3"},
				"west": {"uv": [5.5, 6, 5, 6.5], "texture": "#3"}
			}
		},
		{
			"name": "hexadecagon",
			"from": [4.09756, 3.79919, 6.5],
			"to": [4.75, 4.39593, 7],
			"rotation": {"angle": 45, "axis": "x", "origin": [4.59756, 4.09756, 8]},
			"faces": {
				"north": {"uv": [5.5, 6, 5, 6.5], "rotation": 90, "texture": "#3"},
				"east": {"uv": [5.5, 6, 5, 6.5], "texture": "#3"},
				"south": {"uv": [5.5, 6, 5, 6.5], "texture": "#3"},
				"west": {"uv": [5.5, 6, 5, 6.5], "texture": "#3"}
			}
		},
		{
			"name": "hexadecagon",
			"from": [4.09756, 3.79919, 9],
			"to": [4.75, 4.39593, 9.5],
			"rotation": {"angle": -45, "axis": "x", "origin": [4.59756, 4.09756, 8]},
			"faces": {
				"north": {"uv": [5.5, 6, 5, 6.5], "rotation": 90, "texture": "#3"},
				"east": {"uv": [5.5, 6, 5, 6.5], "texture": "#3"},
				"south": {"uv": [5.5, 6, 5, 6.5], "texture": "#3"},
				"west": {"uv": [5.5, 6, 5, 6.5], "texture": "#3"}
			}
		},
		{
			"name": "hexadecagon",
			"from": [4.09756, 3.79919, 9],
			"to": [4.75, 4.39593, 9.5],
			"rotation": {"angle": -22.5, "axis": "x", "origin": [4.59756, 4.09756, 8]},
			"faces": {
				"north": {"uv": [5.5, 6, 5, 6.5], "rotation": 90, "texture": "#3"},
				"east": {"uv": [5.5, 6, 5, 6.5], "texture": "#3"},
				"south": {"uv": [5.5, 6, 5, 6.5], "texture": "#3"},
				"west": {"uv": [5.5, 6, 5, 6.5], "texture": "#3"}
			}
		},
		{
			"name": "hexadecagon",
			"from": [4.09756, 3.79919, 9],
			"to": [4.75, 4.39593, 9.5],
			"rotation": {"angle": 0, "axis": "x", "origin": [4.59756, 4.09756, 8]},
			"faces": {
				"north": {"uv": [5.5, 6, 5, 6.5], "rotation": 90, "texture": "#3"},
				"east": {"uv": [5.5, 6, 5, 6.5], "texture": "#3"},
				"south": {"uv": [5.5, 6, 5, 6.5], "texture": "#3"},
				"west": {"uv": [5.5, 6, 5, 6.5], "texture": "#3"}
			}
		},
		{
			"name": "hexadecagon",
			"from": [4.09756, 3.79919, 9],
			"to": [4.75, 4.39593, 9.5],
			"rotation": {"angle": 22.5, "axis": "x", "origin": [4.59756, 4.09756, 8]},
			"faces": {
				"north": {"uv": [5.5, 6, 5, 6.5], "rotation": 90, "texture": "#3"},
				"east": {"uv": [5.5, 6, 5, 6.5], "texture": "#3"},
				"south": {"uv": [5.5, 6, 5, 6.5], "texture": "#3"},
				"west": {"uv": [5.5, 6, 5, 6.5], "texture": "#3"}
			}
		},
		{
			"name": "hexadecagon",
			"from": [4.09756, 3.79919, 9],
			"to": [4.75, 4.39593, 9.5],
			"rotation": {"angle": 45, "axis": "x", "origin": [4.59756, 4.09756, 8]},
			"faces": {
				"north": {"uv": [5.5, 6, 5, 6.5], "rotation": 90, "texture": "#3"},
				"east": {"uv": [5.5, 6, 5, 6.5], "texture": "#3"},
				"south": {"uv": [5.5, 6, 5, 6.5], "texture": "#3"},
				"west": {"uv": [5.5, 6, 5, 6.5], "texture": "#3"}
			}
		},
		{
			"name": "hexadecagon",
			"from": [4.09756, 2.59756, 7.70163],
			"to": [4.75, 3.09756, 8.29837],
			"rotation": {"angle": -22.5, "axis": "x", "origin": [4.59756, 4.09756, 8]},
			"faces": {
				"east": {"uv": [5.5, 6, 5, 6.5], "texture": "#3"},
				"west": {"uv": [5.5, 6, 5, 6.5], "texture": "#3"},
				"up": {"uv": [5.5, 6, 5, 6.5], "texture": "#3"},
				"down": {"uv": [5.5, 6, 5, 6.5], "texture": "#3"}
			}
		},
		{
			"name": "hexadecagon",
			"from": [4.09756, 2.59756, 7.70163],
			"to": [4.75, 3.09756, 8.29837],
			"rotation": {"angle": 0, "axis": "x", "origin": [4.59756, 4.09756, 8]},
			"faces": {
				"east": {"uv": [5.5, 6, 5, 6.5], "texture": "#3"},
				"west": {"uv": [5.5, 6, 5, 6.5], "texture": "#3"},
				"up": {"uv": [5.5, 6, 5, 6.5], "texture": "#3"},
				"down": {"uv": [5.5, 6, 5, 6.5], "texture": "#3"}
			}
		},
		{
			"name": "hexadecagon",
			"from": [4.09756, 2.59756, 7.70163],
			"to": [4.75, 3.09756, 8.29837],
			"rotation": {"angle": 22.5, "axis": "x", "origin": [4.59756, 4.09756, 8]},
			"faces": {
				"east": {"uv": [5.5, 6, 5, 6.5], "texture": "#3"},
				"west": {"uv": [5.5, 6, 5, 6.5], "texture": "#3"},
				"up": {"uv": [5.5, 6, 5, 6.5], "texture": "#3"},
				"down": {"uv": [5.5, 6, 5, 6.5], "texture": "#3"}
			}
		},
		{
			"name": "hexadecagon",
			"from": [4.09756, 5.09756, 7.70163],
			"to": [4.75, 5.59756, 8.29837],
			"rotation": {"angle": -22.5, "axis": "x", "origin": [4.59756, 4.09756, 8]},
			"faces": {
				"east": {"uv": [5.5, 6, 5, 6.5], "texture": "#3"},
				"west": {"uv": [5.5, 6, 5, 6.5], "texture": "#3"},
				"up": {"uv": [5.5, 6, 5, 6.5], "texture": "#3"},
				"down": {"uv": [5.5, 6, 5, 6.5], "texture": "#3"}
			}
		},
		{
			"name": "hexadecagon",
			"from": [4.09756, 5.09756, 7.70163],
			"to": [4.75, 5.59756, 8.29837],
			"rotation": {"angle": 0, "axis": "x", "origin": [4.59756, 4.09756, 8]},
			"faces": {
				"east": {"uv": [5.5, 6, 5, 6.5], "texture": "#3"},
				"west": {"uv": [5.5, 6, 5, 6.5], "texture": "#3"},
				"up": {"uv": [5.5, 6, 5, 6.5], "texture": "#3"},
				"down": {"uv": [5.5, 6, 5, 6.5], "texture": "#3"}
			}
		},
		{
			"name": "hexadecagon",
			"from": [4.09756, 5.09756, 7.70163],
			"to": [4.75, 5.59756, 8.29837],
			"rotation": {"angle": 22.5, "axis": "x", "origin": [4.59756, 4.09756, 8]},
			"faces": {
				"east": {"uv": [5.5, 6, 5, 6.5], "texture": "#3"},
				"west": {"uv": [5.5, 6, 5, 6.5], "texture": "#3"},
				"up": {"uv": [5.5, 6, 5, 6.5], "texture": "#3"},
				"down": {"uv": [5.5, 6, 5, 6.5], "texture": "#3"}
			}
		},
		{
			"name": "hexadecagon",
			"from": [3.34756, 3.79919, 6.5],
			"to": [3.84756, 4.39593, 9.5],
			"rotation": {"angle": -45, "axis": "x", "origin": [3.59756, 4.09756, 8]},
			"faces": {
				"north": {"uv": [5.5, 6, 5, 6.5], "rotation": 90, "texture": "#3"},
				"east": {"uv": [5.5, 6, 5, 6.5], "rotation": 90, "texture": "#3"},
				"south": {"uv": [5.5, 6, 5, 6.5], "rotation": 90, "texture": "#3"},
				"west": {"uv": [5.5, 6, 5, 6.5], "rotation": 90, "texture": "#3"}
			}
		},
		{
			"name": "hexadecagon",
			"from": [3.34756, 3.79919, 6.5],
			"to": [3.84756, 4.39593, 9.5],
			"rotation": {"angle": -22.5, "axis": "x", "origin": [3.59756, 4.09756, 8]},
			"faces": {
				"north": {"uv": [5.5, 6, 5, 6.5], "rotation": 90, "texture": "#3"},
				"east": {"uv": [5.5, 6, 5, 6.5], "rotation": 90, "texture": "#3"},
				"south": {"uv": [5.5, 6, 5, 6.5], "rotation": 90, "texture": "#3"},
				"west": {"uv": [5.5, 6, 5, 6.5], "rotation": 90, "texture": "#3"}
			}
		},
		{
			"name": "hexadecagon",
			"from": [3.34756, 3.79919, 6.5],
			"to": [3.84756, 4.39593, 9.5],
			"rotation": {"angle": 0, "axis": "x", "origin": [3.59756, 4.09756, 8]},
			"faces": {
				"north": {"uv": [5.5, 6, 5, 6.5], "rotation": 90, "texture": "#3"},
				"east": {"uv": [5.5, 6, 5, 6.5], "rotation": 90, "texture": "#3"},
				"south": {"uv": [5.5, 6, 5, 6.5], "rotation": 90, "texture": "#3"},
				"west": {"uv": [5.5, 6, 5, 6.5], "rotation": 90, "texture": "#3"}
			}
		},
		{
			"name": "hexadecagon",
			"from": [3.34756, 3.79919, 6.5],
			"to": [3.84756, 4.39593, 9.5],
			"rotation": {"angle": 22.5, "axis": "x", "origin": [3.59756, 4.09756, 8]},
			"faces": {
				"north": {"uv": [5.5, 6, 5, 6.5], "rotation": 90, "texture": "#3"},
				"east": {"uv": [5.5, 6, 5, 6.5], "rotation": 90, "texture": "#3"},
				"south": {"uv": [5.5, 6, 5, 6.5], "rotation": 90, "texture": "#3"},
				"west": {"uv": [5.5, 6, 5, 6.5], "rotation": 90, "texture": "#3"}
			}
		},
		{
			"name": "hexadecagon",
			"from": [3.34756, 4.37285, 6.92269],
			"to": [3.84756, 4.89337, 7.42269],
			"rotation": {"angle": 45, "axis": "x", "origin": [3.59756, 4.47, 8.32513]},
			"faces": {
				"north": {"uv": [5.5, 6, 5, 6.5], "rotation": 90, "texture": "#3"},
				"east": {"uv": [5.5, 6, 5, 6.5], "rotation": 90, "texture": "#3"},
				"west": {"uv": [5.5, 6, 5, 6.5], "rotation": 90, "texture": "#3"}
			}
		},
		{
			"name": "hexadecagon",
			"from": [3.34756, 2.59756, 7.70163],
			"to": [3.84756, 5.59756, 8.29837],
			"rotation": {"angle": -22.5, "axis": "x", "origin": [3.59756, 4.09756, 8]},
			"faces": {
				"east": {"uv": [5.5, 6, 5, 6.5], "rotation": 90, "texture": "#3"},
				"west": {"uv": [5.5, 6, 5, 6.5], "rotation": 90, "texture": "#3"},
				"up": {"uv": [5.5, 6, 5, 6.5], "rotation": 90, "texture": "#3"},
				"down": {"uv": [5.5, 6, 5, 6.5], "rotation": 90, "texture": "#3"}
			}
		},
		{
			"name": "hexadecagon",
			"from": [3.34756, 2.59756, 7.60407],
			"to": [3.84756, 6.34756, 8.39593],
			"rotation": {"angle": 0, "axis": "x", "origin": [3.59756, 4.09756, 8]},
			"faces": {
				"north": {"uv": [5.5, 6, 5, 6.5], "rotation": 90, "texture": "#3"},
				"east": {"uv": [5.5, 6, 5, 6.5], "rotation": 90, "texture": "#3"},
				"south": {"uv": [5.5, 6, 5, 6.5], "rotation": 90, "texture": "#3"},
				"west": {"uv": [5.5, 6, 5, 6.5], "rotation": 90, "texture": "#3"},
				"up": {"uv": [5.5, 6, 5, 6.5], "rotation": 90, "texture": "#3"},
				"down": {"uv": [5.5, 6, 5, 6.5], "rotation": 90, "texture": "#3"}
			}
		},
		{
			"name": "hexadecagon",
			"from": [3.34756, 2.59756, 7.70163],
			"to": [3.84756, 5.59756, 8.29837],
			"rotation": {"angle": 22.5, "axis": "x", "origin": [3.59756, 4.09756, 8]},
			"faces": {
				"east": {"uv": [5.5, 6, 5, 6.5], "rotation": 90, "texture": "#3"},
				"west": {"uv": [5.5, 6, 5, 6.5], "rotation": 90, "texture": "#3"},
				"up": {"uv": [5.5, 6, 5, 6.5], "rotation": 90, "texture": "#3"},
				"down": {"uv": [5.5, 6, 5, 6.5], "rotation": 90, "texture": "#3"}
			}
		},
		{
			"name": "hexadecagon",
			"from": [3.34818, 5.06853, 6.67165],
			"to": [3.84818, 5.54027, 7.17165],
			"rotation": {"angle": 22.5, "axis": "x", "origin": [3.59818, 3.3669, 8.07408]},
			"faces": {
				"north": {"uv": [5.5, 6, 5, 6.5], "rotation": 90, "texture": "#3"},
				"east": {"uv": [5.5, 6, 5, 6.5], "rotation": 90, "texture": "#3"},
				"west": {"uv": [5.5, 6, 5, 6.5], "rotation": 90, "texture": "#3"}
			}
		},
		{
			"name": "hexadecagon",
			"from": [3.34756, 3.79919, 6.5],
			"to": [3.84756, 4.39593, 9.5],
			"rotation": {"angle": 45, "axis": "x", "origin": [3.59756, 4.09756, 8]},
			"faces": {
				"north": {"uv": [5.5, 6, 5, 6.5], "rotation": 90, "texture": "#3"},
				"east": {"uv": [5.5, 6, 5, 6.5], "rotation": 90, "texture": "#3"},
				"south": {"uv": [5.5, 6, 5, 6.5], "rotation": 90, "texture": "#3"},
				"west": {"uv": [5.5, 6, 5, 6.5], "rotation": 90, "texture": "#3"}
			}
		},
		{
			"name": "hexadecagon",
			"from": [3.34818, 5.06853, 8.82835],
			"to": [3.84818, 5.54027, 9.32835],
			"rotation": {"angle": -22.5, "axis": "x", "origin": [3.59818, 3.3669, 7.92592]},
			"faces": {
				"east": {"uv": [5, 6, 5.5, 6.5], "rotation": 90, "texture": "#3"},
				"south": {"uv": [5, 6, 5.5, 6.5], "rotation": 90, "texture": "#3"},
				"west": {"uv": [5, 6, 5.5, 6.5], "rotation": 90, "texture": "#3"}
			}
		},
		{
			"name": "hexadecagon",
			"from": [3.34756, 4.37285, 8.57731],
			"to": [3.84756, 4.89337, 9.07731],
			"rotation": {"angle": -45, "axis": "x", "origin": [3.59756, 4.47, 7.67487]},
			"faces": {
				"east": {"uv": [5, 6, 5.5, 6.5], "rotation": 90, "texture": "#3"},
				"south": {"uv": [5, 6, 5.5, 6.5], "rotation": 90, "texture": "#3"},
				"west": {"uv": [5, 6, 5.5, 6.5], "rotation": 90, "texture": "#3"}
			}
		},
		{
			"from": [3.19512, 2.90366, 7.1],
			"to": [12.80488, 5.10366, 8.9],
			"faces": {
				"east": {"uv": [0, 0, 16, 16], "texture": "#0"},
				"west": {"uv": [0, 0, 16, 16], "texture": "#0"}
			}
		},
		{
			"name": "ear",
			"from": [10.26575, 9.73306, 7.60377],
			"to": [10.78388, 13.23916, 8.00617],
			"rotation": {"angle": -22.5, "axis": "z", "origin": [8.48823, 6.53794, 7.90255]},
			"faces": {
				"north": {"uv": [5.5, 6, 5, 6.5], "texture": "#3"},
				"east": {"uv": [5.5, 6, 5, 6.5], "texture": "#3"},
				"south": {"uv": [5.5, 6, 5, 6.5], "texture": "#3"},
				"west": {"uv": [5.5, 6, 5, 6.5], "texture": "#3"}
			}
		},
		{
			"name": "ear",
			"from": [9.56977, 8.99483, 7.60368],
			"to": [14.22831, 9.51296, 8.00612],
			"rotation": {"angle": 22.5, "axis": "z", "origin": [6.72221, 7.29048, 7.90246]},
			"faces": {
				"north": {"uv": [5.5, 6, 5, 6.5], "rotation": 90, "texture": "#3"},
				"south": {"uv": [5.5, 6, 5, 6.5], "rotation": 90, "texture": "#3"},
				"up": {"uv": [5.5, 6, 5, 6.5], "rotation": 90, "texture": "#3"},
				"down": {"uv": [5.5, 6, 5, 6.5], "rotation": 90, "texture": "#3"}
			}
		},
		{
			"name": "ear",
			"from": [6.84858, 12.18532, 7.60373],
			"to": [7.36671, 12.84386, 8.00617],
			"rotation": {"angle": -45, "axis": "z", "origin": [9.07106, 5.33776, 8.00007]},
			"faces": {
				"north": {"uv": [5.5, 6, 5, 6.5], "texture": "#3"},
				"east": {"uv": [5.5, 6, 5, 6.5], "rotation": 180, "texture": "#3"},
				"south": {"uv": [5.5, 6, 5, 6.5], "rotation": 180, "texture": "#3"},
				"west": {"uv": [5.5, 6, 5, 6.5], "rotation": 180, "texture": "#3"},
				"up": {"uv": [5.5, 6, 5, 6.5], "rotation": 180, "texture": "#3"},
				"down": {"uv": [5.5, 6, 5, 6.5], "rotation": 180, "texture": "#3"}
			}
		},
		{
			"name": "ear",
			"from": [9.92733, 9.24612, 7.80642],
			"to": [13.54928, 9.63472, 8.16004],
			"rotation": {"angle": 22.5, "axis": "z", "origin": [7.79166, 7.96786, 7.98172]},
			"faces": {
				"north": {"uv": [5, 2, 4, 3.5], "rotation": 90, "texture": "#3"},
				"east": {"uv": [5, 6, 5.5, 6.5], "rotation": 90, "texture": "#3"},
				"south": {"uv": [5.5, 6, 5, 6.5], "rotation": 90, "texture": "#3"},
				"up": {"uv": [5.5, 6, 5, 6.5], "rotation": 90, "texture": "#3"},
				"down": {"uv": [5, 2, 4, 3.5], "texture": "#3"}
			}
		},
		{
			"name": "ear",
			"from": [10.27858, 9.7998, 7.80649],
			"to": [10.83791, 12.38059, 8.16011],
			"rotation": {"angle": -22.5, "axis": "z", "origin": [9.11617, 7.40345, 7.98179]},
			"faces": {
				"north": {"uv": [5, 2, 4, 3.5], "texture": "#3"},
				"east": {"uv": [5.5, 6, 5, 6.5], "texture": "#3"},
				"south": {"uv": [5.5, 6, 5, 6.5], "texture": "#3"},
				"west": {"uv": [5, 2, 4, 3.5], "texture": "#3"}
			}
		},
		{
			"name": "ear",
			"from": [10.53531, 9.82385, 7.81109],
			"to": [10.89194, 11.77202, 8.31105],
			"rotation": {"angle": -22.5, "axis": "z", "origin": [9.84168, 8.51897, 8.20743]},
			"faces": {
				"north": {"uv": [5, 2, 4, 3.5], "texture": "#3"},
				"east": {"uv": [5.5, 6, 5, 6.5], "texture": "#3"},
				"south": {"uv": [5.5, 6, 5, 6.5], "texture": "#3"},
				"west": {"uv": [5.5, 6, 5, 6.5], "texture": "#3"}
			}
		},
		{
			"name": "ear",
			"from": [10.08942, 9.75119, 7.81102],
			"to": [12.66868, 10.01025, 8.31098],
			"rotation": {"angle": 22.5, "axis": "z", "origin": [8.91564, 8.89901, 8.20733]},
			"faces": {
				"east": {"uv": [5, 6, 5.5, 6.5], "rotation": 90, "texture": "#3"},
				"south": {"uv": [5.5, 6, 5, 6.5], "rotation": 90, "texture": "#3"},
				"up": {"uv": [5.5, 6, 5, 6.5], "rotation": 90, "texture": "#3"},
				"down": {"uv": [5.5, 6, 5, 6.5], "rotation": 90, "texture": "#3"}
			}
		},
		{
			"name": "ear",
			"from": [10.08942, 9.25119, 7.81102],
			"to": [12.16868, 9.76025, 8.31098],
			"rotation": {"angle": 22.5, "axis": "z", "origin": [8.91564, 8.89901, 8.20733]},
			"faces": {
				"north": {"uv": [5, 2, 4, 3.5], "rotation": 90, "texture": "#3"},
				"south": {"uv": [5.5, 6, 5, 6.5], "rotation": 90, "texture": "#3"},
				"down": {"uv": [5.5, 6, 5, 6.5], "rotation": 90, "texture": "#3"}
			}
		},
		{
			"name": "ear",
			"from": [9.78531, 9.82385, 7.81109],
			"to": [10.64194, 10.77202, 8.31105],
			"rotation": {"angle": -22.5, "axis": "z", "origin": [9.84168, 8.51897, 8.20743]},
			"faces": {
				"north": {"uv": [5, 2, 4, 3.5], "texture": "#3"},
				"south": {"uv": [5.5, 6, 5, 6.5], "texture": "#3"},
				"west": {"uv": [5.5, 6, 5, 6.5], "texture": "#3"}
			}
		},
		{
			"name": "hexadecagon",
			"from": [4.44195, 10.09499, 7.77073],
			"to": [5.28195, 10.26208, 7.8439],
			"rotation": {"angle": 22.5, "axis": "z", "origin": [4.86195, 10.17854, 7.39878]},
			"faces": {
				"north": {"uv": [1, 0.2, 0, 15.8], "rotation": 90, "texture": "#3"},
				"east": {"uv": [15, 0.2, 0, 1.8], "texture": "#3"},
				"west": {"uv": [15, 0.2, 0, 1.8], "rotation": 180, "texture": "#3"}
			}
		},
		{
			"name": "hexadecagon",
			"from": [4.77841, 9.75854, 7.76829],
			"to": [4.94549, 10.59854, 7.84146],
			"rotation": {"angle": 0, "axis": "z", "origin": [4.86195, 10.17854, 7.39634]},
			"faces": {
				"north": {"uv": [1, 0, 0, 16], "texture": "#3"},
				"east": {"uv": [15, 0, 0, 16], "texture": "#3"},
				"south": {"uv": [15.5, 3, 14.5, 4], "texture": "#3"},
				"west": {"uv": [15, 0, 0, 16], "rotation": 180, "texture": "#3"},
				"up": {"uv": [14.5, 0, 0, 1], "rotation": 270, "texture": "#3"},
				"down": {"uv": [15, 0, 0, 1], "rotation": 90, "texture": "#3"}
			}
		},
		{
			"name": "hexadecagon",
			"from": [4.77841, 9.75854, 7.76829],
			"to": [4.94549, 10.59854, 7.84146],
			"rotation": {"angle": 45, "axis": "z", "origin": [4.86195, 10.17854, 7.39634]},
			"faces": {
				"north": {"uv": [1, 0, 0, 16], "texture": "#3"},
				"east": {"uv": [15, 0, 0, 16], "texture": "#3"},
				"south": {"uv": [15.5, 3, 14.5, 4], "texture": "#3"},
				"west": {"uv": [15, 0, 0, 16], "rotation": 180, "texture": "#3"},
				"up": {"uv": [15, 0, 0, 1], "rotation": 270, "texture": "#3"},
				"down": {"uv": [15, 0, 0, 1], "rotation": 90, "texture": "#3"}
			}
		},
		{
			"name": "hexadecagon",
			"from": [4.44195, 10.09499, 7.76829],
			"to": [5.28195, 10.26208, 7.84146],
			"rotation": {"angle": 0, "axis": "z", "origin": [4.86195, 10.17854, 7.39634]},
			"faces": {
				"north": {"uv": [1, 0, 0, 16], "rotation": 270, "texture": "#3"},
				"east": {"uv": [15, 0, 0, 1], "texture": "#3"},
				"south": {"uv": [15.5, 3, 14.5, 4], "texture": "#3"},
				"west": {"uv": [15, 0, 0, 1], "rotation": 180, "texture": "#3"},
				"up": {"uv": [15, 0, 0, 16], "rotation": 270, "texture": "#3"},
				"down": {"uv": [15, 0, 0, 16], "rotation": 90, "texture": "#3"}
			}
		},
		{
			"name": "hexadecagon",
			"from": [4.44195, 10.09499, 7.76829],
			"to": [5.28195, 10.26208, 7.84146],
			"rotation": {"angle": 45, "axis": "z", "origin": [4.86195, 10.17854, 7.39634]},
			"faces": {
				"north": {"uv": [1, 0, 0, 16], "rotation": 270, "texture": "#3"},
				"east": {"uv": [15, 0, 0, 1], "texture": "#3"},
				"south": {"uv": [15.5, 3, 14.5, 4], "texture": "#3"},
				"west": {"uv": [15, 0, 0, 1], "rotation": 180, "texture": "#3"},
				"up": {"uv": [15, 0, 0, 16], "rotation": 270, "texture": "#3"},
				"down": {"uv": [15, 0, 0, 16], "rotation": 90, "texture": "#3"}
			}
		},
		{
			"name": "hexadecagon",
			"from": [4.44195, 10.09499, 7.77073],
			"to": [5.28195, 10.26208, 7.8439],
			"rotation": {"angle": -22.5, "axis": "z", "origin": [4.86195, 10.17854, 7.39878]},
			"faces": {
				"north": {"uv": [1, 0.2, 0, 15.8], "rotation": 90, "texture": "#3"},
				"east": {"uv": [15, 0.2, 0, 1.8], "texture": "#3"},
				"south": {"uv": [15.5, 3, 14.5, 4], "texture": "#3"},
				"west": {"uv": [15, 0.2, 0, 1.8], "rotation": 180, "texture": "#3"}
			}
		},
		{
			"name": "hexadecagon",
			"from": [4.77841, 9.75854, 7.77073],
			"to": [4.94549, 10.59854, 7.8439],
			"rotation": {"angle": 22.5, "axis": "z", "origin": [4.86195, 10.17854, 7.39878]},
			"faces": {
				"north": {"uv": [1, 0.2, 0, 15.8], "rotation": 180, "texture": "#3"},
				"south": {"uv": [15.5, 3, 14.5, 4], "texture": "#3"},
				"up": {"uv": [15, 0.2, 0, 1.8], "rotation": 270, "texture": "#3"},
				"down": {"uv": [15, 0.2, 0, 1.8], "rotation": 90, "texture": "#3"}
			}
		},
		{
			"name": "hexadecagon",
			"from": [4.77841, 9.75854, 7.77073],
			"to": [4.94549, 10.59854, 7.8439],
			"rotation": {"angle": -22.5, "axis": "z", "origin": [4.86195, 10.17854, 7.39878]},
			"faces": {
				"north": {"uv": [1, 0.2, 0, 15.8], "rotation": 180, "texture": "#3"},
				"south": {"uv": [15.5, 3, 14.5, 4], "texture": "#3"},
				"up": {"uv": [15, 0.2, 0, 0.8], "rotation": 270, "texture": "#3"},
				"down": {"uv": [15, 0.2, 0, 1.8], "rotation": 90, "texture": "#3"}
			}
		},
		{
			"name": "hexadecagon",
			"from": [3.90193, 10.76355, 7.77073],
			"to": [4.45633, 10.87383, 7.8439],
			"rotation": {"angle": 22.5, "axis": "z", "origin": [4.17913, 10.81869, 7.39878]},
			"faces": {
				"north": {"uv": [1, 0.2, 0, 15.8], "rotation": 90, "texture": "#3"},
				"east": {"uv": [15, 0.2, 0, 1.8], "texture": "#3"},
				"south": {"uv": [15.5, 3, 14.5, 4], "texture": "#3"},
				"west": {"uv": [15, 0.2, 0, 1.8], "rotation": 180, "texture": "#3"}
			}
		},
		{
			"name": "hexadecagon",
			"from": [4.12399, 10.54149, 7.76829],
			"to": [4.23427, 11.09589, 7.84146],
			"rotation": {"angle": 0, "axis": "z", "origin": [4.17913, 10.81869, 7.39634]},
			"faces": {
				"north": {"uv": [1, 0, 0, 16], "texture": "#3"},
				"east": {"uv": [15, 0, 0, 16], "texture": "#3"},
				"south": {"uv": [15.5, 3, 14.5, 4], "texture": "#3"},
				"west": {"uv": [15, 0, 0, 16], "rotation": 180, "texture": "#3"},
				"up": {"uv": [14.5, 0, 0, 1], "rotation": 270, "texture": "#3"},
				"down": {"uv": [15, 0, 0, 1], "rotation": 90, "texture": "#3"}
			}
		},
		{
			"name": "hexadecagon",
			"from": [4.12399, 10.54149, 7.76829],
			"to": [4.23427, 11.09589, 7.84146],
			"rotation": {"angle": 45, "axis": "z", "origin": [4.17913, 10.81869, 7.39634]},
			"faces": {
				"north": {"uv": [1, 0, 0, 16], "texture": "#3"},
				"east": {"uv": [15, 0, 0, 16], "texture": "#3"},
				"south": {"uv": [15.5, 3, 14.5, 4], "texture": "#3"},
				"west": {"uv": [15, 0, 0, 16], "rotation": 180, "texture": "#3"},
				"up": {"uv": [15, 0, 0, 1], "rotation": 270, "texture": "#3"},
				"down": {"uv": [15, 0, 0, 1], "rotation": 90, "texture": "#3"}
			}
		},
		{
			"name": "hexadecagon",
			"from": [3.90193, 10.76355, 7.76829],
			"to": [4.45633, 10.87383, 7.84146],
			"rotation": {"angle": 0, "axis": "z", "origin": [4.17913, 10.81869, 7.39634]},
			"faces": {
				"north": {"uv": [1, 0, 0, 16], "rotation": 270, "texture": "#3"},
				"east": {"uv": [15, 0, 0, 1], "texture": "#3"},
				"south": {"uv": [15.5, 3, 14.5, 4], "texture": "#3"},
				"west": {"uv": [15, 0, 0, 1], "rotation": 180, "texture": "#3"},
				"up": {"uv": [15, 0, 0, 16], "rotation": 270, "texture": "#3"},
				"down": {"uv": [15, 0, 0, 16], "rotation": 90, "texture": "#3"}
			}
		},
		{
			"name": "hexadecagon",
			"from": [3.90193, 10.76355, 7.76829],
			"to": [4.45633, 10.87383, 7.84146],
			"rotation": {"angle": 45, "axis": "z", "origin": [4.17913, 10.81869, 7.39634]},
			"faces": {
				"north": {"uv": [1, 0, 0, 16], "rotation": 270, "texture": "#3"},
				"east": {"uv": [15, 0, 0, 1], "texture": "#3"},
				"south": {"uv": [15.5, 3, 14.5, 4], "texture": "#3"},
				"west": {"uv": [15, 0, 0, 1], "rotation": 180, "texture": "#3"},
				"up": {"uv": [15, 0, 0, 16], "rotation": 270, "texture": "#3"},
				"down": {"uv": [15, 0, 0, 16], "rotation": 90, "texture": "#3"}
			}
		},
		{
			"name": "hexadecagon",
			"from": [3.90193, 10.76355, 7.77073],
			"to": [4.45633, 10.87383, 7.8439],
			"rotation": {"angle": -22.5, "axis": "z", "origin": [4.17913, 10.81869, 7.39878]},
			"faces": {
				"north": {"uv": [1, 0.2, 0, 15.8], "rotation": 90, "texture": "#3"},
				"east": {"uv": [15, 0.2, 0, 1.8], "texture": "#3"},
				"south": {"uv": [15.5, 3, 14.5, 4], "texture": "#3"},
				"west": {"uv": [15, 0.2, 0, 1.8], "rotation": 180, "texture": "#3"}
			}
		},
		{
			"name": "hexadecagon",
			"from": [4.12399, 10.54149, 7.77073],
			"to": [4.23427, 11.09589, 7.8439],
			"rotation": {"angle": 22.5, "axis": "z", "origin": [4.17913, 10.81869, 7.39878]},
			"faces": {
				"north": {"uv": [1, 0.2, 0, 15.8], "rotation": 180, "texture": "#3"},
				"up": {"uv": [15, 0.2, 0, 1.8], "rotation": 270, "texture": "#3"},
				"down": {"uv": [15, 0.2, 0, 1.8], "rotation": 90, "texture": "#3"}
			}
		},
		{
			"name": "hexadecagon",
			"from": [4.12399, 10.54149, 7.77073],
			"to": [4.23427, 11.09589, 7.8439],
			"rotation": {"angle": -22.5, "axis": "z", "origin": [4.17913, 10.81869, 7.39878]},
			"faces": {
				"north": {"uv": [1, 0.2, 0, 15.8], "rotation": 180, "texture": "#3"},
				"south": {"uv": [15.5, 3, 14.5, 4], "texture": "#3"},
				"up": {"uv": [15, 0.2, 0, 0.8], "rotation": 270, "texture": "#3"},
				"down": {"uv": [15, 0.2, 0, 1.8], "rotation": 90, "texture": "#3"}
			}
		},
		{
			"name": "ear",
			"from": [5.21612, 9.73306, 7.60377],
			"to": [5.73425, 13.23916, 8.00617],
			"rotation": {"angle": 22.5, "axis": "z", "origin": [7.51177, 6.53794, 7.90255]},
			"faces": {
				"north": {"uv": [5, 6, 5.5, 6.5], "texture": "#3"},
				"east": {"uv": [5, 6, 5.5, 6.5], "texture": "#3"},
				"south": {"uv": [5, 6, 5.5, 6.5], "texture": "#3"},
				"west": {"uv": [5, 6, 5.5, 6.5], "texture": "#3"}
			}
		},
		{
			"name": "ear",
			"from": [1.77169, 8.99483, 7.60368],
			"to": [6.43023, 9.51296, 8.00612],
			"rotation": {"angle": -22.5, "axis": "z", "origin": [9.27779, 7.29048, 7.90246]},
			"faces": {
				"north": {"uv": [5, 6, 5.5, 6.5], "rotation": 90, "texture": "#3"},
				"south": {"uv": [5, 6, 5.5, 6.5], "rotation": 90, "texture": "#3"},
				"up": {"uv": [5, 6, 5.5, 6.5], "rotation": 90, "texture": "#3"},
				"down": {"uv": [5, 6, 5.5, 6.5], "rotation": 90, "texture": "#3"}
			}
		},
		{
			"name": "ear",
			"from": [8.63329, 12.18532, 7.60373],
			"to": [9.15142, 12.84386, 8.00617],
			"rotation": {"angle": 45, "axis": "z", "origin": [6.92894, 5.33776, 8.00007]},
			"faces": {
				"north": {"uv": [5, 6, 5.5, 6.5], "texture": "#3"},
				"east": {"uv": [5, 6, 5.5, 6.5], "rotation": 180, "texture": "#3"},
				"south": {"uv": [5, 6, 5.5, 6.5], "rotation": 180, "texture": "#3"},
				"west": {"uv": [5, 6, 5.5, 6.5], "rotation": 180, "texture": "#3"},
				"up": {"uv": [5, 6, 5.5, 6.5], "rotation": 180, "texture": "#3"},
				"down": {"uv": [5, 6, 5.5, 6.5], "rotation": 180, "texture": "#3"}
			}
		},
		{
			"name": "ear",
			"from": [2.45072, 9.24612, 7.80642],
			"to": [6.07267, 9.63472, 8.16004],
			"rotation": {"angle": -22.5, "axis": "z", "origin": [8.20834, 7.96786, 7.98172]},
			"faces": {
				"north": {"uv": [4, 2, 5, 3.5], "rotation": 90, "texture": "#3"},
				"south": {"uv": [5, 6, 5.5, 6.5], "rotation": 90, "texture": "#3"},
				"west": {"uv": [5, 6, 5.5, 6.5], "rotation": 90, "texture": "#3"},
				"up": {"uv": [5, 6, 5.5, 6.5], "rotation": 90, "texture": "#3"},
				"down": {"uv": [4, 2, 5, 3.5], "texture": "#3"}
			}
		},
		{
			"name": "ear",
			"from": [5.16209, 9.7998, 7.80649],
			"to": [5.72142, 12.38059, 8.16011],
			"rotation": {"angle": 22.5, "axis": "z", "origin": [6.88383, 7.40345, 7.98179]},
			"faces": {
				"north": {"uv": [4, 2, 5, 3.5], "texture": "#3"},
				"east": {"uv": [4, 2, 5, 3.5], "texture": "#3"},
				"south": {"uv": [5, 6, 5.5, 6.5], "texture": "#3"},
				"west": {"uv": [5, 6, 5.5, 6.5], "texture": "#3"}
			}
		},
		{
			"name": "ear",
			"from": [5.10806, 9.82385, 7.81109],
			"to": [5.46469, 11.77202, 8.31105],
			"rotation": {"angle": 22.5, "axis": "z", "origin": [6.15832, 8.51897, 8.20743]},
			"faces": {
				"north": {"uv": [4, 2, 5, 3.5], "texture": "#3"},
				"east": {"uv": [5, 6, 5.5, 6.5], "texture": "#3"},
				"south": {"uv": [5, 6, 5.5, 6.5], "texture": "#3"},
				"west": {"uv": [5, 6, 5.5, 6.5], "texture": "#3"}
			}
		},
		{
			"name": "ear",
			"from": [3.33132, 9.75119, 7.81102],
			"to": [5.91058, 10.01025, 8.31098],
			"rotation": {"angle": -22.5, "axis": "z", "origin": [7.08436, 8.89901, 8.20733]},
			"faces": {
				"south": {"uv": [5, 6, 5.5, 6.5], "rotation": 90, "texture": "#3"},
				"west": {"uv": [5, 6, 5.5, 6.5], "rotation": 90, "texture": "#3"},
				"up": {"uv": [5, 6, 5.5, 6.5], "rotation": 90, "texture": "#3"},
				"down": {"uv": [5, 6, 5.5, 6.5], "rotation": 90, "texture": "#3"}
			}
		},
		{
			"name": "ear",
			"from": [3.83132, 9.25119, 7.81102],
			"to": [5.91058, 9.76025, 8.31098],
			"rotation": {"angle": -22.5, "axis": "z", "origin": [7.08436, 8.89901, 8.20733]},
			"faces": {
				"north": {"uv": [4, 2, 5, 3.5], "rotation": 90, "texture": "#3"},
				"south": {"uv": [5, 6, 5.5, 6.5], "rotation": 90, "texture": "#3"},
				"down": {"uv": [5, 6, 5.5, 6.5], "rotation": 90, "texture": "#3"}
			}
		},
		{
			"name": "ear",
			"from": [5.35806, 9.82385, 7.81109],
			"to": [6.21469, 10.77202, 8.31105],
			"rotation": {"angle": 22.5, "axis": "z", "origin": [6.15832, 8.51897, 8.20743]},
			"faces": {
				"north": {"uv": [4, 2, 5, 3.5], "texture": "#3"},
				"east": {"uv": [5, 6, 5.5, 6.5], "texture": "#3"},
				"south": {"uv": [5, 6, 5.5, 6.5], "texture": "#3"}
			}
		},
		{
			"name": "hexadecagon",
			"from": [10.71805, 10.09499, 7.77073],
			"to": [11.55805, 10.26208, 7.8439],
			"rotation": {"angle": -22.5, "axis": "z", "origin": [11.13805, 10.17854, 7.39878]},
			"faces": {
				"north": {"uv": [0, 0.2, 1, 15.8], "rotation": 90, "texture": "#3"},
				"east": {"uv": [0, 0.2, 15, 1.8], "rotation": 180, "texture": "#3"},
				"west": {"uv": [0, 0.2, 15, 1.8], "texture": "#3"}
			}
		},
		{
			"name": "hexadecagon",
			"from": [11.05451, 9.75854, 7.76829],
			"to": [11.22159, 10.59854, 7.84146],
			"rotation": {"angle": 0, "axis": "z", "origin": [11.13805, 10.17854, 7.39634]},
			"faces": {
				"north": {"uv": [0, 0, 1, 16], "texture": "#3"},
				"east": {"uv": [0, 0, 15, 16], "rotation": 180, "texture": "#3"},
				"south": {"uv": [14.5, 3, 15.5, 4], "texture": "#3"},
				"west": {"uv": [0, 0, 15, 16], "texture": "#3"},
				"up": {"uv": [0, 0, 14.5, 1], "rotation": 270, "texture": "#3"},
				"down": {"uv": [0, 0, 15, 1], "rotation": 90, "texture": "#3"}
			}
		},
		{
			"name": "hexadecagon",
			"from": [11.05451, 9.75854, 7.76829],
			"to": [11.22159, 10.59854, 7.84146],
			"rotation": {"angle": -45, "axis": "z", "origin": [11.13805, 10.17854, 7.39634]},
			"faces": {
				"north": {"uv": [0, 0, 1, 16], "texture": "#3"},
				"east": {"uv": [0, 0, 15, 16], "rotation": 180, "texture": "#3"},
				"south": {"uv": [14.5, 3, 15.5, 4], "texture": "#3"},
				"west": {"uv": [0, 0, 15, 16], "texture": "#3"},
				"up": {"uv": [0, 0, 15, 1], "rotation": 270, "texture": "#3"},
				"down": {"uv": [0, 0, 15, 1], "rotation": 90, "texture": "#3"}
			}
		},
		{
			"name": "hexadecagon",
			"from": [10.71805, 10.09499, 7.76829],
			"to": [11.55805, 10.26208, 7.84146],
			"rotation": {"angle": 0, "axis": "z", "origin": [11.13805, 10.17854, 7.39634]},
			"faces": {
				"north": {"uv": [0, 0, 1, 16], "rotation": 270, "texture": "#3"},
				"east": {"uv": [0, 0, 15, 1], "rotation": 180, "texture": "#3"},
				"south": {"uv": [14.5, 3, 15.5, 4], "texture": "#3"},
				"west": {"uv": [0, 0, 15, 1], "texture": "#3"},
				"up": {"uv": [0, 0, 15, 16], "rotation": 270, "texture": "#3"},
				"down": {"uv": [0, 0, 15, 16], "rotation": 90, "texture": "#3"}
			}
		},
		{
			"name": "hexadecagon",
			"from": [10.71805, 10.09499, 7.76829],
			"to": [11.55805, 10.26208, 7.84146],
			"rotation": {"angle": -45, "axis": "z", "origin": [11.13805, 10.17854, 7.39634]},
			"faces": {
				"north": {"uv": [0, 0, 1, 16], "rotation": 270, "texture": "#3"},
				"east": {"uv": [0, 0, 15, 1], "rotation": 180, "texture": "#3"},
				"south": {"uv": [14.5, 3, 15.5, 4], "texture": "#3"},
				"west": {"uv": [0, 0, 15, 1], "texture": "#3"},
				"up": {"uv": [0, 0, 15, 16], "rotation": 270, "texture": "#3"},
				"down": {"uv": [0, 0, 15, 16], "rotation": 90, "texture": "#3"}
			}
		},
		{
			"name": "hexadecagon",
			"from": [10.71805, 10.09499, 7.77073],
			"to": [11.55805, 10.26208, 7.8439],
			"rotation": {"angle": 22.5, "axis": "z", "origin": [11.13805, 10.17854, 7.39878]},
			"faces": {
				"north": {"uv": [0, 0.2, 1, 15.8], "rotation": 90, "texture": "#3"},
				"east": {"uv": [0, 0.2, 15, 1.8], "rotation": 180, "texture": "#3"},
				"south": {"uv": [14.5, 3, 15.5, 4], "texture": "#3"},
				"west": {"uv": [0, 0.2, 15, 1.8], "texture": "#3"}
			}
		},
		{
			"name": "hexadecagon",
			"from": [11.05451, 9.75854, 7.77073],
			"to": [11.22159, 10.59854, 7.8439],
			"rotation": {"angle": -22.5, "axis": "z", "origin": [11.13805, 10.17854, 7.39878]},
			"faces": {
				"north": {"uv": [0, 0.2, 1, 15.8], "rotation": 180, "texture": "#3"},
				"south": {"uv": [14.5, 3, 15.5, 4], "texture": "#3"},
				"up": {"uv": [0, 0.2, 15, 1.8], "rotation": 270, "texture": "#3"},
				"down": {"uv": [0, 0.2, 15, 1.8], "rotation": 90, "texture": "#3"}
			}
		},
		{
			"name": "hexadecagon",
			"from": [11.05451, 9.75854, 7.77073],
			"to": [11.22159, 10.59854, 7.8439],
			"rotation": {"angle": 22.5, "axis": "z", "origin": [11.13805, 10.17854, 7.39878]},
			"faces": {
				"north": {"uv": [0, 0.2, 1, 15.8], "rotation": 180, "texture": "#3"},
				"south": {"uv": [14.5, 3, 15.5, 4], "texture": "#3"},
				"up": {"uv": [0, 0.2, 15, 0.8], "rotation": 270, "texture": "#3"},
				"down": {"uv": [0, 0.2, 15, 1.8], "rotation": 90, "texture": "#3"}
			}
		},
		{
			"name": "hexadecagon",
			"from": [11.54367, 10.76355, 7.77073],
			"to": [12.09807, 10.87383, 7.8439],
			"rotation": {"angle": -22.5, "axis": "z", "origin": [11.82087, 10.81869, 7.39878]},
			"faces": {
				"north": {"uv": [0, 0.2, 1, 15.8], "rotation": 90, "texture": "#3"},
				"east": {"uv": [0, 0.2, 15, 1.8], "rotation": 180, "texture": "#3"},
				"south": {"uv": [14.5, 3, 15.5, 4], "texture": "#3"},
				"west": {"uv": [0, 0.2, 15, 1.8], "texture": "#3"}
			}
		},
		{
			"name": "hexadecagon",
			"from": [11.76573, 10.54149, 7.76829],
			"to": [11.87601, 11.09589, 7.84146],
			"rotation": {"angle": 0, "axis": "z", "origin": [11.82087, 10.81869, 7.39634]},
			"faces": {
				"north": {"uv": [0, 0, 1, 16], "texture": "#3"},
				"east": {"uv": [0, 0, 15, 16], "rotation": 180, "texture": "#3"},
				"south": {"uv": [14.5, 3, 15.5, 4], "texture": "#3"},
				"west": {"uv": [0, 0, 15, 16], "texture": "#3"},
				"up": {"uv": [0, 0, 14.5, 1], "rotation": 270, "texture": "#3"},
				"down": {"uv": [0, 0, 15, 1], "rotation": 90, "texture": "#3"}
			}
		},
		{
			"name": "hexadecagon",
			"from": [11.76573, 10.54149, 7.76829],
			"to": [11.87601, 11.09589, 7.84146],
			"rotation": {"angle": -45, "axis": "z", "origin": [11.82087, 10.81869, 7.39634]},
			"faces": {
				"north": {"uv": [0, 0, 1, 16], "texture": "#3"},
				"east": {"uv": [0, 0, 15, 16], "rotation": 180, "texture": "#3"},
				"south": {"uv": [14.5, 3, 15.5, 4], "texture": "#3"},
				"west": {"uv": [0, 0, 15, 16], "texture": "#3"},
				"up": {"uv": [0, 0, 15, 1], "rotation": 270, "texture": "#3"},
				"down": {"uv": [0, 0, 15, 1], "rotation": 90, "texture": "#3"}
			}
		},
		{
			"name": "hexadecagon",
			"from": [11.54367, 10.76355, 7.76829],
			"to": [12.09807, 10.87383, 7.84146],
			"rotation": {"angle": 0, "axis": "z", "origin": [11.82087, 10.81869, 7.39634]},
			"faces": {
				"north": {"uv": [0, 0, 1, 16], "rotation": 270, "texture": "#3"},
				"east": {"uv": [0, 0, 15, 1], "rotation": 180, "texture": "#3"},
				"south": {"uv": [14.5, 3, 15.5, 4], "texture": "#3"},
				"west": {"uv": [0, 0, 15, 1], "texture": "#3"},
				"up": {"uv": [0, 0, 15, 16], "rotation": 270, "texture": "#3"},
				"down": {"uv": [0, 0, 15, 16], "rotation": 90, "texture": "#3"}
			}
		},
		{
			"name": "hexadecagon",
			"from": [11.54367, 10.76355, 7.76829],
			"to": [12.09807, 10.87383, 7.84146],
			"rotation": {"angle": -45, "axis": "z", "origin": [11.82087, 10.81869, 7.39634]},
			"faces": {
				"north": {"uv": [0, 0, 1, 16], "rotation": 270, "texture": "#3"},
				"east": {"uv": [0, 0, 15, 1], "rotation": 180, "texture": "#3"},
				"south": {"uv": [14.5, 3, 15.5, 4], "texture": "#3"},
				"west": {"uv": [0, 0, 15, 1], "texture": "#3"},
				"up": {"uv": [0, 0, 15, 16], "rotation": 270, "texture": "#3"},
				"down": {"uv": [0, 0, 15, 16], "rotation": 90, "texture": "#3"}
			}
		},
		{
			"name": "hexadecagon",
			"from": [11.54367, 10.76355, 7.77073],
			"to": [12.09807, 10.87383, 7.8439],
			"rotation": {"angle": 22.5, "axis": "z", "origin": [11.82087, 10.81869, 7.39878]},
			"faces": {
				"north": {"uv": [0, 0.2, 1, 15.8], "rotation": 90, "texture": "#3"},
				"east": {"uv": [0, 0.2, 15, 1.8], "rotation": 180, "texture": "#3"},
				"south": {"uv": [14.5, 3, 15.5, 4], "texture": "#3"},
				"west": {"uv": [0, 0.2, 15, 1.8], "texture": "#3"}
			}
		},
		{
			"name": "hexadecagon",
			"from": [11.76573, 10.54149, 7.77073],
			"to": [11.87601, 11.09589, 7.8439],
			"rotation": {"angle": -22.5, "axis": "z", "origin": [11.82087, 10.81869, 7.39878]},
			"faces": {
				"north": {"uv": [0, 0.2, 1, 15.8], "rotation": 180, "texture": "#3"},
				"up": {"uv": [0, 0.2, 15, 1.8], "rotation": 270, "texture": "#3"},
				"down": {"uv": [0, 0.2, 15, 1.8], "rotation": 90, "texture": "#3"}
			}
		},
		{
			"name": "hexadecagon",
			"from": [11.76573, 10.54149, 7.77073],
			"to": [11.87601, 11.09589, 7.8439],
			"rotation": {"angle": 22.5, "axis": "z", "origin": [11.82087, 10.81869, 7.39878]},
			"faces": {
				"north": {"uv": [0, 0.2, 1, 15.8], "rotation": 180, "texture": "#3"},
				"south": {"uv": [14.5, 3, 15.5, 4], "texture": "#3"},
				"up": {"uv": [0, 0.2, 15, 0.8], "rotation": 270, "texture": "#3"},
				"down": {"uv": [0, 0.2, 15, 1.8], "rotation": 90, "texture": "#3"}
			}
		}
	],
	"display": {
		"thirdperson_righthand": {
			"rotation": [67, 0, 0],
			"translation": [0, -2, 0],
			"scale": [1, 1.2, 1.2]
		},
		"thirdperson_lefthand": {
			"rotation": [67, 0, 0],
			"translation": [0, -2, 0],
			"scale": [1, 1.2, 1.2]
		},
		"firstperson_righthand": {
			"translation": [0, -2, 0],
			"scale": [1, 1.2, 1.2]
		},
		"firstperson_lefthand": {
			"translation": [0, -2, 0],
			"scale": [1, 1.2, 1.2]
		},
		"ground": {
			"translation": [0, 7.5, 0]
		},
		"gui": {
			"rotation": [25, 140, 0],
			"translation": [0, 3, -1],
			"scale": [1.5, 1.9, 1.9]
		},
		"head": {
			"translation": [0.25, 5.5, -0.5],
			"scale": [2.15, 2.23, 2.16]
		},
		"fixed": {
			"rotation": [0, 180, 0],
			"translation": [0, 3.5, -1],
			"scale": [1.7, 2.2, 2.125]
		}
	},
	"groups": [
		{
			"name": "middle right",
			"origin": [8, 8, 8],
			"children": [0, 1, 2, 3, 4, 5, 6, 7]
		},
		{
			"name": "inner right",
			"origin": [8, 8, 8],
			"children": [8, 9, 10, 11, 12, 13, 14, 15, 16, 17, 18, 19, 20, 21, 22, 23]
		},
		{
			"name": "outer right",
			"origin": [8, 8, 8],
			"children": [24, 25, 26, 27, 28, 29, 30, 31, 32, 33, 34, 35]
		},
		{
			"name": "top",
			"origin": [8, 8, 8],
			"children": [36, 37, 38, 39, 40, 41, 42, 43, 44, 45, 46]
		},
		{
			"name": "mic",
			"origin": [8, 8, 8],
			"children": [47, 48, 49, 50]
		},
		{
			"name": "middle left",
			"origin": [8, 8, 8],
			"children": [51, 52, 53, 54, 55, 56, 57, 58]
		},
		{
			"name": "inner left",
			"origin": [8, 8, 8],
			"children": [59, 60, 61, 62, 63, 64, 65, 66, 67, 68, 69, 70, 71, 72, 73, 74]
		},
		{
			"name": "outer left",
			"origin": [8, 8, 8],
			"children": [75, 76, 77, 78, 79, 80, 81, 82, 83, 84, 85, 86]
		}, 87,
		{
			"name": "ear",
			"origin": [8, 8, 8],
			"children": [88, 89, 90, 91, 92, 93, 94, 95, 96]
		},
		{
			"name": "ear middle",
			"origin": [8, 8, 8],
			"children": [97, 98, 99, 100, 101, 102, 103, 104, 105, 106, 107, 108, 109, 110, 111, 112]
		},
		{
			"name": "ear",
			"origin": [8, 8, 8],
			"children": [113, 114, 115, 116, 117, 118, 119, 120, 121]
		},
		{
			"name": "ear middle",
			"origin": [8, 8, 8],
			"children": [122, 123, 124, 125, 126, 127, 128, 129, 130, 131, 132, 133, 134, 135, 136, 137]
		}
	]
}