{
	"credit": "quiktori",
	"texture_size": [32, 32],
	"textures": {
		"0": "items/hats/police",
		"particle": "items/hats/police"
	},
	"elements": [
		{
			"name": "octagon",
			"from": [6.34315, 3, 4],
			"to": [9.65685, 6.125, 4.5],
			"rotation": {"angle": 22.5, "axis": "y", "origin": [8, 5, 8]},
			"faces": {
				"north": {"uv": [8.5, 9.5, 15.5, 16], "texture": "#0"},
				"east": {"uv": [0, 0, 0.5, 0.5], "texture": "#missing"},
				"south": {"uv": [2.5, 1.5, 5, 9], "texture": "#0"},
				"west": {"uv": [0, 0, 0.5, 0.5], "texture": "#missing"},
				"up": {"uv": [3, 1.5, 0, 0], "texture": "#0"},
				"down": {"uv": [2, 0, 3.5, 5], "texture": "#0"}
			}
		},
		{
			"name": "octagon",
			"from": [6.34315, 3, 4],
			"to": [9.65685, 6.125, 4.5],
			"rotation": {"angle": -22.5, "axis": "y", "origin": [8, 5, 8]},
			"faces": {
				"north": {"uv": [0, 9.5, 8.5, 16], "texture": "#0"},
				"east": {"uv": [0, 0, 0.5, 0.5], "texture": "#missing"},
				"south": {"uv": [0, 1.5, 2.5, 9], "texture": "#0"},
				"west": {"uv": [0, 0, 0.5, 0.5], "texture": "#missing"},
				"up": {"uv": [3, 1.5, 0, 0], "texture": "#0"},
				"down": {"uv": [2, 0, 3.5, 5], "texture": "#0"}
			}
		},
		{
			"name": "octagon",
			"from": [4.5, 6, 6.34315],
			"to": [11.625, 6.125, 9.65685],
			"rotation": {"angle": 22.5, "axis": "y", "origin": [8, 5, 8]},
			"faces": {
				"north": {"uv": [0, 0, 16, 5.5], "rotation": 90, "texture": "#0"},
				"east": {"uv": [0, 0, 16, 5.5], "rotation": 90, "texture": "#0"},
				"south": {"uv": [0, 0, 16, 5.5], "rotation": 90, "texture": "#0"},
				"west": {"uv": [0, 0, 16, 5.5], "rotation": 90, "texture": "#0"},
				"up": {"uv": [0, 0, 16, 5.5], "rotation": 90, "texture": "#0"},
				"down": {"uv": [0, 0, 16, 5.5], "rotation": 90, "texture": "#0"}
			}
		},
		{
			"name": "octagon",
			"from": [4.5, 6, 6.34315],
			"to": [11.625, 6.125, 9.65685],
			"rotation": {"angle": -22.5, "axis": "y", "origin": [8, 5, 8]},
			"faces": {
				"north": {"uv": [0, 0, 16, 5.5], "rotation": 90, "texture": "#0"},
				"east": {"uv": [0, 0, 16, 5.5], "rotation": 90, "texture": "#0"},
				"south": {"uv": [0, 0, 16, 5.5], "rotation": 90, "texture": "#0"},
				"west": {"uv": [0, 0, 16, 5.5], "rotation": 90, "texture": "#0"},
				"up": {"uv": [0, 0, 16, 5.5], "rotation": 90, "texture": "#0"},
				"down": {"uv": [0, 0, 16, 5.5], "rotation": 90, "texture": "#0"}
			}
		},
		{
			"name": "octagon",
			"from": [6.34315, 6, 4.5],
			"to": [9.65685, 6.125, 11.625],
			"rotation": {"angle": 22.5, "axis": "y", "origin": [8, 5, 8]},
			"faces": {
				"north": {"uv": [0, 0, 16, 5.5], "rotation": 180, "texture": "#0"},
				"east": {"uv": [0, 0, 16, 5.5], "rotation": 180, "texture": "#0"},
				"south": {"uv": [0, 0, 16, 5.5], "rotation": 180, "texture": "#0"},
				"west": {"uv": [0, 0, 16, 5.5], "rotation": 180, "texture": "#0"},
				"up": {"uv": [0, 0, 16, 5.5], "rotation": 180, "texture": "#0"},
				"down": {"uv": [0, 0, 16, 5.5], "rotation": 180, "texture": "#0"}
			}
		},
		{
			"name": "octagon",
			"from": [6.34315, 6, 4.5],
			"to": [9.65685, 6.125, 11.625],
			"rotation": {"angle": -22.5, "axis": "y", "origin": [8, 5, 8]},
			"faces": {
				"north": {"uv": [0, 0, 16, 5.5], "rotation": 180, "texture": "#0"},
				"east": {"uv": [0, 0, 16, 5.5], "rotation": 180, "texture": "#0"},
				"south": {"uv": [0, 0, 16, 5.5], "rotation": 180, "texture": "#0"},
				"west": {"uv": [0, 0, 16, 5.5], "rotation": 180, "texture": "#0"},
				"up": {"uv": [0, 0, 16, 5.5], "rotation": 180, "texture": "#0"},
				"down": {"uv": [0, 0, 16, 5.5], "rotation": 180, "texture": "#0"}
			}
		},
		{
			"name": "octagon",
			"from": [6.34315, 2, 11.5],
			"to": [9.65685, 6.125, 12],
			"rotation": {"angle": 22.5, "axis": "y", "origin": [8, 5, 8]},
			"faces": {
				"north": {"uv": [0, 2, 1.5, 11], "texture": "#0"},
				"east": {"uv": [0, 1, 1.5, 3.5], "texture": "#0"},
				"south": {"uv": [7, 0, 8.5, 8.5], "texture": "#0"},
				"west": {"uv": [0, 2, 1.5, 11], "texture": "#0"},
				"up": {"uv": [3, 1.5, 0, 0], "texture": "#0"},
				"down": {"uv": [2, 0, 3.5, 5], "texture": "#0"}
			}
		},
		{
			"name": "octagon",
			"from": [6.34315, 2, 11.5],
			"to": [9.65685, 6.125, 12],
			"rotation": {"angle": -22.5, "axis": "y", "origin": [8, 5, 8]},
			"faces": {
				"north": {"uv": [0, 2, 1.5, 11], "texture": "#0"},
				"east": {"uv": [0, 2, 1.5, 11], "texture": "#0"},
				"south": {"uv": [4, 0, 5.5, 8.5], "texture": "#0"},
				"west": {"uv": [0, 2, 1.5, 11], "texture": "#0"},
				"up": {"uv": [3, 1.5, 0, 0], "texture": "#0"},
				"down": {"uv": [2, 0, 3.5, 5], "texture": "#0"}
			}
		},
		{
			"name": "octagon",
			"from": [4, 2, 6.34315],
			"to": [4.5, 6.125, 9.65685],
			"rotation": {"angle": 22.5, "axis": "y", "origin": [8, 5, 8]},
			"faces": {
				"north": {"uv": [0, 2, 1.5, 11], "texture": "#0"},
				"east": {"uv": [0, 2, 1.5, 11], "texture": "#0"},
				"south": {"uv": [0, 2, 1.5, 11], "texture": "#0"},
				"west": {"uv": [1.5, 0, 3, 8.5], "texture": "#0"},
				"up": {"uv": [3, 1.5, 0, 0], "texture": "#0"},
				"down": {"uv": [2, 0, 3.5, 5], "texture": "#0"}
			}
		},
		{
			"name": "octagon",
			"from": [4, 2, 6.34315],
			"to": [4.5, 6.125, 9.65685],
			"rotation": {"angle": -22.5, "axis": "y", "origin": [8, 5, 8]},
			"faces": {
				"north": {"uv": [6.5, 6.5, 7, 8.5], "texture": "#missing"},
				"east": {"uv": [0, 2, 2, 11], "texture": "#0"},
				"south": {"uv": [0, 0, 2.5, 8], "texture": "#0"},
				"west": {"uv": [0, 0, 1.5, 8.5], "texture": "#0"},
				"up": {"uv": [3, 1.5, 0, 0], "texture": "#0"},
				"down": {"uv": [2, 0, 3.5, 5], "texture": "#0"}
			}
		},
		{
			"name": "octagon",
			"from": [11.5, 2, 6.34315],
			"to": [12, 6.125, 9.65685],
			"rotation": {"angle": 22.5, "axis": "y", "origin": [8, 5, 8]},
			"faces": {
				"north": {"uv": [0, 2, 1.5, 11], "texture": "#0"},
				"east": {"uv": [12.5, 0, 14, 8.5], "texture": "#0"},
				"south": {"uv": [0, 2, 1.5, 11], "texture": "#0"},
				"west": {"uv": [0, 2, 1.5, 11], "texture": "#0"},
				"up": {"uv": [3, 1.5, 0, 0], "texture": "#0"},
				"down": {"uv": [2, 0, 3.5, 5], "texture": "#0"}
			}
		},
		{
			"name": "octagon",
			"from": [11.5, 2, 6.34315],
			"to": [12, 6.125, 9.65685],
			"rotation": {"angle": -22.5, "axis": "y", "origin": [8, 5, 8]},
			"faces": {
				"north": {"uv": [0, 2, 1.5, 11], "texture": "#0"},
				"east": {"uv": [8.5, 0, 10, 8.5], "texture": "#0"},
				"south": {"uv": [0, 2, 1.5, 11], "texture": "#0"},
				"west": {"uv": [0, 2, 1.5, 11], "texture": "#0"},
				"up": {"uv": [3, 1.5, 0, 0], "texture": "#0"},
				"down": {"uv": [2, 0, 3.5, 5], "texture": "#0"}
			}
		},
		{
			"from": [10.50586, 2, 5.96875],
			"to": [11.88086, 3, 7.59375],
			"rotation": {"angle": 0, "axis": "y", "origin": [17.88086, 10, 1.21875]},
			"faces": {
				"north": {"uv": [10, 1.5, 13, 3], "texture": "#0"},
				"east": {"uv": [10, 1.5, 13, 3], "texture": "#0"},
				"south": {"uv": [10, 1.5, 13, 3], "texture": "#0"},
				"west": {"uv": [10, 1.5, 13, 3], "texture": "#0"},
				"up": {"uv": [10, 1.5, 13, 3], "texture": "#0"},
				"down": {"uv": [10, 1.5, 13, 3], "texture": "#0"}
			}
		},
		{
			"from": [6.84375, 2, 0.68555],
			"to": [8.21875, 3, 4.31055],
			"rotation": {"angle": 22.5, "axis": "y", "origin": [14.21875, 10, -4.06445]},
			"faces": {
				"north": {"uv": [10, 1.5, 13, 3], "texture": "#0"},
				"east": {"uv": [10, 1.5, 13, 3], "texture": "#0"},
				"south": {"uv": [10, 1.5, 13, 3], "texture": "#0"},
				"west": {"uv": [10, 1.5, 13, 3], "texture": "#0"},
				"up": {"uv": [10, 1.5, 13, 3], "texture": "#0"},
				"down": {"uv": [10, 1.5, 13, 3], "texture": "#0"}
			}
		},
		{
			"from": [5.5, 2, 2.625],
			"to": [10.5, 3, 4.5],
			"rotation": {"angle": 0, "axis": "y", "origin": [15.5, 10, 11]},
			"faces": {
				"north": {"uv": [10, 1.5, 13, 3], "texture": "#0"},
				"east": {"uv": [10, 1.5, 13, 3], "texture": "#0"},
				"south": {"uv": [10, 1.5, 13, 3], "texture": "#0"},
				"west": {"uv": [10, 1.5, 13, 3], "texture": "#0"},
				"up": {"uv": [10, 1.5, 13, 3], "texture": "#0"},
				"down": {"uv": [10, 1.5, 13, 3], "texture": "#0"}
			}
		},
		{
			"from": [6.70117, 2, 6.04297],
			"to": [7.95117, 3, 9.66797],
			"rotation": {"angle": -22.5, "axis": "y", "origin": [14.70117, 10, 1.29297]},
			"faces": {
				"north": {"uv": [10, 1.5, 13, 3], "texture": "#0"},
				"east": {"uv": [10, 1.5, 13, 3], "texture": "#0"},
				"south": {"uv": [10, 1.5, 13, 3], "texture": "#0"},
				"west": {"uv": [10, 1.5, 13, 3], "texture": "#0"},
				"up": {"uv": [10, 1.5, 13, 3], "texture": "#0"},
				"down": {"uv": [10, 1.5, 13, 3], "texture": "#0"}
			}
		},
		{
			"from": [4.10742, 2, 5.95508],
			"to": [5.10742, 3, 7.58008],
			"rotation": {"angle": 0, "axis": "y", "origin": [12.10742, 10, 1.20508]},
			"faces": {
				"north": {"uv": [10, 1.5, 13, 3], "texture": "#0"},
				"east": {"uv": [10, 1.5, 13, 3], "texture": "#0"},
				"south": {"uv": [10, 1.5, 13, 3], "texture": "#0"},
				"west": {"uv": [10, 1.5, 13, 3], "texture": "#0"},
				"up": {"uv": [10, 1.5, 13, 3], "texture": "#0"},
				"down": {"uv": [10, 1.5, 13, 3], "texture": "#0"}
			}
		}
	],
	"display": {
		"thirdperson_righthand": {
			"translation": [0, 3, -3.5]
		},
		"thirdperson_lefthand": {
			"translation": [0, 2.75, -4]
		},
		"firstperson_righthand": {
			"rotation": [26, 119, 0],
			"translation": [3, 4.5, 0]
		},
		"firstperson_lefthand": {
			"rotation": [0, 161, 0],
			"translation": [0, 6.25, 0]
		},
		"ground": {
			"translation": [0, 2.25, 0]
		},
		"gui": {
			"rotation": [14, 150, 0],
			"translation": [0, 8.25, 0],
			"scale": [2, 2, 2]
		},
		"head": {
			"rotation": [7, 0, 0],
			"translation": [0, 16, 2.25],
			"scale": [2, 2, 2]
		},
		"fixed": {
			"translation": [0, 8, 0],
			"scale": [2, 2, 2]
		}
	},
	"groups": [
		{
			"name": "octagon",
			"origin": [8, 8, 8],
			"children": [0, 1, 2, 3, 4, 5, 6, 7, 8, 9, 10, 11]
		},
		{
			"name": "group",
			"origin": [12.10742, 10, 1.20508],
			"children": [12, 13, 14, 15, 16]
		}
	]
}