{
    "parent": "item/handheld",
    "textures": {
        "layer0": "items/diamond_shovel"
    },
        "overrides": [
        {"predicate": {"damaged": 0, "damage": 0.0005},"model": "item/hat/arrow_throw_head"},
        {"predicate": {"damaged": 0, "damage": 0.001},"model": "item/hat/balaklava1"},
        {"predicate": {"damaged": 0, "damage": 0.0015},"model": "item/hat/balaklava2"},
        {"predicate": {"damaged": 0, "damage": 0.0025},"model": "item/items/pointer"},
        {"predicate": {"damaged": 0, "damage": 0.003},"model": "item/hat/headphonesw"},
        {"predicate": {"damaged": 0, "damage": 0.0035},"model": "item/hat/cyl"},
        {"predicate": {"damaged": 0, "damage": 0.004},"model": "item/hat/horns"},
        {"predicate": {"damaged": 0, "damage": 0.005},"model": "item/hat/mask"},
        {"predicate": {"damaged": 0, "damage": 0.0055},"model": "item/hat/med_hat"},
        {"predicate": {"damaged": 0, "damage": 0.006},"model": "item/hat/monitor"},
        {"predicate": {"damaged": 0, "damage": 0.007},"model": "item/hat/naruto"},
        {"predicate": {"damaged": 0, "damage": 0.0075},"model": "item/phone/phone"},
        {"predicate": {"damaged": 0, "damage": 0.008},"model": "item/hat/pinkheadphones"},
        {"predicate": {"damaged": 0, "damage": 0.0085},"model": "item/pets/doggy"},
        {"predicate": {"damaged": 0, "damage": 0.0095},"model": "item/pets/screamfish"},
        {"predicate": {"damaged": 0, "damage": 0.010},"model": "item/pets/seal"},
        {"predicate": {"damaged": 0, "damage": 0.0105},"model": "item/hat/shrek"},
        {"predicate": {"damaged": 0, "damage": 0.0115},"model": "item/pets/sun"},
        {"predicate": {"damaged": 0, "damage": 0.012},"model": "item/atm"},
        {"predicate": {"damaged": 0, "damage": 0.0125},"model": "item/wings"},
        {"predicate": {"damaged": 0, "damage": 0.013},"model": "item/food/yuoghurt"},
        {"predicate": {"damaged": 0, "damage": 0.014},"model": "item/food/burger"},
        {"predicate": {"damaged": 0, "damage": 0.0145},"model": "item/food/drinks/cola"},
        {"predicate": {"damaged": 0, "damage": 0.015},"model": "item/food/donut"},
        {"predicate": {"damaged": 0, "damage": 0.016},"model": "item/food/donut2"},
        {"predicate": {"damaged": 0, "damage": 0.0165},"model": "item/food/donut3"},
        {"predicate": {"damaged": 0, "damage": 0.017},"model": "item/food/cups/green_tea"},
        {"predicate": {"damaged": 0, "damage": 0.0175},"model": "item/food/ice-cream"},
        {"predicate": {"damaged": 0, "damage": 0.018},"model": "item/food/ice-cream2"},
        {"predicate": {"damaged": 0, "damage": 0.019},"model": "item/food/ice-cream3"},
        {"predicate": {"damaged": 0, "damage": 0.0195},"model": "item/food/pizza"},
        {"predicate": {"damaged": 0, "damage": 0.020},"model": "item/food/cups/cup"},
        {"predicate": {"damaged": 0, "damage": 0.021},"model": "item/food/cups/red_tea"},
        {"predicate": {"damaged": 0, "damage": 0.0215},"model": "item/food/marshmallow"},
        {"predicate": {"damaged": 0, "damage": 0.022},"model": "item/food/toast"},
        {"predicate": {"damaged": 0, "damage": 0.0225},"model": "item/food/toast2"},
        {"predicate": {"damaged": 0, "damage": 0.0235},"model": "item/taxi"},
        {"predicate": {"damaged": 0, "damage": 0.024},"model": "item/items/lightshot"},
        {"predicate": {"damaged": 0, "damage": 0.0245},"model": "item/hat/police"},
        {"predicate": {"damaged": 0, "damage": 0.025},"model": "item/food/drinks/bottle"},
        {"predicate": {"damaged": 0, "damage": 0.026},"model": "item/food/drinks/bottle2"},
        {"predicate": {"damaged": 0, "damage": 0.0265},"model": "item/food/drinks/bottle3"},
        {"predicate": {"damaged": 0, "damage": 0.0275},"model": "item/food/bomj/bomj1"},
        {"predicate": {"damaged": 0, "damage": 0.028},"model": "item/food/bomj/bomj2"},
        {"predicate": {"damaged": 0, "damage": 0.0285},"model": "item/food/bomj/bomj3"},
        {"predicate": {"damaged": 0, "damage": 0.029},"model": "item/food/bomj/bomj4"},
        {"predicate": {"damaged": 0, "damage": 0.0295},"model": "item/food/bomj/bomj5"},
        {"predicate": {"damaged": 0, "damage": 0.0305},"model": "item/food/drinks/monster_green"},
        {"predicate": {"damaged": 0, "damage": 0.031},"model": "item/food/drinks/monster_red"},
        {"predicate": {"damaged": 0, "damage": 0.032},"model": "item/food/drinks/fanta"},
        {"predicate": {"damaged": 0, "damage": 0.0325},"model": "item/food/drinks/sprite"},
        {"predicate": {"damaged": 0, "damage": 0.033},"model": "item/food/cups/coffe"},
        {"predicate": {"damaged": 0, "damage": 0.0335},"model": "item/items/dumbell"},
        {"predicate": {"damaged": 0, "damage": 0.0345},"model": "item/phone/phone1"},
        {"predicate": {"damaged": 0, "damage": 0.035},"model": "item/phone/phone2"},
        {"predicate": {"damaged": 0, "damage": 0.0355},"model": "item/phone/phone3"},
        {"predicate": {"damaged": 0, "damage": 0.0365},"model": "item/pets/fish1"},
        {"predicate": {"damaged": 0, "damage": 0.037},"model": "item/pets/fish2"},
        {"predicate": {"damaged": 0, "damage": 0.0375},"model": "item/pets/fish3"},
        {"predicate": {"damaged": 0, "damage": 0.038},"model": "item/pets/fish4"},
        {"predicate": {"damaged": 0, "damage": 0.0385},"model": "item/pets/fish5"},
        {"predicate": {"damaged": 0, "damage": 0.0395},"model": "item/items/passport"},
        {"predicate": {"damaged": 0, "damage": 0.04},"model": "item/items/crystal1"},
        {"predicate": {"damaged": 0, "damage": 0.0405},"model": "item/items/crystal2"},
        {"predicate": {"damaged": 0, "damage": 0.0415},"model": "item/items/crystal3"},
        {"predicate": {"damaged": 0, "damage": 0.042},"model": "item/items/crystal4"},
        {"predicate": {"damaged": 0, "damage": 0.0425},"model": "item/items/crystal5"},
        {"predicate": {"damaged": 0, "damage": 0.043},"model": "item/hat/limeheadphones"},
        {"predicate": {"damaged": 0, "damage": 0.044},"model": "item/food/drinks/monster_white"},
        {"predicate": {"damaged": 0, "damage": 0.0445},"model": "item/hat/redheadphones"},
        {"predicate": {"damaged": 0, "damage": 0.045},"model": "item/hat/straw_hat"},
        {"predicate": {"damaged": 0, "damage": 0.0455},"model": "item/items/metro"},
        {"predicate": {"damaged": 0, "damage": 0.0465},"model": "item/items/heart"},
        {"predicate": {"damaged": 0, "damage": 0.047},"model": "item/items/dollar"},
        {"predicate": {"damaged": 0, "damage": 0.0475},"model": "item/items/1kdollars"},
        {"predicate": {"damaged": 0, "damage": 0.048},"model": "item/items/percoin"},
        {"predicate": {"damaged": 0, "damage": 0.0485},"model": "item/items/bitcoin"},
        {"predicate": {"damaged": 0, "damage": 0.0495},"model": "item/items/card"},
        {"predicate": {"damaged": 0, "damage": 0.050},"model": "item/items/dashcoin"},
        {"predicate": {"damaged": 0, "damage": 0.051},"model": "item/items/card2"},
        {"predicate": {"damaged": 0, "damage": 0.0515},"model": "item/items/moonshard"},
        {"predicate": {"damaged": 0, "damage": 0.052},"model": "item/items/litecoin"},
        {"predicate": {"damaged": 0, "damage": 0.053},"model": "item/items/rainbowcoin"},
        {"predicate": {"damaged": 0, "damage": 0.0535},"model": "item/items/rubl"},
        {"predicate": {"damaged": 0, "damage": 0.0540},"model": "item/items/dollar1"},
        {"predicate": {"damaged": 0, "damage": 0.055},"model": "item/items/arrow_r"},
        {"predicate": {"damaged": 0, "damage": 0.0555},"model": "item/items/dagger"},
        {"predicate": {"damaged": 0, "damage": 0.056},"model": "item/items/plus"},
        {"predicate": {"damaged": 0, "damage": 0.0565},"model": "item/items/minus"},
        {"predicate": {"damaged": 0, "damage": 0.0575},"model": "item/items/crystals"},
        {"predicate": {"damaged": 0, "damage": 0.058},"model": "item/food/donut4"},
        {"predicate": {"damaged": 0, "damage": 0.0585},"model": "item/food/spoiled/burger_"},
        {"predicate": {"damaged": 0, "damage": 0.059},"model": "item/items/slot"},
        {"predicate": {"damaged": 0, "damage": 0.060},"model": "item/items/arrow_l"},
        {"predicate": {"damaged": 0, "damage": 0.065},"model": "item/items/card_"},
        {"predicate": {"damaged": 0, "damage": 0.0655},"model": "item/items/card2_"},
        {"predicate": {"damaged": 0, "damage": 0.066},"model": "item/coal"},
        {"predicate": {"damaged": 0, "damage": 0.0665},"model": "item/phone/shop"},
        {"predicate": {"damaged": 0, "damage": 0.067},"model": "item/phone/banking"},
        {"predicate": {"damaged": 0, "damage": 0.0675},"model": "item/phone/google"},
        {"predicate": {"damaged": 0, "damage": 0.068},"model": "item/phone/gps"},
        {"predicate": {"damaged": 0, "damage": 0.0685},"model": "item/pickaxe/lava_pickaxe"},
        {"predicate": {"damaged": 0, "damage": 0.069},"model": "item/pickaxe/frozen_pickaxe"},
        {"predicate": {"damaged": 0, "damage": 0.0695},"model": "item/pickaxe/lighting_pickaxe"},
        {"predicate": {"damaged": 0, "damage": 0.07},"model": "item/pickaxe/emerald_pickaxe"},
        {"predicate": {"damaged": 0, "damage": 0.071},"model": "item/pickaxe/demonic_pickaxe"},
        {"predicate": {"damaged": 0, "damage": 0.0715},"model": "item/pickaxe/driade_pickaxe"},
        {"predicate": {"damaged": 0, "damage": 0.072},"model": "item/pickaxe/deepness_pickaxe"},
        {"predicate": {"damaged": 0, "damage": 0.0725},"model": "item/pickaxe/fury_pickaxe"},
        {"predicate": {"damaged": 0, "damage": 0.0735},"model": "item/pickaxe/revenge_pickaxe"},
        {"predicate": {"damaged": 0, "damage": 0.074},"model": "item/pickaxe/rube_pickaxe"},
        {"predicate": {"damaged": 0, "damage": 0.0745},"model": "item/axe/double_axe"},
        {"predicate": {"damaged": 0, "damage": 0.075},"model": "item/axe/light_axe"},
        {"predicate": {"damaged": 0, "damage": 0.076},"model": "item/axe/toxic_axe"},
        {"predicate": {"damaged": 0, "damage": 0.0765},"model": "item/axe/sky_axe"},
        {"predicate": {"damaged": 0, "damage": 0.0775},"model": "item/axe/emergency_axe"},
        {"predicate": {"damaged": 0, "damage": 0.078},"model": "item/axe/mars_axe"},
        {"predicate": {"damaged": 0, "damage": 0.0785},"model": "item/axe/sharp_axe"},
        {"predicate": {"damaged": 0, "damage": 0.079},"model": "item/axe/frozen_axe"},
        {"predicate": {"damaged": 0, "damage": 0.08},"model": "item/axe/stone_axe"},
        {"predicate": {"damaged": 0, "damage": 0.0805},"model": "item/axe/bronze_axe"},
        {"predicate": {"damaged": 0, "damage": 0.081},"model": "item/food/spoiled/donut_"},
        {"predicate": {"damaged": 0, "damage": 0.0815},"model": "item/food/spoiled/donut2_"},
        {"predicate": {"damaged": 0, "damage": 0.082},"model": "item/food/spoiled/donut3_"},
        {"predicate": {"damaged": 0, "damage": 0.083},"model": "item/food/spoiled/donut4_"},
        {"predicate": {"damaged": 0, "damage": 0.0835},"model": "item/food/spoiled/toast_"},
        {"predicate": {"damaged": 0, "damage": 0.084},"model": "item/food/spoiled/toast2_"},
        {"predicate": {"damaged": 0, "damage": 0.0845},"model": "item/phone/horizontal/horizontal_1"},
        {"predicate": {"damaged": 0, "damage": 0.085},"model": "item/phone/horizontal/horizontal_2"},
        {"predicate": {"damaged": 0, "damage": 0.0855},"model": "item/phone/horizontal/horizontal_3"},
        {"predicate": {"damaged": 0, "damage": 0.086},"model": "item/phone/horizontal/horizontal_4"},
        {"predicate": {"damaged": 0, "damage": 0.0865},"model": "item/phone/horizontal/horizontal_5"},
        {"predicate": {"damaged": 0, "damage": 0.087},"model": "item/phone/horizontal/horizontal_6"},
        {"predicate": {"damaged": 0, "damage": 0.0875},"model": "item/phone/horizontal/horizontal_7"},
        {"predicate": {"damaged": 0, "damage": 0.088},"model": "item/phone/horizontal/horizontal_8"},
        {"predicate": {"damaged": 0, "damage": 0.089},"model": "item/phone/horizontal/horizontal_11"},
        {"predicate": {"damaged": 0, "damage": 0.0895},"model": "item/phone/horizontal/horizontal_22"},
        {"predicate": {"damaged": 0, "damage": 0.09},"model": "item/phone/horizontal/horizontal_33"},
        {"predicate": {"damaged": 0, "damage": 0.0905},"model": "item/phone/horizontal/horizontal_44"},
        {"predicate": {"damaged": 0, "damage": 0.0915},"model": "item/phone/horizontal/horizontal_55"},
        {"predicate": {"damaged": 0, "damage": 0.092},"model": "item/phone/horizontal/horizontal_66"},
        {"predicate": {"damaged": 0, "damage": 0.0925},"model": "item/phone/horizontal/horizontal_77"},
        {"predicate": {"damaged": 0, "damage": 0.093},"model": "item/phone/horizontal/horizontal_88"},
		{"predicate": {"damaged": 0, "damage": 0.0935},"model": "item/hat/christmas"},
        {"predicate": {"damaged": 1, "damage": 0},"model": "item/diamond_shovel_"}
    ]
}