{
	"credit": "quiktori",
	"textures": {
		"0": "items/bone_block_side",
		"1": "items/hats/capca",
		"particle": "items/bone_block_side"
	},
	"elements": [
		{
			"name": "speaker_side",
			"from": [-1, 3.51777, 10.31066],
			"to": [0, 6.51777, 11.06066],
			"rotation": {"angle": 45, "axis": "x", "origin": [-0.5, 5.51777, 10.56066]},
			"faces": {
				"north": {"uv": [0, 0, 1, 3], "texture": "#0"},
				"east": {"uv": [0, 0, 0.75, 3], "texture": "#0"},
				"south": {"uv": [1, 2.25, 2, 4.25], "rotation": 180, "texture": "#0"},
				"west": {"uv": [0, 0, 0.75, 3], "texture": "#0"},
				"up": {"uv": [0, 0, 1, 0.75], "texture": "#0"},
				"down": {"uv": [0, 0, 1, 0.75], "texture": "#0"}
			}
		},
		{
			"name": "speaker_side",
			"from": [-1, 7.93198, 5.64645],
			"to": [0, 10.93198, 6.39645],
			"rotation": {"angle": 45, "axis": "x", "origin": [-0.5, 9.93198, 6.14645]},
			"faces": {
				"north": {"uv": [1, 2.25, 2, 4.25], "texture": "#0"},
				"east": {"uv": [0, 0, 0.75, 3], "texture": "#0"},
				"south": {"uv": [0, 0, 1, 3], "texture": "#0"},
				"west": {"uv": [0, 0, 0.75, 3], "texture": "#0"},
				"up": {"uv": [0, 0, 1, 0.75], "texture": "#0"},
				"down": {"uv": [0, 0, 1, 0.75], "texture": "#0"}
			}
		},
		{
			"name": "speaker_side",
			"from": [-1, 7.93198, 9.60355],
			"to": [0, 10.93198, 10.35355],
			"rotation": {"angle": -45, "axis": "x", "origin": [-0.5, 9.93198, 9.85355]},
			"faces": {
				"north": {"uv": [0, 0, 1, 3], "texture": "#0"},
				"east": {"uv": [0, 0, 0.75, 3], "texture": "#0"},
				"south": {"uv": [1, 2.25, 2, 4.25], "rotation": 180, "texture": "#0"},
				"west": {"uv": [0, 0, 0.75, 3], "texture": "#0"},
				"up": {"uv": [0, 0, 1, 0.75], "texture": "#0"},
				"down": {"uv": [0, 0, 1, 0.75], "texture": "#0"}
			}
		},
		{
			"name": "speaker_side",
			"from": [-1, 3.51777, 4.93934],
			"to": [0, 6.51777, 5.68934],
			"rotation": {"angle": -45, "axis": "x", "origin": [-0.5, 5.51777, 5.43934]},
			"faces": {
				"north": {"uv": [1, 2.25, 2, 4.25], "texture": "#0"},
				"east": {"uv": [0, 0, 0.75, 3], "texture": "#0"},
				"south": {"uv": [0, 0, 1, 3], "texture": "#0"},
				"west": {"uv": [0, 0, 0.75, 3], "texture": "#0"},
				"up": {"uv": [0, 0, 1, 0.75], "texture": "#0"},
				"down": {"uv": [0, 0, 1, 0.75], "texture": "#0"}
			}
		},
		{
			"name": "speaker_botton",
			"from": [-1, 5.87132, 4.37868],
			"to": [0, 8.87132, 5.12868],
			"rotation": {"angle": 0, "axis": "x", "origin": [-0.5, 7.37132, 4.87868]},
			"faces": {
				"north": {"uv": [1, 2.25, 2, 4.25], "texture": "#0"},
				"east": {"uv": [0, 0, 3, 0.75], "rotation": 270, "texture": "#0"},
				"south": {"uv": [0, 0, 1, 3], "texture": "#0"},
				"west": {"uv": [0, 0, 3, 0.75], "rotation": 90, "texture": "#0"},
				"up": {"uv": [0, 0, 1, 0.75], "rotation": 180, "texture": "#0"},
				"down": {"uv": [0, 0, 1, 0.75], "texture": "#0"}
			}
		},
		{
			"name": "speaker_botton",
			"from": [-1, 5.87132, 10.87132],
			"to": [0, 8.87132, 11.62132],
			"rotation": {"angle": 0, "axis": "x", "origin": [-0.5, 7.37132, 11.12132]},
			"faces": {
				"north": {"uv": [0, 0, 1, 3], "rotation": 180, "texture": "#0"},
				"east": {"uv": [0, 0, 3, 0.75], "rotation": 270, "texture": "#0"},
				"south": {"uv": [1, 2.25, 2, 4.25], "rotation": 180, "texture": "#0"},
				"west": {"uv": [0, 0, 3, 0.75], "rotation": 90, "texture": "#0"},
				"up": {"uv": [0, 0, 1, 0.75], "rotation": 180, "texture": "#0"},
				"down": {"uv": [0, 0, 1, 0.75], "texture": "#0"}
			}
		},
		{
			"name": "speaker_botton",
			"from": [-1, 10.24264, 6.5],
			"to": [0, 10.99264, 9.5],
			"faces": {
				"north": {"uv": [0, 0, 1, 0.75], "texture": "#0"},
				"east": {"uv": [0, 0, 3, 0.75], "texture": "#0"},
				"south": {"uv": [0, 0, 1, 0.75], "texture": "#0"},
				"west": {"uv": [0, 0, 3, 0.75], "texture": "#0"},
				"up": {"uv": [1, 2.25, 2, 4.25], "rotation": 180, "texture": "#0"},
				"down": {"uv": [0, 0, 1, 3], "texture": "#0"}
			}
		},
		{
			"name": "speaker_botton",
			"from": [-1, 3.75, 6.5],
			"to": [0, 4.5, 9.5],
			"faces": {
				"north": {"uv": [0, 0, 1, 0.75], "texture": "#0"},
				"east": {"uv": [0, 0, 3, 0.75], "texture": "#0"},
				"south": {"uv": [0, 0, 1, 0.75], "texture": "#0"},
				"west": {"uv": [0, 0, 3, 0.75], "texture": "#0"},
				"up": {"uv": [0, 0, 1, 3], "texture": "#0"},
				"down": {"uv": [1, 2.25, 2, 4.25], "rotation": 180, "texture": "#0"}
			}
		},
		{
			"name": "speaker_side",
			"from": [-0.435, 3.88915, 9.83671],
			"to": [0.335, 6.94915, 10.85671],
			"rotation": {"angle": 45, "axis": "x", "origin": [-0.05, 5.92915, 9.97171]},
			"faces": {
				"north": {"uv": [0, 0, 0.77, 3.06], "texture": "#0"},
				"east": {"uv": [0, 0, 1.02, 3.06], "texture": "#0"},
				"south": {"uv": [0, 0, 0.77, 3.06], "texture": "#0"},
				"west": {"uv": [0, 0, 1.02, 3.06], "texture": "#0"},
				"up": {"uv": [0, 0, 0.77, 1.02], "texture": "#0"},
				"down": {"uv": [0, 0, 0.77, 1.02], "texture": "#0"}
			}
		},
		{
			"name": "speaker_side",
			"from": [-0.435, 7.53809, 5.93776],
			"to": [0.335, 10.34809, 6.70776],
			"rotation": {"angle": 45, "axis": "x", "origin": [-0.05, 9.32809, 6.57276]},
			"faces": {
				"north": {"uv": [0, 0, 0.77, 2.81], "texture": "#0"},
				"east": {"uv": [0, 0, 0.77, 2.81], "texture": "#0"},
				"south": {"uv": [0, 0, 0.77, 2.81], "texture": "#0"},
				"west": {"uv": [0, 0, 0.77, 2.81], "texture": "#0"},
				"up": {"uv": [0, 0, 0.77, 0.77], "texture": "#0"},
				"down": {"uv": [0, 0, 0.77, 0.77], "texture": "#0"}
			}
		},
		{
			"name": "speaker_side",
			"from": [-0.435, 7.53809, 9.29224],
			"to": [0.335, 10.34809, 10.06224],
			"rotation": {"angle": -45, "axis": "x", "origin": [-0.05, 9.32809, 9.42724]},
			"faces": {
				"north": {"uv": [0, 0, 0.77, 2.81], "texture": "#0"},
				"east": {"uv": [0, 0, 0.77, 2.81], "texture": "#0"},
				"south": {"uv": [0, 0, 0.77, 2.81], "texture": "#0"},
				"west": {"uv": [0, 0, 0.77, 2.81], "texture": "#0"},
				"up": {"uv": [0, 0, 0.77, 0.77], "texture": "#0"},
				"down": {"uv": [0, 0, 0.77, 0.77], "texture": "#0"}
			}
		},
		{
			"name": "speaker_side",
			"from": [-0.435, 4.13915, 5.39329],
			"to": [0.335, 6.94915, 6.16329],
			"rotation": {"angle": -45, "axis": "x", "origin": [-0.05, 5.92915, 6.02829]},
			"faces": {
				"north": {"uv": [0, 0, 0.77, 2.81], "texture": "#0"},
				"east": {"uv": [0, 0, 0.77, 2.81], "texture": "#0"},
				"south": {"uv": [0, 0, 0.77, 2.81], "texture": "#0"},
				"west": {"uv": [0, 0, 0.77, 2.81], "texture": "#0"},
				"up": {"uv": [0, 0, 0.77, 0.77], "texture": "#0"},
				"down": {"uv": [0, 0, 0.77, 0.77], "texture": "#0"}
			}
		},
		{
			"name": "speaker_botton",
			"from": [-0.435, 6.20138, 4.96158],
			"to": [0.335, 8.51138, 5.73158],
			"rotation": {"angle": 0, "axis": "x", "origin": [-0.05, 7.35638, 5.59658]},
			"faces": {
				"north": {"uv": [0, 0, 0.77, 2.31], "rotation": 180, "texture": "#0"},
				"east": {"uv": [0, 0, 2.31, 0.77], "rotation": 270, "texture": "#0"},
				"south": {"uv": [0, 0, 0.77, 2.31], "texture": "#0"},
				"west": {"uv": [0, 0, 2.31, 0.77], "rotation": 90, "texture": "#0"},
				"up": {"uv": [0, 0, 0.77, 0.77], "rotation": 180, "texture": "#0"},
				"down": {"uv": [0, 0, 0.77, 0.77], "texture": "#0"}
			}
		},
		{
			"name": "speaker_botton",
			"from": [-0.435, 6.20138, 10.26842],
			"to": [0.335, 8.51138, 11.03842],
			"rotation": {"angle": 0, "axis": "x", "origin": [-0.05, 7.35638, 10.40342]},
			"faces": {
				"north": {"uv": [0, 0, 0.77, 2.31], "rotation": 180, "texture": "#0"},
				"east": {"uv": [0, 0, 2.31, 0.77], "rotation": 270, "texture": "#0"},
				"south": {"uv": [0, 0, 0.77, 2.31], "texture": "#0"},
				"west": {"uv": [0, 0, 2.31, 0.77], "rotation": 90, "texture": "#0"},
				"up": {"uv": [0, 0, 0.77, 0.77], "rotation": 180, "texture": "#0"},
				"down": {"uv": [0, 0, 0.77, 0.77], "texture": "#0"}
			}
		},
		{
			"name": "speaker_botton",
			"from": [-0.435, 9.6248, 6.845],
			"to": [0.335, 10.3948, 9.155],
			"faces": {
				"north": {"uv": [0, 0, 0.77, 0.77], "texture": "#0"},
				"east": {"uv": [0, 0, 2.31, 0.77], "texture": "#0"},
				"south": {"uv": [0, 0, 0.77, 0.77], "texture": "#0"},
				"west": {"uv": [0, 0, 2.31, 0.77], "texture": "#0"},
				"up": {"uv": [0, 0, 0.77, 2.31], "texture": "#0"},
				"down": {"uv": [0, 0, 0.77, 2.31], "texture": "#0"}
			}
		},
		{
			"name": "speaker_botton",
			"from": [-0.435, 4.31797, 6.845],
			"to": [0.335, 5.08797, 9.155],
			"faces": {
				"north": {"uv": [0, 0, 0.77, 0.77], "texture": "#0"},
				"east": {"uv": [0, 0, 2.31, 0.77], "texture": "#0"},
				"south": {"uv": [0, 0, 0.77, 0.77], "texture": "#0"},
				"west": {"uv": [0, 0, 2.31, 0.77], "texture": "#0"},
				"up": {"uv": [0, 0, 0.77, 2.31], "texture": "#0"},
				"down": {"uv": [0, 0, 0.77, 2.31], "texture": "#0"}
			}
		},
		{
			"name": "speaker_side",
			"from": [-1.26, 4.98137, 9.47882],
			"to": [-0.12, 6.90137, 9.95882],
			"rotation": {"angle": 45, "axis": "x", "origin": [-0.94, 6.26137, 9.63882]},
			"faces": {
				"north": {"uv": [10.75, 2.25, 13.75, 3.25], "rotation": 180, "texture": "#1"},
				"east": {"uv": [10.75, 2.25, 13.75, 3.25], "rotation": 180, "texture": "#1"},
				"south": {"uv": [10.75, 2.25, 13.75, 3.25], "rotation": 180, "texture": "#1"},
				"west": {"uv": [10.75, 2.25, 13.75, 3.25], "rotation": 180, "texture": "#1"},
				"up": {"uv": [10.75, 2.25, 13.75, 3.25], "rotation": 180, "texture": "#1"},
				"down": {"uv": [10.75, 2.25, 13.75, 3.25], "rotation": 180, "texture": "#1"}
			}
		},
		{
			"name": "speaker_side",
			"from": [-1.26, 7.80647, 6.49373],
			"to": [-0.12, 9.72647, 6.97373],
			"rotation": {"angle": 45, "axis": "x", "origin": [-0.94, 9.08647, 6.81373]},
			"faces": {
				"north": {"uv": [10.75, 2.25, 13.75, 3.25], "texture": "#1"},
				"east": {"uv": [10.75, 2.25, 13.75, 3.25], "texture": "#1"},
				"south": {"uv": [10.75, 2.25, 13.75, 3.25], "texture": "#1"},
				"west": {"uv": [10.75, 2.25, 13.75, 3.25], "texture": "#1"},
				"up": {"uv": [10.75, 2.25, 13.75, 3.25], "texture": "#1"},
				"down": {"uv": [10.75, 2.25, 13.75, 3.25], "texture": "#1"}
			}
		},
		{
			"name": "speaker_side",
			"from": [-1.26, 7.80647, 9.02627],
			"to": [-0.12, 9.72647, 9.50627],
			"rotation": {"angle": -45, "axis": "x", "origin": [-0.94, 9.08647, 9.18627]},
			"faces": {
				"north": {"uv": [10.75, 2.25, 13.75, 3.25], "rotation": 180, "texture": "#1"},
				"east": {"uv": [10.75, 2.25, 13.75, 3.25], "rotation": 180, "texture": "#1"},
				"south": {"uv": [10.75, 2.25, 13.75, 3.25], "rotation": 180, "texture": "#1"},
				"west": {"uv": [10.75, 2.25, 13.75, 3.25], "rotation": 180, "texture": "#1"},
				"up": {"uv": [10.75, 2.25, 13.75, 3.25], "rotation": 180, "texture": "#1"},
				"down": {"uv": [10.75, 2.25, 13.75, 3.25], "rotation": 180, "texture": "#1"}
			}
		},
		{
			"name": "speaker_side",
			"from": [-1.26, 4.98137, 6.04118],
			"to": [-0.12, 6.90137, 6.52118],
			"rotation": {"angle": -45, "axis": "x", "origin": [-0.94, 6.26137, 6.36118]},
			"faces": {
				"north": {"uv": [10.75, 2.25, 13.75, 3.25], "texture": "#1"},
				"east": {"uv": [10.75, 2.25, 13.75, 3.25], "texture": "#1"},
				"south": {"uv": [10.75, 2.25, 13.75, 3.25], "texture": "#1"},
				"west": {"uv": [10.75, 2.25, 13.75, 3.25], "texture": "#1"},
				"up": {"uv": [10.75, 2.25, 13.75, 3.25], "texture": "#1"},
				"down": {"uv": [10.75, 2.25, 13.75, 3.25], "texture": "#1"}
			}
		},
		{
			"name": "speaker_botton",
			"from": [-1.26, 6.48764, 5.68235],
			"to": [-0.12, 8.40764, 6.16235],
			"rotation": {"angle": 0, "axis": "x", "origin": [-0.94, 7.44764, 6.00235]},
			"faces": {
				"north": {"uv": [10.75, 2.25, 13.75, 3.25], "texture": "#1"},
				"east": {"uv": [10.75, 2.25, 13.75, 3.25], "texture": "#1"},
				"south": {"uv": [10.75, 2.25, 13.75, 3.25], "texture": "#1"},
				"west": {"uv": [10.75, 2.25, 13.75, 3.25], "texture": "#1"},
				"up": {"uv": [10.75, 2.25, 13.75, 3.25], "texture": "#1"},
				"down": {"uv": [10.75, 2.25, 13.75, 3.25], "texture": "#1"}
			}
		},
		{
			"name": "speaker_botton",
			"from": [-1.26, 6.48765, 9.83765],
			"to": [-0.12, 8.40765, 10.31765],
			"rotation": {"angle": 0, "axis": "x", "origin": [-0.94, 7.44765, 9.99765]},
			"faces": {
				"north": {"uv": [10.75, 2.25, 13.75, 3.25], "rotation": 180, "texture": "#1"},
				"east": {"uv": [10.75, 2.25, 13.75, 3.25], "rotation": 180, "texture": "#1"},
				"south": {"uv": [10.75, 2.25, 13.75, 3.25], "rotation": 180, "texture": "#1"},
				"west": {"uv": [10.75, 2.25, 13.75, 3.25], "rotation": 180, "texture": "#1"},
				"up": {"uv": [10.75, 2.25, 13.75, 3.25], "rotation": 180, "texture": "#1"},
				"down": {"uv": [10.75, 2.25, 13.75, 3.25], "rotation": 180, "texture": "#1"}
			}
		},
		{
			"name": "speaker_botton",
			"from": [-1.26, 9.28529, 7.04],
			"to": [-0.12, 9.76529, 8.96],
			"faces": {
				"north": {"uv": [10.75, 2.25, 13.75, 3.25], "rotation": 90, "texture": "#1"},
				"east": {"uv": [10.75, 2.25, 13.75, 3.25], "rotation": 90, "texture": "#1"},
				"south": {"uv": [10.75, 2.25, 13.75, 3.25], "rotation": 90, "texture": "#1"},
				"west": {"uv": [10.75, 2.25, 13.75, 3.25], "rotation": 90, "texture": "#1"},
				"up": {"uv": [10.75, 2.25, 13.75, 3.25], "rotation": 90, "texture": "#1"},
				"down": {"uv": [10.75, 2.25, 13.75, 3.25], "rotation": 90, "texture": "#1"}
			}
		},
		{
			"name": "speaker_botton",
			"from": [-1.26, 5.13, 7.04],
			"to": [-0.12, 5.61, 8.96],
			"faces": {
				"north": {"uv": [10.75, 2.25, 13.75, 3.25], "rotation": 270, "texture": "#1"},
				"east": {"uv": [10.75, 2.25, 13.75, 3.25], "rotation": 270, "texture": "#1"},
				"south": {"uv": [10.75, 2.25, 13.75, 3.25], "rotation": 270, "texture": "#1"},
				"west": {"uv": [10.75, 2.25, 13.75, 3.25], "rotation": 270, "texture": "#1"},
				"up": {"uv": [10.75, 2.25, 13.75, 3.25], "rotation": 270, "texture": "#1"},
				"down": {"uv": [10.75, 2.25, 13.75, 3.25], "rotation": 270, "texture": "#1"}
			}
		},
		{
			"name": "speaker_side",
			"from": [0.05, 3.19454, 9.54173],
			"to": [1.7, 6.49454, 11.36673],
			"rotation": {"angle": 45, "axis": "x", "origin": [0.325, 5.39454, 10.81673]},
			"faces": {
				"north": {"uv": [10.5, 2.25, 11.25, 5.25], "texture": "#1"},
				"east": {"uv": [10.5, 2.25, 11.25, 5.25], "texture": "#1"},
				"south": {"uv": [10.5, 2.25, 11.25, 5.25], "texture": "#1"},
				"west": {"uv": [10.5, 2.25, 11.25, 5.25], "texture": "#1"},
				"up": {"uv": [10.5, 2.25, 11.25, 5.25], "texture": "#1"},
				"down": {"uv": [10.5, 2.25, 11.25, 5.25], "texture": "#1"}
			}
		},
		{
			"name": "speaker_side",
			"from": [0.05, 8.05018, 5.41109],
			"to": [1.7, 11.35018, 7.23609],
			"rotation": {"angle": 45, "axis": "x", "origin": [0.325, 10.25018, 5.96109]},
			"faces": {
				"north": {"uv": [10.5, 2.25, 11.25, 5.25], "texture": "#1"},
				"east": {"uv": [10.5, 2.25, 11.25, 5.25], "texture": "#1"},
				"south": {"uv": [10.5, 2.25, 11.25, 5.25], "texture": "#1"},
				"west": {"uv": [10.5, 2.25, 11.25, 5.25], "texture": "#1"},
				"up": {"uv": [10.5, 2.25, 11.25, 5.25], "texture": "#1"},
				"down": {"uv": [10.5, 2.25, 11.25, 5.25], "texture": "#1"}
			}
		},
		{
			"name": "speaker_side",
			"from": [0.05, 8.05018, 8.76391],
			"to": [1.7, 11.35018, 10.58891],
			"rotation": {"angle": -45, "axis": "x", "origin": [0.325, 10.25018, 10.03891]},
			"faces": {
				"north": {"uv": [10.5, 2.25, 11.25, 5.25], "texture": "#1"},
				"east": {"uv": [10.5, 2.25, 11.25, 5.25], "texture": "#1"},
				"south": {"uv": [10.5, 2.25, 11.25, 5.25], "texture": "#1"},
				"west": {"uv": [10.5, 2.25, 11.25, 5.25], "texture": "#1"},
				"up": {"uv": [10.5, 2.25, 11.25, 5.25], "texture": "#1"},
				"down": {"uv": [10.5, 2.25, 11.25, 5.25], "texture": "#1"}
			}
		},
		{
			"name": "speaker_side",
			"from": [0.05, 3.19454, 5.38327],
			"to": [1.2, 6.49454, 6.45827],
			"rotation": {"angle": -45, "axis": "x", "origin": [-0.425, 5.39454, 5.18327]},
			"faces": {
				"north": {"uv": [12, 1, 13.15, 4.3], "texture": "#0"},
				"east": {"uv": [0, 0, 1.075, 3.3], "texture": "#0"},
				"south": {"uv": [0, 0, 1.15, 3.3], "texture": "#0"},
				"west": {"uv": [0, 0, 1.075, 3.3], "texture": "#0"},
				"up": {"uv": [0, 0, 1.15, 1.075], "texture": "#0"},
				"down": {"uv": [0, 0, 1.15, 1.075], "texture": "#0"}
			}
		},
		{
			"name": "speaker_side",
			"from": [1.05, 3.19454, 4.63327],
			"to": [1.7, 6.49454, 6.45827],
			"rotation": {"angle": -45, "axis": "x", "origin": [0.325, 5.39454, 5.18327]},
			"faces": {
				"north": {"uv": [10.5, 2.25, 11.25, 5.25], "texture": "#1"},
				"east": {"uv": [10.5, 2.25, 11.25, 5.25], "texture": "#1"},
				"south": {"uv": [10.5, 2.25, 11.25, 5.25], "texture": "#1"},
				"west": {"uv": [10.5, 2.25, 11.25, 5.25], "texture": "#1"},
				"up": {"uv": [10.5, 2.25, 11.25, 5.25], "texture": "#1"},
				"down": {"uv": [10.5, 2.25, 11.25, 5.25], "texture": "#1"}
			}
		},
		{
			"name": "speaker_botton",
			"from": [0.05, 5.78345, 4.01655],
			"to": [1.7, 9.08345, 5.84155],
			"rotation": {"angle": 0, "axis": "x", "origin": [0.325, 7.43345, 4.56655]},
			"faces": {
				"north": {"uv": [10.5, 2.25, 11.25, 5.25], "rotation": 90, "texture": "#1"},
				"east": {"uv": [10.5, 2.25, 11.25, 5.25], "rotation": 90, "texture": "#1"},
				"south": {"uv": [10.5, 2.25, 11.25, 5.25], "rotation": 90, "texture": "#1"},
				"west": {"uv": [10.5, 2.25, 11.25, 5.25], "rotation": 90, "texture": "#1"},
				"up": {"uv": [10.5, 2.25, 11.25, 5.25], "rotation": 90, "texture": "#1"},
				"down": {"uv": [10.5, 2.25, 11.25, 5.25], "rotation": 90, "texture": "#1"}
			}
		},
		{
			"name": "speaker_botton",
			"from": [0.05, 5.78345, 10.15845],
			"to": [1.7, 9.08345, 11.98345],
			"rotation": {"angle": 0, "axis": "x", "origin": [0.325, 7.43345, 11.43345]},
			"faces": {
				"north": {"uv": [10.5, 2.25, 11.25, 5.25], "rotation": 90, "texture": "#1"},
				"east": {"uv": [10.5, 2.25, 11.25, 5.25], "rotation": 90, "texture": "#1"},
				"south": {"uv": [10.5, 2.25, 11.25, 5.25], "rotation": 90, "texture": "#1"},
				"west": {"uv": [10.5, 2.25, 11.25, 5.25], "rotation": 90, "texture": "#1"},
				"up": {"uv": [10.5, 2.25, 11.25, 5.25], "rotation": 90, "texture": "#1"},
				"down": {"uv": [10.5, 2.25, 11.25, 5.25], "rotation": 90, "texture": "#1"}
			}
		},
		{
			"name": "speaker_botton",
			"from": [0.05, 9.5919, 6.35],
			"to": [1.7, 11.4169, 9.65],
			"faces": {
				"north": {"uv": [10.5, 2.25, 11.25, 5.25], "texture": "#1"},
				"east": {"uv": [10.5, 2.25, 11.25, 5.25], "texture": "#1"},
				"south": {"uv": [10.5, 2.25, 11.25, 5.25], "texture": "#1"},
				"west": {"uv": [10.5, 2.25, 11.25, 5.25], "texture": "#1"},
				"up": {"uv": [10.5, 2.25, 11.25, 5.25], "texture": "#1"},
				"down": {"uv": [10.5, 2.25, 11.25, 5.25], "texture": "#1"}
			}
		},
		{
			"name": "speaker_botton",
			"from": [0.05, 3.45, 6.35],
			"to": [1.7, 5.275, 9.65],
			"faces": {
				"north": {"uv": [10.5, 2.25, 11.25, 5.25], "texture": "#1"},
				"east": {"uv": [10.5, 2.25, 11.25, 5.25], "texture": "#1"},
				"south": {"uv": [10.5, 2.25, 11.25, 5.25], "texture": "#1"},
				"west": {"uv": [10.5, 2.25, 11.25, 5.25], "texture": "#1"},
				"up": {"uv": [10.5, 2.25, 11.25, 5.25], "texture": "#1"},
				"down": {"uv": [10.5, 2.25, 11.25, 5.25], "texture": "#1"}
			}
		},
		{
			"name": "speaker_connecter",
			"from": [0, 4, 3.5],
			"to": [1, 5, 6.5],
			"faces": {
				"north": {"uv": [0, 7.25, 1.25, 8.5], "texture": "#0"},
				"east": {"uv": [1.25, 4.25, 2.5, 8], "rotation": 270, "texture": "#0"},
				"south": {"uv": [0, 0, 1, 1], "texture": "#0"},
				"west": {"uv": [1.25, 4.25, 2.75, 8], "rotation": 90, "texture": "#0"},
				"up": {"uv": [1.25, 4.25, 2.25, 8], "rotation": 180, "texture": "#0"},
				"down": {"uv": [1.25, 4.25, 2.25, 8], "texture": "#0"}
			}
		},
		{
			"from": [-1.25, 5.5, 7],
			"to": [0.75, 9.5, 9],
			"faces": {
				"north": {"uv": [0, 0, 2, 4], "texture": "#0"},
				"east": {"uv": [0, 0, 2, 4], "texture": "#0"},
				"south": {"uv": [0, 0, 2, 4], "texture": "#0"},
				"west": {"uv": [0, 0, 2, 4], "texture": "#0"},
				"up": {"uv": [0, 0, 2, 2], "texture": "#0"},
				"down": {"uv": [0, 0, 2, 2], "texture": "#0"}
			}
		},
		{
			"from": [0.5, 5.25, 5.75],
			"to": [1, 9.75, 10.25],
			"faces": {
				"north": {"uv": [0, 0, 0.5, 4.5], "texture": "#0"},
				"east": {"uv": [0, 4.25, 1.25, 5.75], "texture": "#0"},
				"south": {"uv": [0, 0, 0.5, 4.5], "texture": "#0"},
				"west": {"uv": [0, 0, 4.5, 4.5], "texture": "#0"},
				"up": {"uv": [0, 0, 0.5, 4.5], "texture": "#0"},
				"down": {"uv": [0, 0, 0.5, 4.5], "texture": "#0"}
			}
		},
		{
			"from": [-1.25, 5.75, 6.5],
			"to": [0.75, 9, 9.5],
			"faces": {
				"north": {"uv": [0, 0, 2, 3.25], "texture": "#0"},
				"east": {"uv": [0, 0, 3, 3.25], "texture": "#0"},
				"south": {"uv": [0, 0, 2, 3.25], "texture": "#0"},
				"west": {"uv": [0, 0, 3, 3.25], "texture": "#0"},
				"up": {"uv": [0, 0, 2, 3], "texture": "#0"},
				"down": {"uv": [0, 0, 2, 3], "texture": "#0"}
			}
		},
		{
			"from": [-1.25, 6.25, 6],
			"to": [0.75, 8.75, 10],
			"faces": {
				"north": {"uv": [0, 0, 2, 2.5], "texture": "#0"},
				"east": {"uv": [0, 0, 4, 2.5], "texture": "#0"},
				"south": {"uv": [0, 0, 2, 2.5], "texture": "#0"},
				"west": {"uv": [0, 0, 4, 2.5], "texture": "#0"},
				"up": {"uv": [0, 0, 2, 4], "texture": "#0"},
				"down": {"uv": [0, 0, 2, 4], "texture": "#0"}
			}
		},
		{
			"name": "speaker_side",
			"from": [16, 3.51777, 10.31066],
			"to": [17, 6.51777, 11.06066],
			"rotation": {"angle": 45, "axis": "x", "origin": [16.5, 5.51777, 10.56066]},
			"faces": {
				"north": {"uv": [1, 0, 0, 3], "texture": "#0"},
				"east": {"uv": [0.75, 0, 0, 3], "texture": "#0"},
				"south": {"uv": [2, 0, 1, 2], "rotation": 180, "texture": "#0"},
				"west": {"uv": [0.75, 0, 0, 3], "texture": "#0"},
				"up": {"uv": [1, 0, 0, 0.75], "texture": "#0"},
				"down": {"uv": [1, 0, 0, 0.75], "texture": "#0"}
			}
		},
		{
			"name": "speaker_side",
			"from": [16, 7.93198, 5.64645],
			"to": [17, 10.93198, 6.39645],
			"rotation": {"angle": 45, "axis": "x", "origin": [16.5, 9.93198, 6.14645]},
			"faces": {
				"north": {"uv": [2, 2.25, 1, 4.25], "texture": "#0"},
				"east": {"uv": [0.75, 0, 0, 3], "texture": "#0"},
				"south": {"uv": [1, 0, 0, 3], "texture": "#0"},
				"west": {"uv": [0.75, 0, 0, 3], "texture": "#0"},
				"up": {"uv": [1, 0, 0, 0.75], "texture": "#0"},
				"down": {"uv": [1, 0, 0, 0.75], "texture": "#0"}
			}
		},
		{
			"name": "speaker_side",
			"from": [16, 7.93198, 9.60355],
			"to": [17, 10.93198, 10.35355],
			"rotation": {"angle": -45, "axis": "x", "origin": [16.5, 9.93198, 9.85355]},
			"faces": {
				"north": {"uv": [1, 0, 0, 3], "texture": "#0"},
				"east": {"uv": [0.75, 0, 0, 3], "texture": "#0"},
				"south": {"uv": [2, 0, 1, 2], "rotation": 180, "texture": "#0"},
				"west": {"uv": [0.75, 0, 0, 3], "texture": "#0"},
				"up": {"uv": [1, 0, 0, 0.75], "texture": "#0"},
				"down": {"uv": [1, 0, 0, 0.75], "texture": "#0"}
			}
		},
		{
			"name": "speaker_side",
			"from": [16, 3.51777, 4.93934],
			"to": [17, 6.51777, 5.68934],
			"rotation": {"angle": -45, "axis": "x", "origin": [16.5, 5.51777, 5.43934]},
			"faces": {
				"north": {"uv": [2, 2.25, 1, 4.25], "texture": "#0"},
				"east": {"uv": [0.75, 0, 0, 3], "texture": "#0"},
				"south": {"uv": [1, 0, 0, 3], "texture": "#0"},
				"west": {"uv": [0.75, 0, 0, 3], "texture": "#0"},
				"up": {"uv": [1, 0, 0, 0.75], "texture": "#0"},
				"down": {"uv": [1, 0, 0, 0.75], "texture": "#0"}
			}
		},
		{
			"name": "speaker_botton",
			"from": [16, 5.87132, 4.37868],
			"to": [17, 8.87132, 5.12868],
			"rotation": {"angle": 0, "axis": "x", "origin": [16.5, 7.37132, 4.87868]},
			"faces": {
				"north": {"uv": [2, 0, 1, 2], "texture": "#0"},
				"east": {"uv": [3, 0, 0, 0.75], "rotation": 90, "texture": "#0"},
				"south": {"uv": [1, 0, 0, 3], "texture": "#0"},
				"west": {"uv": [3, 0, 0, 0.75], "rotation": 270, "texture": "#0"},
				"up": {"uv": [1, 0, 0, 0.75], "rotation": 180, "texture": "#0"},
				"down": {"uv": [1, 0, 0, 0.75], "texture": "#0"}
			}
		},
		{
			"name": "speaker_botton",
			"from": [16, 5.87132, 10.87132],
			"to": [17, 8.87132, 11.62132],
			"rotation": {"angle": 0, "axis": "x", "origin": [16.5, 7.37132, 11.12132]},
			"faces": {
				"north": {"uv": [1, 0, 0, 3], "rotation": 180, "texture": "#0"},
				"east": {"uv": [3, 0, 0, 0.75], "rotation": 90, "texture": "#0"},
				"south": {"uv": [2, 0, 1, 2], "rotation": 180, "texture": "#0"},
				"west": {"uv": [3, 0, 0, 0.75], "rotation": 270, "texture": "#0"},
				"up": {"uv": [1, 0, 0, 0.75], "rotation": 180, "texture": "#0"},
				"down": {"uv": [1, 0, 0, 0.75], "texture": "#0"}
			}
		},
		{
			"name": "speaker_botton",
			"from": [16, 10.24264, 6.5],
			"to": [17, 10.99264, 9.5],
			"faces": {
				"north": {"uv": [1, 0, 0, 0.75], "texture": "#0"},
				"east": {"uv": [3, 0, 0, 0.75], "texture": "#0"},
				"south": {"uv": [1, 0, 0, 0.75], "texture": "#0"},
				"west": {"uv": [3, 0, 0, 0.75], "texture": "#0"},
				"up": {"uv": [2, 0, 1, 2], "rotation": 180, "texture": "#0"},
				"down": {"uv": [1, 0, 0, 3], "texture": "#0"}
			}
		},
		{
			"name": "speaker_botton",
			"from": [16, 3.75, 6.5],
			"to": [17, 4.5, 9.5],
			"faces": {
				"north": {"uv": [1, 0, 0, 0.75], "texture": "#0"},
				"east": {"uv": [3, 0, 0, 0.75], "texture": "#0"},
				"south": {"uv": [1, 0, 0, 0.75], "texture": "#0"},
				"west": {"uv": [3, 0, 0, 0.75], "texture": "#0"},
				"up": {"uv": [1, 0, 0, 3], "texture": "#0"},
				"down": {"uv": [2, 0, 1, 2], "rotation": 180, "texture": "#0"}
			}
		},
		{
			"name": "speaker_side",
			"from": [15.665, 3.88915, 9.83671],
			"to": [16.435, 6.94915, 10.85671],
			"rotation": {"angle": 45, "axis": "x", "origin": [16.05, 5.92915, 9.97171]},
			"faces": {
				"north": {"uv": [0.77, 0, 0, 3.06], "texture": "#0"},
				"east": {"uv": [1.02, 0, 0, 3.06], "texture": "#0"},
				"south": {"uv": [0.77, 0, 0, 3.06], "texture": "#0"},
				"west": {"uv": [1.02, 0, 0, 3.06], "texture": "#0"},
				"up": {"uv": [0.77, 0, 0, 1.02], "texture": "#0"},
				"down": {"uv": [0.77, 0, 0, 1.02], "texture": "#0"}
			}
		},
		{
			"name": "speaker_side",
			"from": [15.665, 7.53809, 5.93776],
			"to": [16.435, 10.34809, 6.70776],
			"rotation": {"angle": 45, "axis": "x", "origin": [16.05, 9.32809, 6.57276]},
			"faces": {
				"north": {"uv": [0.77, 0, 0, 2.81], "texture": "#0"},
				"east": {"uv": [0.77, 0, 0, 2.81], "texture": "#0"},
				"south": {"uv": [0.77, 0, 0, 2.81], "texture": "#0"},
				"west": {"uv": [0.77, 0, 0, 2.81], "texture": "#0"},
				"up": {"uv": [0.77, 0, 0, 0.77], "texture": "#0"},
				"down": {"uv": [0.77, 0, 0, 0.77], "texture": "#0"}
			}
		},
		{
			"name": "speaker_side",
			"from": [15.665, 7.53809, 9.29224],
			"to": [16.435, 10.34809, 10.06224],
			"rotation": {"angle": -45, "axis": "x", "origin": [16.05, 9.32809, 9.42724]},
			"faces": {
				"north": {"uv": [0.77, 0, 0, 2.81], "texture": "#0"},
				"east": {"uv": [0.77, 0, 0, 2.81], "texture": "#0"},
				"south": {"uv": [0.77, 0, 0, 2.81], "texture": "#0"},
				"west": {"uv": [0.77, 0, 0, 2.81], "texture": "#0"},
				"up": {"uv": [0.77, 0, 0, 0.77], "texture": "#0"},
				"down": {"uv": [0.77, 0, 0, 0.77], "texture": "#0"}
			}
		},
		{
			"name": "speaker_side",
			"from": [15.665, 4.13915, 5.39329],
			"to": [16.435, 6.94915, 6.16329],
			"rotation": {"angle": -45, "axis": "x", "origin": [16.05, 5.92915, 6.02829]},
			"faces": {
				"north": {"uv": [0.77, 0, 0, 2.81], "texture": "#0"},
				"east": {"uv": [0.77, 0, 0, 2.81], "texture": "#0"},
				"south": {"uv": [0.77, 0, 0, 2.81], "texture": "#0"},
				"west": {"uv": [0.77, 0, 0, 2.81], "texture": "#0"},
				"up": {"uv": [0.77, 0, 0, 0.77], "texture": "#0"},
				"down": {"uv": [0.77, 0, 0, 0.77], "texture": "#0"}
			}
		},
		{
			"name": "speaker_botton",
			"from": [15.665, 6.20138, 4.96158],
			"to": [16.435, 8.51138, 5.73158],
			"rotation": {"angle": 0, "axis": "x", "origin": [16.05, 7.35638, 5.59658]},
			"faces": {
				"north": {"uv": [0.77, 0, 0, 2.31], "rotation": 180, "texture": "#0"},
				"east": {"uv": [2.31, 0, 0, 0.77], "rotation": 90, "texture": "#0"},
				"south": {"uv": [0.77, 0, 0, 2.31], "texture": "#0"},
				"west": {"uv": [2.31, 0, 0, 0.77], "rotation": 270, "texture": "#0"},
				"up": {"uv": [0.77, 0, 0, 0.77], "rotation": 180, "texture": "#0"},
				"down": {"uv": [0.77, 0, 0, 0.77], "texture": "#0"}
			}
		},
		{
			"name": "speaker_botton",
			"from": [15.665, 6.20138, 10.26842],
			"to": [16.435, 8.51138, 11.03842],
			"rotation": {"angle": 0, "axis": "x", "origin": [16.05, 7.35638, 10.40342]},
			"faces": {
				"north": {"uv": [0.77, 0, 0, 2.31], "rotation": 180, "texture": "#0"},
				"east": {"uv": [2.31, 0, 0, 0.77], "rotation": 90, "texture": "#0"},
				"south": {"uv": [0.77, 0, 0, 2.31], "texture": "#0"},
				"west": {"uv": [2.31, 0, 0, 0.77], "rotation": 270, "texture": "#0"},
				"up": {"uv": [0.77, 0, 0, 0.77], "rotation": 180, "texture": "#0"},
				"down": {"uv": [0.77, 0, 0, 0.77], "texture": "#0"}
			}
		},
		{
			"name": "speaker_botton",
			"from": [15.665, 9.6248, 6.845],
			"to": [16.435, 10.3948, 9.155],
			"faces": {
				"north": {"uv": [0.77, 0, 0, 0.77], "texture": "#0"},
				"east": {"uv": [2.31, 0, 0, 0.77], "texture": "#0"},
				"south": {"uv": [0.77, 0, 0, 0.77], "texture": "#0"},
				"west": {"uv": [2.31, 0, 0, 0.77], "texture": "#0"},
				"up": {"uv": [0.77, 0, 0, 2.31], "texture": "#0"},
				"down": {"uv": [0.77, 0, 0, 2.31], "texture": "#0"}
			}
		},
		{
			"name": "speaker_botton",
			"from": [15.665, 4.31797, 6.845],
			"to": [16.435, 5.08797, 9.155],
			"faces": {
				"north": {"uv": [0.77, 0, 0, 0.77], "texture": "#0"},
				"east": {"uv": [2.31, 0, 0, 0.77], "texture": "#0"},
				"south": {"uv": [0.77, 0, 0, 0.77], "texture": "#0"},
				"west": {"uv": [2.31, 0, 0, 0.77], "texture": "#0"},
				"up": {"uv": [0.77, 0, 0, 2.31], "texture": "#0"},
				"down": {"uv": [0.77, 0, 0, 2.31], "texture": "#0"}
			}
		},
		{
			"name": "speaker_side",
			"from": [16.12, 4.98137, 9.47882],
			"to": [17.26, 6.90137, 9.95882],
			"rotation": {"angle": 45, "axis": "x", "origin": [16.94, 6.26137, 9.63882]},
			"faces": {
				"north": {"uv": [13, 3.25, 10, 4], "rotation": 180, "texture": "#1"},
				"east": {"uv": [13, 3.25, 10, 4], "rotation": 180, "texture": "#1"},
				"south": {"uv": [13, 3.25, 10, 4], "rotation": 180, "texture": "#1"},
				"west": {"uv": [13, 3.25, 10, 4], "rotation": 180, "texture": "#1"},
				"up": {"uv": [13, 3.25, 10, 4], "rotation": 180, "texture": "#1"},
				"down": {"uv": [13, 3.25, 10, 4], "rotation": 180, "texture": "#1"}
			}
		},
		{
			"name": "speaker_side",
			"from": [16.12, 7.80647, 6.49373],
			"to": [17.26, 9.72647, 6.97373],
			"rotation": {"angle": 45, "axis": "x", "origin": [16.94, 9.08647, 6.81373]},
			"faces": {
				"north": {"uv": [13.5, 3.25, 10, 4.75], "texture": "#1"},
				"east": {"uv": [13.5, 3.25, 10, 4.75], "texture": "#1"},
				"south": {"uv": [13.5, 3.25, 10, 4.75], "texture": "#1"},
				"west": {"uv": [13.5, 3.25, 10, 4.75], "texture": "#1"},
				"up": {"uv": [13.5, 3.25, 10, 4.75], "texture": "#1"},
				"down": {"uv": [13.5, 3.25, 10, 4.75], "texture": "#1"}
			}
		},
		{
			"name": "speaker_side",
			"from": [16.12, 7.80647, 9.02627],
			"to": [17.26, 9.72647, 9.50627],
			"rotation": {"angle": -45, "axis": "x", "origin": [16.94, 9.08647, 9.18627]},
			"faces": {
				"north": {"uv": [13, 3.25, 10, 4], "rotation": 180, "texture": "#1"},
				"east": {"uv": [13, 3.25, 10, 4], "rotation": 180, "texture": "#1"},
				"south": {"uv": [13, 3.25, 10, 4], "rotation": 180, "texture": "#1"},
				"west": {"uv": [13, 3.25, 10, 4], "rotation": 180, "texture": "#1"},
				"up": {"uv": [13, 3.25, 10, 4], "rotation": 180, "texture": "#1"},
				"down": {"uv": [13, 3.25, 10, 4], "rotation": 180, "texture": "#1"}
			}
		},
		{
			"name": "speaker_side",
			"from": [16.12, 4.98137, 6.04118],
			"to": [17.26, 6.90137, 6.52118],
			"rotation": {"angle": -45, "axis": "x", "origin": [16.94, 6.26137, 6.36118]},
			"faces": {
				"north": {"uv": [13, 3.25, 10, 4], "texture": "#1"},
				"east": {"uv": [13, 3.25, 10, 4], "texture": "#1"},
				"south": {"uv": [13, 3.25, 10, 4], "texture": "#1"},
				"west": {"uv": [13, 3.25, 10, 4], "texture": "#1"},
				"up": {"uv": [13, 3.25, 10, 4], "texture": "#1"},
				"down": {"uv": [13, 3.25, 10, 4], "texture": "#1"}
			}
		},
		{
			"name": "speaker_botton",
			"from": [16.12, 6.48764, 5.68235],
			"to": [17.26, 8.40764, 6.16235],
			"rotation": {"angle": 0, "axis": "x", "origin": [16.94, 7.44764, 6.00235]},
			"faces": {
				"north": {"uv": [13, 3.25, 10, 4], "texture": "#1"},
				"east": {"uv": [13, 3.25, 10, 4], "texture": "#1"},
				"south": {"uv": [13, 3.25, 10, 4], "texture": "#1"},
				"west": {"uv": [13, 3.25, 10, 4], "texture": "#1"},
				"up": {"uv": [13, 3.25, 10, 4], "texture": "#1"},
				"down": {"uv": [13, 3.25, 10, 4], "texture": "#1"}
			}
		},
		{
			"name": "speaker_botton",
			"from": [16.12, 6.48765, 9.83765],
			"to": [17.26, 8.40765, 10.31765],
			"rotation": {"angle": 0, "axis": "x", "origin": [16.94, 7.44765, 9.99765]},
			"faces": {
				"north": {"uv": [13, 3.25, 10, 4], "rotation": 180, "texture": "#1"},
				"east": {"uv": [13, 3.25, 10, 4], "rotation": 180, "texture": "#1"},
				"south": {"uv": [13, 3.25, 10, 4], "rotation": 180, "texture": "#1"},
				"west": {"uv": [13, 3.25, 10, 4], "rotation": 180, "texture": "#1"},
				"up": {"uv": [13, 3.25, 10, 4], "rotation": 180, "texture": "#1"},
				"down": {"uv": [13, 3.25, 10, 4], "rotation": 180, "texture": "#1"}
			}
		},
		{
			"name": "speaker_botton",
			"from": [16.12, 9.28529, 7.04],
			"to": [17.26, 9.76529, 8.96],
			"faces": {
				"north": {"uv": [13, 3.25, 10, 4], "rotation": 270, "texture": "#1"},
				"east": {"uv": [13, 3.25, 10, 4], "rotation": 270, "texture": "#1"},
				"south": {"uv": [13, 3.25, 10, 4], "rotation": 270, "texture": "#1"},
				"west": {"uv": [13, 3.25, 10, 4], "rotation": 270, "texture": "#1"},
				"up": {"uv": [13, 3.25, 10, 4], "rotation": 270, "texture": "#1"},
				"down": {"uv": [13, 3.25, 10, 4], "rotation": 270, "texture": "#1"}
			}
		},
		{
			"name": "speaker_botton",
			"from": [16.12, 5.13, 7.04],
			"to": [17.26, 5.61, 8.96],
			"faces": {
				"north": {"uv": [13, 3.25, 10, 4], "rotation": 90, "texture": "#1"},
				"east": {"uv": [13, 3.25, 10, 4], "rotation": 90, "texture": "#1"},
				"south": {"uv": [13, 3.25, 10, 4], "rotation": 90, "texture": "#1"},
				"west": {"uv": [13, 3.25, 10, 4], "rotation": 90, "texture": "#1"},
				"up": {"uv": [13, 3.25, 10, 4], "rotation": 90, "texture": "#1"},
				"down": {"uv": [13, 3.25, 10, 4], "rotation": 90, "texture": "#1"}
			}
		},
		{
			"name": "speaker_side",
			"from": [14.3, 3.19454, 9.54173],
			"to": [15.95, 6.49454, 11.36673],
			"rotation": {"angle": 45, "axis": "x", "origin": [15.675, 5.39454, 10.81673]},
			"faces": {
				"north": {"uv": [10.5, 2.25, 11.25, 5.25], "texture": "#1"},
				"east": {"uv": [10.5, 2.25, 11.25, 5.25], "texture": "#1"},
				"south": {"uv": [10.5, 2.25, 11.25, 5.25], "texture": "#1"},
				"west": {"uv": [10.5, 2.25, 11.25, 5.25], "texture": "#1"},
				"up": {"uv": [10.5, 2.25, 11.25, 5.25], "texture": "#1"},
				"down": {"uv": [10.5, 2.25, 11.25, 5.25], "texture": "#1"}
			}
		},
		{
			"name": "speaker_side",
			"from": [14.3, 8.05018, 5.41109],
			"to": [15.95, 11.35018, 7.23609],
			"rotation": {"angle": 45, "axis": "x", "origin": [15.675, 10.25018, 5.96109]},
			"faces": {
				"north": {"uv": [10.5, 2.25, 11.25, 5.25], "texture": "#1"},
				"east": {"uv": [10.5, 2.25, 11.25, 5.25], "texture": "#1"},
				"south": {"uv": [10.5, 2.25, 11.25, 5.25], "texture": "#1"},
				"west": {"uv": [10.5, 2.25, 11.25, 5.25], "texture": "#1"},
				"up": {"uv": [10.5, 2.25, 11.25, 5.25], "texture": "#1"},
				"down": {"uv": [10.5, 2.25, 11.25, 5.25], "texture": "#1"}
			}
		},
		{
			"name": "speaker_side",
			"from": [14.3, 8.05018, 8.76391],
			"to": [15.95, 11.35018, 10.58891],
			"rotation": {"angle": -45, "axis": "x", "origin": [15.675, 10.25018, 10.03891]},
			"faces": {
				"north": {"uv": [10.5, 2.25, 11.25, 5.25], "texture": "#1"},
				"east": {"uv": [10.5, 2.25, 11.25, 5.25], "texture": "#1"},
				"south": {"uv": [10.5, 2.25, 11.25, 5.25], "texture": "#1"},
				"west": {"uv": [10.5, 2.25, 11.25, 5.25], "texture": "#1"},
				"up": {"uv": [10.5, 2.25, 11.25, 5.25], "texture": "#1"},
				"down": {"uv": [10.5, 2.25, 11.25, 5.25], "texture": "#1"}
			}
		},
		{
			"name": "speaker_side",
			"from": [14.3, 3.19454, 4.63327],
			"to": [15.95, 6.49454, 6.45827],
			"rotation": {"angle": -45, "axis": "x", "origin": [15.675, 5.39454, 5.18327]},
			"faces": {
				"north": {"uv": [10.5, 2.25, 11.25, 5.25], "texture": "#1"},
				"east": {"uv": [10.5, 2.25, 11.25, 5.25], "texture": "#1"},
				"south": {"uv": [10.5, 2.25, 11.25, 5.25], "texture": "#1"},
				"west": {"uv": [10.5, 2.25, 11.25, 5.25], "texture": "#1"},
				"up": {"uv": [10.5, 2.25, 11.25, 5.25], "texture": "#1"},
				"down": {"uv": [10.5, 2.25, 11.25, 5.25], "texture": "#1"}
			}
		},
		{
			"name": "speaker_botton",
			"from": [14.3, 5.78345, 4.01655],
			"to": [15.95, 9.08345, 5.84155],
			"rotation": {"angle": 0, "axis": "x", "origin": [15.675, 7.43345, 4.56655]},
			"faces": {
				"north": {"uv": [10.5, 2.25, 11.25, 5.25], "rotation": 270, "texture": "#1"},
				"east": {"uv": [10.5, 2.25, 11.25, 5.25], "rotation": 270, "texture": "#1"},
				"south": {"uv": [10.5, 2.25, 11.25, 5.25], "rotation": 270, "texture": "#1"},
				"west": {"uv": [10.5, 2.25, 11.25, 5.25], "rotation": 270, "texture": "#1"},
				"up": {"uv": [10.5, 2.25, 11.25, 5.25], "rotation": 270, "texture": "#1"},
				"down": {"uv": [10.5, 2.25, 11.25, 5.25], "rotation": 270, "texture": "#1"}
			}
		},
		{
			"name": "speaker_botton",
			"from": [14.3, 5.78345, 10.15845],
			"to": [15.95, 9.08345, 11.98345],
			"rotation": {"angle": 0, "axis": "x", "origin": [15.675, 7.43345, 11.43345]},
			"faces": {
				"north": {"uv": [10.5, 2.25, 11.25, 5.25], "rotation": 270, "texture": "#1"},
				"east": {"uv": [10.5, 2.25, 11.25, 5.25], "rotation": 270, "texture": "#1"},
				"south": {"uv": [10.5, 2.25, 11.25, 5.25], "rotation": 270, "texture": "#1"},
				"west": {"uv": [10.5, 2.25, 11.25, 5.25], "rotation": 270, "texture": "#1"},
				"up": {"uv": [10.5, 2.25, 11.25, 5.25], "rotation": 270, "texture": "#1"},
				"down": {"uv": [10.5, 2.25, 11.25, 5.25], "rotation": 270, "texture": "#1"}
			}
		},
		{
			"name": "speaker_botton",
			"from": [14.3, 9.5919, 6.35],
			"to": [15.95, 11.4169, 9.65],
			"faces": {
				"north": {"uv": [10.5, 2.25, 11.25, 5.25], "texture": "#1"},
				"east": {"uv": [10.5, 2.25, 11.25, 5.25], "texture": "#1"},
				"south": {"uv": [10.5, 2.25, 11.25, 5.25], "texture": "#1"},
				"west": {"uv": [10.5, 2.25, 11.25, 5.25], "texture": "#1"},
				"up": {"uv": [10.5, 2.25, 11.25, 5.25], "texture": "#1"},
				"down": {"uv": [10.5, 2.25, 11.25, 5.25], "texture": "#1"}
			}
		},
		{
			"name": "speaker_botton",
			"from": [14.3, 3.45, 6.35],
			"to": [15.95, 5.275, 9.65],
			"faces": {
				"north": {"uv": [10.5, 2.25, 11.25, 5.25], "texture": "#1"},
				"east": {"uv": [10.5, 2.25, 11.25, 5.25], "texture": "#1"},
				"south": {"uv": [10.5, 2.25, 11.25, 5.25], "texture": "#1"},
				"west": {"uv": [10.5, 2.25, 11.25, 5.25], "texture": "#1"},
				"up": {"uv": [10.5, 2.25, 11.25, 5.25], "texture": "#1"},
				"down": {"uv": [10.5, 2.25, 11.25, 5.25], "texture": "#1"}
			}
		},
		{
			"from": [15.25, 5.5, 7],
			"to": [17.25, 9.5, 9],
			"faces": {
				"north": {"uv": [2, 0, 0, 4], "texture": "#0"},
				"east": {"uv": [2, 0, 0, 4], "texture": "#0"},
				"south": {"uv": [2, 0, 0, 4], "texture": "#0"},
				"west": {"uv": [2, 0, 0, 4], "texture": "#0"},
				"up": {"uv": [2, 0, 0, 2], "texture": "#0"},
				"down": {"uv": [2, 0, 0, 2], "texture": "#0"}
			}
		},
		{
			"from": [15.25, 5.75, 6.5],
			"to": [17.25, 9, 9.5],
			"faces": {
				"north": {"uv": [2, 0, 0, 3.25], "texture": "#0"},
				"east": {"uv": [3, 0, 0, 3.25], "texture": "#0"},
				"south": {"uv": [2, 0, 0, 3.25], "texture": "#0"},
				"west": {"uv": [3, 0, 0, 3.25], "texture": "#0"},
				"up": {"uv": [2, 0, 0, 3], "texture": "#0"},
				"down": {"uv": [2, 0, 0, 3], "texture": "#0"}
			}
		},
		{
			"from": [15, 5, 5.5],
			"to": [15.5, 9.75, 10.5],
			"faces": {
				"north": {"uv": [2, 0, 2.5, 4.75], "texture": "#0"},
				"east": {"uv": [4, 0, 9, 4.75], "texture": "#0"},
				"south": {"uv": [2, 0, 2.5, 4.75], "texture": "#0"},
				"west": {"uv": [0, 4.25, 1.25, 5.75], "texture": "#0"},
				"up": {"uv": [2, 0, 2.5, 5], "texture": "#0"},
				"down": {"uv": [2, 0, 2.5, 5], "texture": "#0"}
			}
		},
		{
			"from": [15.25, 6.25, 6],
			"to": [17.25, 8.75, 10],
			"faces": {
				"north": {"uv": [2, 0, 0, 2.5], "texture": "#0"},
				"east": {"uv": [4, 0, 0, 2.5], "texture": "#0"},
				"south": {"uv": [2, 0, 0, 2.5], "texture": "#0"},
				"west": {"uv": [4, 0, 0, 2.5], "texture": "#0"},
				"up": {"uv": [2, 0, 0, 4], "texture": "#0"},
				"down": {"uv": [2, 0, 0, 4], "texture": "#0"}
			}
		},
		{
			"from": [-1.5, 6.75, 6.5],
			"to": [-1.4, 9.25, 9.5],
			"faces": {
				"north": {"uv": [0, 0, 0.1, 2.5], "texture": "#0"},
				"east": {"uv": [0, 0, 1.25, 2.5], "texture": "#0"},
				"south": {"uv": [0, 0, 0.1, 2.5], "texture": "#0"},
				"west": {"uv": [0.75, 2.25, 1.25, 4.25], "texture": "#0"},
				"up": {"uv": [0, 0, 0.1, 3], "texture": "#0"},
				"down": {"uv": [0, 0, 0.1, 3], "texture": "#0"}
			}
		},
		{
			"from": [-1.5, 6.24372, 7.22227],
			"to": [-1.4, 7.31372, 8.29227],
			"rotation": {"angle": 45, "axis": "x", "origin": [-1.375, 7.36872, 7.47227]},
			"faces": {
				"north": {"uv": [0, 0, 0.1, 1.07], "texture": "#0"},
				"east": {"uv": [0, 0, 1.07, 1.07], "texture": "#0"},
				"south": {"uv": [0, 0, 0.1, 1.07], "texture": "#0"},
				"west": {"uv": [0.75, 2.25, 1.25, 4.25], "texture": "#0"},
				"up": {"uv": [0, 0, 0.1, 1.07], "texture": "#0"},
				"down": {"uv": [0, 0, 0.1, 1.07], "texture": "#0"}
			}
		},
		{
			"from": [-1.5, 6.20083, 8.51517],
			"to": [-1.4, 7.27083, 9.76517],
			"rotation": {"angle": 45, "axis": "x", "origin": [-1.375, 7.32583, 9.01517]},
			"faces": {
				"north": {"uv": [0, 0, 0.1, 1.07], "texture": "#0"},
				"east": {"uv": [0, 0, 1.25, 1.06953], "texture": "#0"},
				"south": {"uv": [0, 0, 0.1, 1.07], "texture": "#0"},
				"west": {"uv": [0.75, 2.25, 1.25, 4.25], "texture": "#0"},
				"up": {"uv": [0, 0, 0.1, 1.5], "texture": "#0"},
				"down": {"uv": [0, 0, 0.1, 1.5], "texture": "#0"}
			}
		},
		{
			"from": [-1.5, 6, 7.25],
			"to": [-1.4, 8.25, 8.75],
			"faces": {
				"north": {"uv": [0, 0, 0.1, 2.25], "texture": "#0"},
				"east": {"uv": [0, 0, 1.25, 2.25], "texture": "#0"},
				"south": {"uv": [0, 0, 0.1, 2.25], "texture": "#0"},
				"west": {"uv": [0.75, 2.25, 1.25, 4.25], "texture": "#0"},
				"up": {"uv": [0, 0, 0.1, 1.5], "texture": "#0"},
				"down": {"uv": [0, 0, 0.1, 1.5], "texture": "#0"}
			}
		},
		{
			"from": [17.4, 6.75, 6.5],
			"to": [17.5, 9.25, 9.5],
			"faces": {
				"north": {"uv": [0.1, 0, 0, 2.5], "texture": "#0"},
				"east": {"uv": [1.25, 2.25, 0.75, 4.25], "texture": "#0"},
				"south": {"uv": [0.1, 0, 0, 2.5], "texture": "#0"},
				"west": {"uv": [1.25, 0, 0, 2.5], "texture": "#0"},
				"up": {"uv": [0.1, 0, 0, 3], "texture": "#0"},
				"down": {"uv": [0.1, 0, 0, 3], "texture": "#0"}
			}
		},
		{
			"from": [17.4, 6.24372, 7.22227],
			"to": [17.5, 7.31372, 8.29227],
			"rotation": {"angle": 45, "axis": "x", "origin": [17.375, 7.36872, 7.47227]},
			"faces": {
				"north": {"uv": [0.1, 0, 0, 1.07], "texture": "#0"},
				"east": {"uv": [1.25, 2.25, 0.75, 4.25], "texture": "#0"},
				"south": {"uv": [0.1, 0, 0, 1.07], "texture": "#0"},
				"west": {"uv": [1.07, 0, 0, 1.07], "texture": "#0"},
				"up": {"uv": [0.1, 0, 0, 1.07], "texture": "#0"},
				"down": {"uv": [0.1, 0, 0, 1.07], "texture": "#0"}
			}
		},
		{
			"from": [17.4, 6.20083, 8.51517],
			"to": [17.5, 7.27083, 9.76517],
			"rotation": {"angle": 45, "axis": "x", "origin": [17.375, 7.32583, 9.01517]},
			"faces": {
				"north": {"uv": [0.1, 0, 0, 1.07], "texture": "#0"},
				"east": {"uv": [1.25, 2.25, 0.75, 4.25], "texture": "#0"},
				"south": {"uv": [0.1, 0, 0, 1.07], "texture": "#0"},
				"west": {"uv": [1.25, 0, 0, 1.06953], "texture": "#0"},
				"up": {"uv": [0.1, 0, 0, 1.5], "texture": "#0"},
				"down": {"uv": [0.1, 0, 0, 1.5], "texture": "#0"}
			}
		},
		{
			"from": [17.4, 6, 7.25],
			"to": [17.5, 8.25, 8.75],
			"faces": {
				"north": {"uv": [0.1, 0, 0, 2.25], "texture": "#0"},
				"east": {"uv": [1.25, 2.25, 0.75, 4.25], "texture": "#0"},
				"south": {"uv": [0.1, 0, 0, 2.25], "texture": "#0"},
				"west": {"uv": [1.25, 0, 0, 2.25], "texture": "#0"},
				"up": {"uv": [0.1, 0, 0, 1.5], "texture": "#0"},
				"down": {"uv": [0.1, 0, 0, 1.5], "texture": "#0"}
			}
		},
		{
			"from": [-1.5, 9, 9],
			"to": [-1.4, 13.25, 9.5],
			"faces": {
				"north": {"uv": [0, 0, 0.025, 1.0625], "texture": "#0"},
				"east": {"uv": [0, 0, 0.125, 1.0625], "texture": "#0"},
				"south": {"uv": [0, 0, 0.025, 1.0625], "texture": "#0"},
				"west": {"uv": [0.75, 2.25, 0.875, 3.3125], "texture": "#0"},
				"up": {"uv": [0, 0, 0.025, 0.125], "texture": "#0"},
				"down": {"uv": [0, 0, 0.025, 0.125], "texture": "#0"}
			}
		},
		{
			"from": [1.8992, 19.26771, 6.5],
			"to": [5.1492, 19.36771, 7],
			"rotation": {"angle": 22.5, "axis": "z", "origin": [4.0242, 19.31771, 6.75]},
			"faces": {
				"north": {"uv": [0, 0, 0.025, 0.8125], "rotation": 270, "texture": "#0"},
				"east": {"uv": [0, 0, 0.025, 0.125], "rotation": 90, "texture": "#0"},
				"south": {"uv": [0, 0, 0.025, 0.8125], "rotation": 90, "texture": "#0"},
				"west": {"uv": [0, 0, 0.025, 0.125], "rotation": 90, "texture": "#0"},
				"up": {"uv": [0.75, 2.25, 0.875, 3.0625], "rotation": 90, "texture": "#0"},
				"down": {"uv": [0, 0, 0.125, 0.8125], "rotation": 90, "texture": "#0"}
			}
		},
		{
			"from": [1.23168, 15.59486, 6.5],
			"to": [1.33168, 18.84486, 7],
			"rotation": {"angle": -45, "axis": "z", "origin": [1.28168, 17.71986, 6.75]},
			"faces": {
				"north": {"uv": [0, 0, 0.025, 0.8125], "texture": "#0"},
				"east": {"uv": [0, 0, 0.125, 0.8125], "texture": "#0"},
				"south": {"uv": [0, 0, 0.025, 0.8125], "texture": "#0"},
				"west": {"uv": [0.75, 2.25, 0.875, 3.0625], "texture": "#0"},
				"up": {"uv": [0, 0, 0.025, 0.125], "texture": "#0"},
				"down": {"uv": [0, 0, 0.025, 0.125], "texture": "#0"}
			}
		},
		{
			"from": [-0.6906, 13.06911, 6.5],
			"to": [-0.5906, 16.31911, 7],
			"rotation": {"angle": -22.5, "axis": "z", "origin": [-0.6406, 15.19411, 6.75]},
			"faces": {
				"north": {"uv": [0, 0, 0.025, 0.8125], "texture": "#0"},
				"east": {"uv": [0, 0, 0.125, 0.8125], "texture": "#0"},
				"south": {"uv": [0, 0, 0.025, 0.8125], "texture": "#0"},
				"west": {"uv": [0.75, 2.25, 0.875, 3.0625], "texture": "#0"},
				"up": {"uv": [0, 0, 0.025, 0.125], "texture": "#0"},
				"down": {"uv": [0, 0, 0.025, 0.125], "texture": "#0"}
			}
		},
		{
			"from": [-0.6906, 13.06911, 9],
			"to": [-0.5906, 16.31911, 9.5],
			"rotation": {"angle": -22.5, "axis": "z", "origin": [-0.6406, 15.19411, 9.25]},
			"faces": {
				"north": {"uv": [0, 0, 0.025, 0.8125], "texture": "#0"},
				"east": {"uv": [0, 0, 0.125, 0.8125], "texture": "#0"},
				"south": {"uv": [0, 0, 0.025, 0.8125], "texture": "#0"},
				"west": {"uv": [0.75, 2.25, 0.875, 3.0625], "texture": "#0"},
				"up": {"uv": [0, 0, 0.025, 0.125], "texture": "#0"},
				"down": {"uv": [0, 0, 0.025, 0.125], "texture": "#0"}
			}
		},
		{
			"from": [-1.5, 9, 6.5],
			"to": [-1.4, 13.25, 7],
			"faces": {
				"north": {"uv": [0, 0, 0.025, 1.0625], "texture": "#0"},
				"east": {"uv": [0, 0, 0.125, 1.0625], "texture": "#0"},
				"south": {"uv": [0, 0, 0.025, 1.0625], "texture": "#0"},
				"west": {"uv": [0.75, 2.25, 0.875, 3.3125], "texture": "#0"},
				"up": {"uv": [0, 0, 0.025, 0.125], "texture": "#0"},
				"down": {"uv": [0, 0, 0.025, 0.125], "texture": "#0"}
			}
		},
		{
			"from": [1.23168, 15.59486, 9],
			"to": [1.33168, 18.84486, 9.5],
			"rotation": {"angle": -45, "axis": "z", "origin": [1.28168, 17.71986, 9.25]},
			"faces": {
				"north": {"uv": [0, 0, 0.025, 0.8125], "texture": "#0"},
				"east": {"uv": [0, 0, 0.125, 0.8125], "texture": "#0"},
				"south": {"uv": [0, 0, 0.025, 0.8125], "texture": "#0"},
				"west": {"uv": [0.75, 2.25, 0.875, 3.0625], "texture": "#0"},
				"up": {"uv": [0, 0, 0.025, 0.125], "texture": "#0"},
				"down": {"uv": [0, 0, 0.025, 0.125], "texture": "#0"}
			}
		},
		{
			"from": [1.8992, 19.26771, 9],
			"to": [5.1492, 19.36771, 9.5],
			"rotation": {"angle": 22.5, "axis": "z", "origin": [4.0242, 19.31771, 9.25]},
			"faces": {
				"north": {"uv": [0, 0, 0.025, 0.8125], "rotation": 270, "texture": "#0"},
				"east": {"uv": [0, 0, 0.025, 0.125], "rotation": 90, "texture": "#0"},
				"south": {"uv": [0, 0, 0.025, 0.8125], "rotation": 90, "texture": "#0"},
				"west": {"uv": [0, 0, 0.025, 0.125], "rotation": 90, "texture": "#0"},
				"up": {"uv": [0.75, 2.25, 0.875, 3.0625], "rotation": 90, "texture": "#0"},
				"down": {"uv": [0, 0, 0.125, 0.8125], "rotation": 90, "texture": "#0"}
			}
		},
		{
			"from": [17.4, 9, 9],
			"to": [17.5, 13.25, 9.5],
			"faces": {
				"north": {"uv": [0.025, 0, 0, 1.0625], "texture": "#0"},
				"east": {"uv": [0.875, 2.25, 0.75, 3.3125], "texture": "#0"},
				"south": {"uv": [0.025, 0, 0, 1.0625], "texture": "#0"},
				"west": {"uv": [0.125, 0, 0, 1.0625], "texture": "#0"},
				"up": {"uv": [0.025, 0, 0, 0.125], "texture": "#0"},
				"down": {"uv": [0.025, 0, 0, 0.125], "texture": "#0"}
			}
		},
		{
			"from": [10.8508, 19.26771, 6.5],
			"to": [14.1008, 19.36771, 7],
			"rotation": {"angle": -22.5, "axis": "z", "origin": [11.9758, 19.31771, 6.75]},
			"faces": {
				"north": {"uv": [0.025, 0, 0, 0.8125], "rotation": 270, "texture": "#0"},
				"east": {"uv": [0.025, 0, 0, 0.125], "rotation": 90, "texture": "#0"},
				"south": {"uv": [0.025, 0, 0, 0.8125], "rotation": 90, "texture": "#0"},
				"west": {"uv": [0.025, 0, 0, 0.125], "rotation": 90, "texture": "#0"},
				"up": {"uv": [0.875, 2.25, 0.75, 3.0625], "rotation": 90, "texture": "#0"},
				"down": {"uv": [0.125, 0, 0, 0.8125], "rotation": 90, "texture": "#0"}
			}
		},
		{
			"from": [14.66832, 15.59486, 6.5],
			"to": [14.76832, 18.84486, 7],
			"rotation": {"angle": 45, "axis": "z", "origin": [14.71832, 17.71986, 6.75]},
			"faces": {
				"north": {"uv": [0.025, 0, 0, 0.8125], "texture": "#0"},
				"east": {"uv": [0.875, 2.25, 0.75, 3.0625], "texture": "#0"},
				"south": {"uv": [0.025, 0, 0, 0.8125], "texture": "#0"},
				"west": {"uv": [0.125, 0, 0, 0.8125], "texture": "#0"},
				"up": {"uv": [0.025, 0, 0, 0.125], "texture": "#0"},
				"down": {"uv": [0.025, 0, 0, 0.125], "texture": "#0"}
			}
		},
		{
			"from": [16.5906, 13.06911, 6.5],
			"to": [16.6906, 16.31911, 7],
			"rotation": {"angle": 22.5, "axis": "z", "origin": [16.6406, 15.19411, 6.75]},
			"faces": {
				"north": {"uv": [0.025, 0, 0, 0.8125], "texture": "#0"},
				"east": {"uv": [0.875, 2.25, 0.75, 3.0625], "texture": "#0"},
				"south": {"uv": [0.025, 0, 0, 0.8125], "texture": "#0"},
				"west": {"uv": [0.125, 0, 0, 0.8125], "texture": "#0"},
				"up": {"uv": [0.025, 0, 0, 0.125], "texture": "#0"},
				"down": {"uv": [0.025, 0, 0, 0.125], "texture": "#0"}
			}
		},
		{
			"from": [16.5906, 13.06911, 9],
			"to": [16.6906, 16.31911, 9.5],
			"rotation": {"angle": 22.5, "axis": "z", "origin": [16.6406, 15.19411, 9.25]},
			"faces": {
				"north": {"uv": [0.025, 0, 0, 0.8125], "texture": "#0"},
				"east": {"uv": [0.875, 2.25, 0.75, 3.0625], "texture": "#0"},
				"south": {"uv": [0.025, 0, 0, 0.8125], "texture": "#0"},
				"west": {"uv": [0.125, 0, 0, 0.8125], "texture": "#0"},
				"up": {"uv": [0.025, 0, 0, 0.125], "texture": "#0"},
				"down": {"uv": [0.025, 0, 0, 0.125], "texture": "#0"}
			}
		},
		{
			"from": [17.4, 9, 6.5],
			"to": [17.5, 13.25, 7],
			"faces": {
				"north": {"uv": [0.025, 0, 0, 1.0625], "texture": "#0"},
				"east": {"uv": [0.875, 2.25, 0.75, 3.3125], "texture": "#0"},
				"south": {"uv": [0.025, 0, 0, 1.0625], "texture": "#0"},
				"west": {"uv": [0.125, 0, 0, 1.0625], "texture": "#0"},
				"up": {"uv": [0.025, 0, 0, 0.125], "texture": "#0"},
				"down": {"uv": [0.025, 0, 0, 0.125], "texture": "#0"}
			}
		},
		{
			"from": [14.66832, 15.59486, 9],
			"to": [14.76832, 18.84486, 9.5],
			"rotation": {"angle": 45, "axis": "z", "origin": [14.71832, 17.71986, 9.25]},
			"faces": {
				"north": {"uv": [0.025, 0, 0, 0.8125], "texture": "#0"},
				"east": {"uv": [0.875, 2.25, 0.75, 3.0625], "texture": "#0"},
				"south": {"uv": [0.025, 0, 0, 0.8125], "texture": "#0"},
				"west": {"uv": [0.125, 0, 0, 0.8125], "texture": "#0"},
				"up": {"uv": [0.025, 0, 0, 0.125], "texture": "#0"},
				"down": {"uv": [0.025, 0, 0, 0.125], "texture": "#0"}
			}
		},
		{
			"from": [10.8508, 19.26771, 9],
			"to": [14.1008, 19.36771, 9.5],
			"rotation": {"angle": -22.5, "axis": "z", "origin": [11.9758, 19.31771, 9.25]},
			"faces": {
				"north": {"uv": [0.025, 0, 0, 0.8125], "rotation": 270, "texture": "#0"},
				"east": {"uv": [0.025, 0, 0, 0.125], "rotation": 90, "texture": "#0"},
				"south": {"uv": [0.025, 0, 0, 0.8125], "rotation": 90, "texture": "#0"},
				"west": {"uv": [0.025, 0, 0, 0.125], "rotation": 90, "texture": "#0"},
				"up": {"uv": [0.875, 2.25, 0.75, 3.0625], "rotation": 90, "texture": "#0"},
				"down": {"uv": [0.125, 0, 0, 0.8125], "rotation": 90, "texture": "#0"}
			}
		},
		{
			"from": [5.04443, 19.69443, 9],
			"to": [10.99443, 19.79443, 9.5],
			"rotation": {"angle": 0, "axis": "z", "origin": [7.16943, 19.74443, 9.25]},
			"faces": {
				"north": {"uv": [0, 0, 0.025, 1.4875], "rotation": 270, "texture": "#0"},
				"east": {"uv": [0, 0, 0.025, 0.125], "rotation": 90, "texture": "#0"},
				"south": {"uv": [0, 0, 0.025, 1.4875], "rotation": 90, "texture": "#0"},
				"west": {"uv": [0, 0, 0.025, 0.125], "rotation": 90, "texture": "#0"},
				"up": {"uv": [0.75, 2.25, 0.875, 3.7375], "rotation": 90, "texture": "#0"},
				"down": {"uv": [0, 0, 0.125, 1.4875], "rotation": 90, "texture": "#0"}
			}
		},
		{
			"from": [5.04443, 19.69443, 6.5],
			"to": [10.99443, 19.79443, 7],
			"rotation": {"angle": 0, "axis": "z", "origin": [7.16943, 19.74443, 6.75]},
			"faces": {
				"north": {"uv": [0, 0, 0.025, 1.4875], "rotation": 270, "texture": "#0"},
				"east": {"uv": [0, 0, 0.025, 0.125], "rotation": 90, "texture": "#0"},
				"south": {"uv": [0, 0, 0.025, 1.4875], "rotation": 90, "texture": "#0"},
				"west": {"uv": [0, 0, 0.025, 0.125], "rotation": 90, "texture": "#0"},
				"up": {"uv": [0.75, 2.25, 0.875, 3.7375], "rotation": 90, "texture": "#0"},
				"down": {"uv": [0, 0, 0.125, 1.4875], "rotation": 90, "texture": "#0"}
			}
		},
		{
			"from": [0.5, 13, 6.6],
			"to": [1, 14, 9.35],
			"faces": {
				"north": {"uv": [0, 0, 0.5, 1], "texture": "#0"},
				"east": {"uv": [0, 0, 2.75, 1], "texture": "#0"},
				"south": {"uv": [0, 0, 0.5, 1], "texture": "#0"},
				"west": {"uv": [0, 0, 2.75, 1], "texture": "#0"},
				"up": {"uv": [0, 0, 0.5, 2.75], "texture": "#0"},
				"down": {"uv": [0, 0, 0.5, 2.75], "texture": "#0"}
			}
		},
		{
			"from": [0.67231, 13.86627, 6.6],
			"to": [1.17231, 14.86627, 9.35],
			"rotation": {"angle": -22.5, "axis": "z", "origin": [0.92231, 14.36627, 7.975]},
			"faces": {
				"north": {"uv": [0, 0, 0.5, 1], "texture": "#0"},
				"east": {"uv": [0, 0, 2.75, 1], "texture": "#0"},
				"south": {"uv": [0, 0, 0.5, 1], "texture": "#0"},
				"west": {"uv": [0, 0, 2.75, 1], "texture": "#0"},
				"up": {"uv": [0, 0, 0.5, 2.75], "texture": "#0"},
				"down": {"uv": [0, 0, 0.5, 2.75], "texture": "#0"}
			}
		},
		{
			"from": [1.16301, 14.60066, 6.6],
			"to": [1.66301, 15.60066, 9.35],
			"rotation": {"angle": -45, "axis": "z", "origin": [1.41301, 15.10066, 7.975]},
			"faces": {
				"north": {"uv": [0, 0, 0.5, 1], "texture": "#0"},
				"east": {"uv": [0, 0, 2.75, 1], "texture": "#0"},
				"south": {"uv": [0, 0, 0.5, 1], "texture": "#0"},
				"west": {"uv": [0, 0, 2.75, 1], "texture": "#0"},
				"up": {"uv": [0, 0, 0.5, 2.75], "texture": "#0"},
				"down": {"uv": [0, 0, 0.5, 2.75], "texture": "#0"}
			}
		},
		{
			"from": [1.6474, 15.34136, 6.6],
			"to": [2.6474, 15.84136, 9.35],
			"rotation": {"angle": 22.5, "axis": "z", "origin": [2.1474, 15.59136, 7.975]},
			"faces": {
				"north": {"uv": [0, 0, 0.5, 1], "rotation": 270, "texture": "#0"},
				"east": {"uv": [0, 0, 0.5, 2.75], "rotation": 90, "texture": "#0"},
				"south": {"uv": [0, 0, 0.5, 1], "rotation": 90, "texture": "#0"},
				"west": {"uv": [0, 0, 0.5, 2.75], "rotation": 90, "texture": "#0"},
				"up": {"uv": [0, 0, 2.75, 1], "rotation": 90, "texture": "#0"},
				"down": {"uv": [0, 0, 2.75, 1], "rotation": 90, "texture": "#0"}
			}
		},
		{
			"from": [15, 13, 6.6],
			"to": [15.5, 14, 9.35],
			"faces": {
				"north": {"uv": [0.5, 0, 1, 1], "texture": "#0"},
				"east": {"uv": [2.75, 0, 5.5, 1], "texture": "#0"},
				"south": {"uv": [0.5, 0, 1, 1], "texture": "#0"},
				"west": {"uv": [2.75, 0, 5.5, 1], "texture": "#0"},
				"up": {"uv": [0.5, 0, 1, 2.75], "texture": "#0"},
				"down": {"uv": [0.5, 0, 1, 2.75], "texture": "#0"}
			}
		},
		{
			"from": [14.82769, 13.86627, 6.6],
			"to": [15.32769, 14.86627, 9.35],
			"rotation": {"angle": 22.5, "axis": "z", "origin": [15.07769, 14.36627, 7.975]},
			"faces": {
				"north": {"uv": [0.5, 0, 1, 1], "texture": "#0"},
				"east": {"uv": [2.75, 0, 5.5, 1], "texture": "#0"},
				"south": {"uv": [0.5, 0, 1, 1], "texture": "#0"},
				"west": {"uv": [2.75, 0, 5.5, 1], "texture": "#0"},
				"up": {"uv": [0.5, 0, 1, 2.75], "texture": "#0"},
				"down": {"uv": [0.5, 0, 1, 2.75], "texture": "#0"}
			}
		},
		{
			"from": [14.33699, 14.60066, 6.6],
			"to": [14.83699, 15.60066, 9.35],
			"rotation": {"angle": 45, "axis": "z", "origin": [14.58699, 15.10066, 7.975]},
			"faces": {
				"north": {"uv": [0.5, 0, 1, 1], "texture": "#0"},
				"east": {"uv": [2.75, 0, 5.5, 1], "texture": "#0"},
				"south": {"uv": [0.5, 0, 1, 1], "texture": "#0"},
				"west": {"uv": [2.75, 0, 5.5, 1], "texture": "#0"},
				"up": {"uv": [0.5, 0, 1, 2.75], "texture": "#0"},
				"down": {"uv": [0.5, 0, 1, 2.75], "texture": "#0"}
			}
		},
		{
			"from": [13.3526, 15.34136, 6.6],
			"to": [14.3526, 15.84136, 9.35],
			"rotation": {"angle": -22.5, "axis": "z", "origin": [13.8526, 15.59136, 7.975]},
			"faces": {
				"north": {"uv": [0.5, 0, 1, 1], "rotation": 270, "texture": "#0"},
				"east": {"uv": [0.5, 0, 1, 2.75], "rotation": 90, "texture": "#0"},
				"south": {"uv": [0.5, 0, 1, 1], "rotation": 90, "texture": "#0"},
				"west": {"uv": [0.5, 0, 1, 2.75], "rotation": 90, "texture": "#0"},
				"up": {"uv": [2.75, 0, 5.5, 1], "rotation": 90, "texture": "#0"},
				"down": {"uv": [2.75, 0, 5.5, 1], "rotation": 90, "texture": "#0"}
			}
		},
		{
			"from": [2.51367, 15.51367, 6.6],
			"to": [13.51367, 16.01367, 9.35],
			"rotation": {"angle": 0, "axis": "z", "origin": [3.01367, 15.76367, 7.975]},
			"faces": {
				"north": {"uv": [0, 0, 0.5, 11], "rotation": 270, "texture": "#0"},
				"east": {"uv": [0, 0, 0.5, 2.75], "rotation": 90, "texture": "#0"},
				"south": {"uv": [0, 0, 0.5, 11], "rotation": 90, "texture": "#0"},
				"west": {"uv": [0, 0, 0.5, 2.75], "rotation": 90, "texture": "#0"},
				"up": {"uv": [0, 0, 2.75, 11], "rotation": 90, "texture": "#0"},
				"down": {"uv": [0, 0, 2.75, 11], "rotation": 90, "texture": "#0"}
			}
		},
		{
			"from": [11.26367, 15.26367, 6.85],
			"to": [12.76367, 15.51367, 9.1],
			"rotation": {"angle": 0, "axis": "z", "origin": [11.76367, 15.51367, 7.975]},
			"faces": {
				"north": {"uv": [1.25, 0, 1.75, 1.5], "rotation": 270, "texture": "#0"},
				"east": {"uv": [0, 4.25, 1.25, 5.75], "rotation": 90, "texture": "#0"},
				"south": {"uv": [1.25, 0, 1.75, 1.5], "rotation": 90, "texture": "#0"},
				"west": {"uv": [0, 4.5, 0.5, 5.5], "rotation": 90, "texture": "#0"},
				"up": {"uv": [0, 0, 2.25, 1.5], "rotation": 90, "texture": "#0"},
				"down": {"uv": [0, 0, 2.25, 1.5], "rotation": 90, "texture": "#0"}
			}
		},
		{
			"from": [9.26367, 15.26367, 6.85],
			"to": [10.76367, 15.51367, 9.1],
			"rotation": {"angle": 0, "axis": "z", "origin": [9.76367, 15.51367, 7.975]},
			"faces": {
				"north": {"uv": [1.25, 0, 1.75, 1.5], "rotation": 270, "texture": "#0"},
				"east": {"uv": [0, 4.25, 1.25, 5.75], "rotation": 90, "texture": "#0"},
				"south": {"uv": [1.25, 0, 1.75, 1.5], "rotation": 90, "texture": "#0"},
				"west": {"uv": [0, 4.5, 0.5, 5.5], "rotation": 90, "texture": "#0"},
				"up": {"uv": [0, 0, 2.25, 1.5], "rotation": 90, "texture": "#0"},
				"down": {"uv": [0, 0, 2.25, 1.5], "rotation": 90, "texture": "#0"}
			}
		},
		{
			"from": [7.26367, 15.26367, 6.85],
			"to": [8.76367, 15.51367, 9.1],
			"rotation": {"angle": 0, "axis": "z", "origin": [7.76367, 15.51367, 7.975]},
			"faces": {
				"north": {"uv": [1.25, 0, 1.75, 1.5], "rotation": 270, "texture": "#0"},
				"east": {"uv": [0, 4.25, 1.25, 5.75], "rotation": 90, "texture": "#0"},
				"south": {"uv": [1.25, 0, 1.75, 1.5], "rotation": 90, "texture": "#0"},
				"west": {"uv": [0, 4.5, 0.5, 5.5], "rotation": 90, "texture": "#0"},
				"up": {"uv": [0, 0, 2.25, 1.5], "rotation": 90, "texture": "#0"},
				"down": {"uv": [0, 0, 2.25, 1.5], "rotation": 90, "texture": "#0"}
			}
		},
		{
			"from": [5.26367, 15.26367, 6.85],
			"to": [6.76367, 15.51367, 9.1],
			"rotation": {"angle": 0, "axis": "z", "origin": [5.76367, 15.51367, 7.975]},
			"faces": {
				"north": {"uv": [1.25, 0, 1.75, 1.5], "rotation": 270, "texture": "#0"},
				"east": {"uv": [0, 4.25, 1.25, 5.75], "rotation": 90, "texture": "#0"},
				"south": {"uv": [1.25, 0, 1.75, 1.5], "rotation": 90, "texture": "#0"},
				"west": {"uv": [0, 4.5, 0.5, 5.5], "rotation": 90, "texture": "#0"},
				"up": {"uv": [0, 0, 2.25, 1.5], "rotation": 90, "texture": "#0"},
				"down": {"uv": [0, 0, 2.25, 1.5], "rotation": 90, "texture": "#0"}
			}
		},
		{
			"from": [3.26367, 15.26367, 6.85],
			"to": [4.76367, 15.51367, 9.1],
			"rotation": {"angle": 0, "axis": "z", "origin": [3.76367, 15.51367, 7.975]},
			"faces": {
				"north": {"uv": [1.25, 0, 1.75, 1.5], "rotation": 270, "texture": "#0"},
				"east": {"uv": [0, 4.25, 1.25, 5.75], "rotation": 90, "texture": "#0"},
				"south": {"uv": [1.25, 0, 1.75, 1.5], "rotation": 90, "texture": "#0"},
				"west": {"uv": [0, 4.5, 0.5, 5.5], "rotation": 90, "texture": "#0"},
				"up": {"uv": [0, 0, 2.25, 1.5], "rotation": 90, "texture": "#0"},
				"down": {"uv": [0, 0, 2.25, 1.5], "rotation": 90, "texture": "#0"}
			}
		},
		{
			"from": [-1.5, 11.5, 7.6],
			"to": [0.75, 11.75, 8.35],
			"rotation": {"angle": 22.5, "axis": "z", "origin": [0.125, 11.625, 7.975]},
			"faces": {
				"north": {"uv": [0, 0, 0.25, 2.25], "rotation": 270, "texture": "#0"},
				"east": {"uv": [0, 0, 0.25, 0.75], "rotation": 90, "texture": "#0"},
				"south": {"uv": [0, 0, 0.25, 2.25], "rotation": 90, "texture": "#0"},
				"west": {"uv": [0, 0, 0.25, 0.75], "rotation": 90, "texture": "#0"},
				"up": {"uv": [0, 0, 0.75, 2.25], "rotation": 90, "texture": "#0"},
				"down": {"uv": [0, 0, 0.75, 2.25], "rotation": 90, "texture": "#0"}
			}
		},
		{
			"from": [-1.42441, 9.11866, 7.6],
			"to": [-1.17441, 11.11866, 8.35],
			"faces": {
				"north": {"uv": [0, 0, 0.25, 2], "texture": "#0"},
				"east": {"uv": [0, 0, 0.75, 2], "texture": "#0"},
				"south": {"uv": [0, 0, 0.25, 2], "texture": "#0"},
				"west": {"uv": [0, 0, 0.75, 2], "texture": "#0"},
				"up": {"uv": [0, 0, 0.25, 0.75], "texture": "#0"},
				"down": {"uv": [0, 0, 0.25, 0.75], "texture": "#0"}
			}
		},
		{
			"from": [0, 10.47, 6.6],
			"to": [0.25, 13.32, 6.85],
			"rotation": {"angle": -45, "axis": "z", "origin": [0.125, 12.625, 6.725]},
			"faces": {
				"north": {"uv": [0, 0, 0.25, 2.85], "texture": "#0"},
				"east": {"uv": [0, 0, 0.25, 2.85], "texture": "#0"},
				"south": {"uv": [0, 0, 0.25, 2.85], "texture": "#0"},
				"west": {"uv": [0, 0, 0.25, 2.85], "texture": "#0"},
				"up": {"uv": [0, 0, 0.25, 0.25], "texture": "#0"},
				"down": {"uv": [0, 0, 0.25, 0.25], "texture": "#0"}
			}
		},
		{
			"from": [0, 10.47, 9.1],
			"to": [0.25, 13.32, 9.35],
			"rotation": {"angle": -45, "axis": "z", "origin": [0.125, 12.625, 9.225]},
			"faces": {
				"north": {"uv": [0, 0, 0.25, 2.85], "texture": "#0"},
				"east": {"uv": [0, 0, 0.25, 2.85], "texture": "#0"},
				"south": {"uv": [0, 0, 0.25, 2.85], "texture": "#0"},
				"west": {"uv": [0, 0, 0.25, 2.85], "texture": "#0"},
				"up": {"uv": [0, 0, 0.25, 0.25], "texture": "#0"},
				"down": {"uv": [0, 0, 0.25, 0.25], "texture": "#0"}
			}
		},
		{
			"from": [0.5, 11.75, 7.6],
			"to": [0.75, 13, 8.35],
			"faces": {
				"north": {"uv": [0, 0, 0.25, 1.25], "texture": "#0"},
				"east": {"uv": [0, 0, 0.75, 1.25], "texture": "#0"},
				"south": {"uv": [0, 0, 0.25, 1.25], "texture": "#0"},
				"west": {"uv": [0, 0, 0.75, 1.25], "texture": "#0"},
				"up": {"uv": [0, 0, 0.25, 0.75], "texture": "#0"},
				"down": {"uv": [0, 0, 0.25, 0.75], "texture": "#0"}
			}
		},
		{
			"from": [15.25, 11.5, 7.6],
			"to": [17.5, 11.75, 8.35],
			"rotation": {"angle": -22.5, "axis": "z", "origin": [15.875, 11.625, 7.975]},
			"faces": {
				"north": {"uv": [0.25, 0, 0, 2.25], "rotation": 270, "texture": "#0"},
				"east": {"uv": [0.25, 0, 0, 0.75], "rotation": 90, "texture": "#0"},
				"south": {"uv": [0.25, 0, 0, 2.25], "rotation": 90, "texture": "#0"},
				"west": {"uv": [0.25, 0, 0, 0.75], "rotation": 90, "texture": "#0"},
				"up": {"uv": [0.75, 0, 0, 2.25], "rotation": 90, "texture": "#0"},
				"down": {"uv": [0.75, 0, 0, 2.25], "rotation": 90, "texture": "#0"}
			}
		},
		{
			"from": [17.17441, 9.11866, 7.6],
			"to": [17.42441, 11.11866, 8.35],
			"faces": {
				"north": {"uv": [0.25, 0, 0, 2], "texture": "#0"},
				"east": {"uv": [0.75, 0, 0, 2], "texture": "#0"},
				"south": {"uv": [0.25, 0, 0, 2], "texture": "#0"},
				"west": {"uv": [0.75, 0, 0, 2], "texture": "#0"},
				"up": {"uv": [0.25, 0, 0, 0.75], "texture": "#0"},
				"down": {"uv": [0.25, 0, 0, 0.75], "texture": "#0"}
			}
		},
		{
			"from": [15.75, 10.47, 6.6],
			"to": [16, 13.32, 6.85],
			"rotation": {"angle": 45, "axis": "z", "origin": [15.875, 12.625, 6.725]},
			"faces": {
				"north": {"uv": [0.25, 0, 0, 2.85], "texture": "#0"},
				"east": {"uv": [0.25, 0, 0, 2.85], "texture": "#0"},
				"south": {"uv": [0.25, 0, 0, 2.85], "texture": "#0"},
				"west": {"uv": [0.25, 0, 0, 2.85], "texture": "#0"},
				"up": {"uv": [0.25, 0, 0, 0.25], "texture": "#0"},
				"down": {"uv": [0.25, 0, 0, 0.25], "texture": "#0"}
			}
		},
		{
			"from": [15.75, 10.47, 9.1],
			"to": [16, 13.32, 9.35],
			"rotation": {"angle": 45, "axis": "z", "origin": [15.875, 12.625, 9.225]},
			"faces": {
				"north": {"uv": [0.25, 0, 0, 2.85], "texture": "#0"},
				"east": {"uv": [0.25, 0, 0, 2.85], "texture": "#0"},
				"south": {"uv": [0.25, 0, 0, 2.85], "texture": "#0"},
				"west": {"uv": [0.25, 0, 0, 2.85], "texture": "#0"},
				"up": {"uv": [0.25, 0, 0, 0.25], "texture": "#0"},
				"down": {"uv": [0.25, 0, 0, 0.25], "texture": "#0"}
			}
		},
		{
			"from": [15.25, 11.75, 7.6],
			"to": [15.5, 13, 8.35],
			"faces": {
				"north": {"uv": [0.25, 0, 0, 1.25], "texture": "#0"},
				"east": {"uv": [0.75, 0, 0, 1.25], "texture": "#0"},
				"south": {"uv": [0.25, 0, 0, 1.25], "texture": "#0"},
				"west": {"uv": [0.75, 0, 0, 1.25], "texture": "#0"},
				"up": {"uv": [0.25, 0, 0, 0.75], "texture": "#0"},
				"down": {"uv": [0.25, 0, 0, 0.75], "texture": "#0"}
			}
		},
		{
			"name": "logo",
			"from": [-1.6, 6.25, 7.25],
			"to": [-1.5, 8.75, 8.75],
			"faces": {
				"north": {"uv": [1.25, 0, 1.85, 1.75], "texture": "#0"},
				"east": {"uv": [1.25, 0, 2, 2], "texture": "#0"},
				"south": {"uv": [1.25, 0, 1.6, 4.25], "texture": "#0"},
				"west": {"uv": [13.5, 2, 10.5, 6], "texture": "#0"},
				"up": {"uv": [1.25, 0, 1.85, 2.25], "texture": "#0"},
				"down": {"uv": [1.25, 0, 1.6, 2], "texture": "#0"}
			}
		},
		{
			"name": "logo2",
			"from": [-1.59, 6.75, 6.75],
			"to": [-1.5, 8.25, 9.25],
			"faces": {
				"north": {"uv": [1.25, 0, 1.85, 1.75], "texture": "#0"},
				"east": {"uv": [1.25, 0, 2, 2], "texture": "#0"},
				"south": {"uv": [1.25, 0, 1.6, 4.25], "texture": "#0"},
				"west": {"uv": [1.25, 0, 2.75, 1.25], "texture": "#0"},
				"up": {"uv": [1.25, 0, 1.85, 2.25], "texture": "#0"},
				"down": {"uv": [1.25, 0, 1.6, 2], "texture": "#0"}
			}
		},
		{
			"name": "logo3",
			"from": [-1.59, 7.0795, 6.57583],
			"to": [-1.5, 7.7795, 9.40583],
			"rotation": {"angle": 45, "axis": "x", "origin": [-1.555, 7.4545, 8.07583]},
			"faces": {
				"north": {"uv": [1.25, 0, 1.85, 1.75], "texture": "#0"},
				"east": {"uv": [1.25, 0, 2, 2], "texture": "#0"},
				"south": {"uv": [1.25, 0, 1.6, 4.25], "texture": "#0"},
				"west": {"uv": [1.25, 0, 2.75, 1.25], "texture": "#0"},
				"up": {"uv": [1.25, 0, 1.85, 2.25], "texture": "#0"},
				"down": {"uv": [1.25, 0, 1.6, 2], "texture": "#0"}
			}
		},
		{
			"name": "logo4",
			"from": [-1.59, 7.20474, 6.53936],
			"to": [-1.5, 7.90474, 9.36936],
			"rotation": {"angle": -45, "axis": "x", "origin": [-1.555, 7.57974, 8.03936]},
			"faces": {
				"north": {"uv": [1.25, 0, 1.85, 1.75], "texture": "#0"},
				"east": {"uv": [1.25, 0, 2, 2], "texture": "#0"},
				"south": {"uv": [1.25, 0, 1.6, 4.25], "texture": "#0"},
				"west": {"uv": [1.25, 0, 2.75, 1.25], "texture": "#0"},
				"up": {"uv": [1.25, 0, 1.85, 2.25], "texture": "#0"},
				"down": {"uv": [1.25, 0, 1.6, 2], "texture": "#0"}
			}
		},
		{
			"name": "logo",
			"from": [17.5, 6.25, 7.25],
			"to": [17.6, 8.75, 8.75],
			"faces": {
				"north": {"uv": [1.85, 0, 1.25, 1.75], "texture": "#0"},
				"east": {"uv": [15.25, 3.25, 12.25, 7.25], "texture": "#0"},
				"south": {"uv": [1.6, 0, 1.25, 4.25], "texture": "#0"},
				"west": {"uv": [2, 0, 1.25, 2], "texture": "#0"},
				"up": {"uv": [1.85, 0, 1.25, 2.25], "texture": "#0"},
				"down": {"uv": [1.6, 0, 1.25, 2], "texture": "#0"}
			}
		},
		{
			"name": "logo2",
			"from": [17.5, 6.75, 6.75],
			"to": [17.59, 8.25, 9.25],
			"faces": {
				"north": {"uv": [1.85, 0, 1.25, 1.75], "texture": "#0"},
				"east": {"uv": [2.75, 0, 1.25, 1.25], "texture": "#0"},
				"south": {"uv": [1.6, 0, 1.25, 4.25], "texture": "#0"},
				"west": {"uv": [2, 0, 1.25, 2], "texture": "#0"},
				"up": {"uv": [1.85, 0, 1.25, 2.25], "texture": "#0"},
				"down": {"uv": [1.6, 0, 1.25, 2], "texture": "#0"}
			}
		},
		{
			"name": "logo3",
			"from": [17.5, 7.0795, 6.57583],
			"to": [17.59, 7.7795, 9.40583],
			"rotation": {"angle": 45, "axis": "x", "origin": [17.555, 7.4545, 8.07583]},
			"faces": {
				"north": {"uv": [1.85, 0, 1.25, 1.75], "texture": "#0"},
				"east": {"uv": [2.75, 0, 1.25, 1.25], "texture": "#0"},
				"south": {"uv": [1.6, 0, 1.25, 4.25], "texture": "#0"},
				"west": {"uv": [2, 0, 1.25, 2], "texture": "#0"},
				"up": {"uv": [1.85, 0, 1.25, 2.25], "texture": "#0"},
				"down": {"uv": [1.6, 0, 1.25, 2], "texture": "#0"}
			}
		},
		{
			"name": "logo4",
			"from": [17.5, 7.20474, 6.53936],
			"to": [17.59, 7.90474, 9.36936],
			"rotation": {"angle": -45, "axis": "x", "origin": [17.555, 7.57974, 8.03936]},
			"faces": {
				"north": {"uv": [1.85, 0, 1.25, 1.75], "texture": "#0"},
				"east": {"uv": [2.75, 0, 1.25, 1.25], "texture": "#0"},
				"south": {"uv": [1.6, 0, 1.25, 4.25], "texture": "#0"},
				"west": {"uv": [2, 0, 1.25, 2], "texture": "#0"},
				"up": {"uv": [1.85, 0, 1.25, 2.25], "texture": "#0"},
				"down": {"uv": [1.6, 0, 1.25, 2], "texture": "#0"}
			}
		},
		{
			"name": "connecter",
			"from": [-1.6, 5.25, 7.6],
			"to": [-1.3, 6.5, 8.35],
			"faces": {
				"north": {"uv": [1.5, 0, 2.05, 1.25], "texture": "#0"},
				"east": {"uv": [1.25, 0, 2, 1.25], "texture": "#0"},
				"south": {"uv": [1.5, 0, 2.05, 1.25], "texture": "#0"},
				"west": {"uv": [1.25, 0, 2, 1.25], "texture": "#0"},
				"up": {"uv": [1.25, 0, 2.3, 1.25], "texture": "#0"},
				"down": {"uv": [1.25, 0, 1.8, 1.25], "texture": "#0"}
			}
		},
		{
			"name": "line1",
			"from": [-1.50026, 4.25044, 7.75],
			"to": [-1.30026, 5.25044, 8.25],
			"faces": {
				"north": {"uv": [1.5, 0, 2.05, 1.25], "texture": "#0"},
				"east": {"uv": [1.25, 0, 2, 1.25], "texture": "#0"},
				"south": {"uv": [1.5, 0, 2.05, 1.25], "texture": "#0"},
				"west": {"uv": [1.25, 0, 2, 1.25], "texture": "#0"},
				"up": {"uv": [1.25, 0, 2.3, 1.25], "texture": "#0"},
				"down": {"uv": [1.25, 0, 1.8, 1.25], "texture": "#0"}
			}
		},
		{
			"name": "line2",
			"from": [-1.50053, 3.86507, 7.67369],
			"to": [-1.30053, 4.36507, 8.17369],
			"rotation": {"angle": 22.5, "axis": "x", "origin": [-1.40053, 4.11507, 7.92369]},
			"faces": {
				"north": {"uv": [1.5, 0, 2.05, 1.25], "texture": "#0"},
				"east": {"uv": [1.25, 0, 2, 1.25], "texture": "#0"},
				"south": {"uv": [1.5, 0, 2.05, 1.25], "texture": "#0"},
				"west": {"uv": [1.25, 0, 2, 1.25], "texture": "#0"},
				"up": {"uv": [1.25, 0, 2.3, 1.25], "texture": "#0"},
				"down": {"uv": [1.25, 0, 1.8, 1.25], "texture": "#0"}
			}
		},
		{
			"name": "line3",
			"from": [-1.49859, 3.28707, 7.45487],
			"to": [-1.29859, 4.03707, 7.95487],
			"rotation": {"angle": 45, "axis": "x", "origin": [-1.39859, 3.78707, 7.70487]},
			"faces": {
				"north": {"uv": [1.5, 0, 2.05, 1.25], "texture": "#0"},
				"east": {"uv": [1.25, 0, 2, 1.25], "texture": "#0"},
				"south": {"uv": [1.5, 0, 2.05, 1.25], "texture": "#0"},
				"west": {"uv": [1.25, 0, 2, 1.25], "texture": "#0"},
				"up": {"uv": [1.25, 0, 2.3, 1.25], "texture": "#0"},
				"down": {"uv": [1.25, 0, 1.8, 1.25], "texture": "#0"}
			}
		},
		{
			"name": "line4",
			"from": [-1.49845, 3.1992, 4.84013],
			"to": [-1.29845, 3.6992, 7.44013],
			"rotation": {"angle": -22.5, "axis": "x", "origin": [-1.39845, 3.4492, 7.34013]},
			"faces": {
				"north": {"uv": [1.25, 0, 1.8, 1.25], "rotation": 180, "texture": "#0"},
				"east": {"uv": [1.25, 0, 2, 1.25], "rotation": 270, "texture": "#0"},
				"south": {"uv": [1.25, 0, 2.3, 1.25], "texture": "#0"},
				"west": {"uv": [1.25, 0, 2, 1.25], "rotation": 90, "texture": "#0"},
				"up": {"uv": [1.5, 0, 2.05, 1.25], "rotation": 180, "texture": "#0"},
				"down": {"uv": [1.5, 0, 2.05, 1.25], "texture": "#0"}
			}
		},
		{
			"name": "line6",
			"from": [-1.41097, 2.26186, 1.43364],
			"to": [-1.21097, 2.76186, 4.68364],
			"rotation": {"angle": -22.5, "axis": "y", "origin": [-1.31097, 2.51186, 4.43364]},
			"faces": {
				"north": {"uv": [1.25, 0, 1.8, 1.25], "rotation": 180, "texture": "#0"},
				"east": {"uv": [1.25, 0, 2, 1.25], "rotation": 270, "texture": "#0"},
				"south": {"uv": [1.25, 0, 2.3, 1.25], "texture": "#0"},
				"west": {"uv": [1.25, 0, 2, 1.25], "rotation": 90, "texture": "#0"},
				"up": {"uv": [1.5, 0, 2.05, 1.25], "rotation": 180, "texture": "#0"},
				"down": {"uv": [1.5, 0, 2.05, 1.25], "texture": "#0"}
			}
		},
		{
			"name": "line7",
			"from": [-0.1081, 2.26192, 0.76788],
			"to": [0.0919, 2.76192, 1.76788],
			"rotation": {"angle": -45, "axis": "y", "origin": [-0.0081, 2.51192, 1.51788]},
			"faces": {
				"north": {"uv": [1.25, 0, 1.8, 1.25], "rotation": 180, "texture": "#0"},
				"east": {"uv": [1.25, 0, 2, 1.25], "rotation": 270, "texture": "#0"},
				"south": {"uv": [1.25, 0, 2.3, 1.25], "texture": "#0"},
				"west": {"uv": [1.25, 0, 2, 1.25], "rotation": 90, "texture": "#0"},
				"up": {"uv": [1.5, 0, 2.05, 1.25], "rotation": 180, "texture": "#0"},
				"down": {"uv": [1.5, 0, 2.05, 1.25], "texture": "#0"}
			}
		},
		{
			"name": "line8",
			"from": [0.47049, 2.26199, 0.81376],
			"to": [1.47049, 2.76199, 1.01376],
			"rotation": {"angle": 22.5, "axis": "y", "origin": [0.72049, 2.51199, 0.91376]},
			"faces": {
				"north": {"uv": [1.25, 0, 2, 1.25], "rotation": 90, "texture": "#0"},
				"east": {"uv": [1.25, 0, 1.8, 1.25], "rotation": 180, "texture": "#0"},
				"south": {"uv": [1.25, 0, 2, 1.25], "rotation": 270, "texture": "#0"},
				"west": {"uv": [1.25, 0, 2.3, 1.25], "texture": "#0"},
				"up": {"uv": [1.5, 0, 2.05, 1.25], "rotation": 270, "texture": "#0"},
				"down": {"uv": [1.5, 0, 2.05, 1.25], "rotation": 270, "texture": "#0"}
			}
		},
		{
			"name": "line9",
			"from": [1.37485, 2.26205, 0.53457],
			"to": [7.12485, 2.76205, 0.73457],
			"rotation": {"angle": 0, "axis": "y", "origin": [1.62485, 2.51205, 0.63457]},
			"faces": {
				"north": {"uv": [1.25, 0, 2, 1.25], "rotation": 90, "texture": "#0"},
				"east": {"uv": [1.25, 0, 1.8, 1.25], "rotation": 180, "texture": "#0"},
				"south": {"uv": [1.25, 0, 2, 1.25], "rotation": 270, "texture": "#0"},
				"west": {"uv": [1.25, 0, 2.3, 1.25], "texture": "#0"},
				"up": {"uv": [1.5, 0, 2.05, 1.25], "rotation": 270, "texture": "#0"},
				"down": {"uv": [1.5, 0, 2.05, 1.25], "rotation": 270, "texture": "#0"}
			}
		},
		{
			"name": "line10",
			"from": [-1.49836, 2.26123, 4.6263],
			"to": [-1.29836, 2.76123, 5.1263],
			"rotation": {"angle": 0, "axis": "y", "origin": [-1.39836, 2.51123, 4.8763]},
			"faces": {
				"north": {"uv": [1.25, 0, 1.8, 1.25], "rotation": 180, "texture": "#0"},
				"east": {"uv": [1.25, 0, 2, 1.25], "rotation": 270, "texture": "#0"},
				"south": {"uv": [1.25, 0, 2.3, 1.25], "texture": "#0"},
				"west": {"uv": [1.25, 0, 2, 1.25], "rotation": 90, "texture": "#0"},
				"up": {"uv": [1.5, 0, 2.05, 1.25], "rotation": 180, "texture": "#0"},
				"down": {"uv": [1.5, 0, 2.05, 1.25], "texture": "#0"}
			}
		},
		{
			"name": "mic",
			"from": [6.72299, 1.9907, 0.41983],
			"to": [8.97299, 2.9907, 0.86983],
			"rotation": {"angle": 0, "axis": "y", "origin": [3.47299, 2.4907, 0.76983]},
			"faces": {
				"north": {"uv": [1.25, 0, 2, 1.25], "rotation": 90, "texture": "#0"},
				"east": {"uv": [1.25, 0, 1.8, 1.25], "rotation": 180, "texture": "#0"},
				"south": {"uv": [3.25, 7.25, 5.5, 8.5], "rotation": 180, "texture": "#0"},
				"west": {"uv": [1.25, 0, 2.3, 1.25], "texture": "#0"},
				"up": {"uv": [1.5, 0, 2.05, 1.25], "rotation": 270, "texture": "#0"},
				"down": {"uv": [1.5, 0, 2.05, 1.25], "rotation": 270, "texture": "#0"}
			}
		}
	],
	"display": {
		"thirdperson_lefthand": {
			"rotation": [67, 0, 0],
			"translation": [-5.75, -0.25, 15.25],
			"scale": [0.65, 0.63, 0.7]
		}
	},
	"groups": [
		{
			"name": "speakerL",
			"origin": [8, 8, 8],
			"children": [
				{
					"name": "speaker1",
					"origin": [8, 8, 8],
					"children": [0, 1, 2, 3, 4, 5, 6, 7]
				},
				{
					"name": "speaker2",
					"origin": [8, 8, 8],
					"children": [8, 9, 10, 11, 12, 13, 14, 15]
				},
				{
					"name": "speaker3",
					"origin": [8, 8, 8],
					"children": [16, 17, 18, 19, 20, 21, 22, 23]
				},
				{
					"name": "speaker4",
					"origin": [8, 8, 8],
					"children": [24, 25, 26, 27, 28, 29, 30, 31, 32, 33]
				},
				{
					"name": "speaker5",
					"origin": [8, 8, 8],
					"children": [34, 35, 36, 37]
				}
			]
		},
		{
			"name": "speakerR",
			"origin": [8, 8, 8],
			"children": [
				{
					"name": "speaker1",
					"origin": [8, 8, 8],
					"children": [38, 39, 40, 41, 42, 43, 44, 45]
				},
				{
					"name": "speaker2",
					"origin": [8, 8, 8],
					"children": [46, 47, 48, 49, 50, 51, 52, 53]
				},
				{
					"name": "speaker3",
					"origin": [8, 8, 8],
					"children": [54, 55, 56, 57, 58, 59, 60, 61]
				},
				{
					"name": "speaker4",
					"origin": [8, 8, 8],
					"children": [62, 63, 64, 65, 66, 67, 68, 69]
				},
				{
					"name": "speaker5",
					"origin": [8, 8, 8],
					"children": [70, 71, 72, 73]
				}
			]
		},
		{
			"name": "headline",
			"origin": [8, 8, 8],
			"children": [
				{
					"name": "upline",
					"origin": [8, 8, 8],
					"children": [
						{
							"name": "circleL",
							"origin": [8, 8, 8],
							"children": [74, 75, 76, 77]
						},
						{
							"name": "circleR",
							"origin": [8, 8, 8],
							"children": [78, 79, 80, 81]
						},
						{
							"name": "lineL",
							"origin": [8, 8, 8],
							"children": [82, 83, 84, 85, 86, 87, 88, 89]
						},
						{
							"name": "lineR",
							"origin": [8, 8, 8],
							"children": [90, 91, 92, 93, 94, 95, 96, 97]
						},
						{
							"name": "lineM",
							"origin": [8, 8, 8],
							"children": [98, 99]
						}
					]
				},
				{
					"name": "downline",
					"origin": [8, 8, 8],
					"children": [
						{
							"name": "up",
							"origin": [8, 8, 8],
							"children": [
								{
									"name": "L",
									"origin": [8, 8, 8],
									"children": [100, 101, 102, 103]
								},
								{
									"name": "R",
									"origin": [8, 8, 8],
									"children": [104, 105, 106, 107]
								}, 108,
								{
									"name": "cubes",
									"origin": [8, 8, 8],
									"children": [109, 110, 111, 112, 113]
								}
							]
						},
						{
							"name": "down",
							"origin": [8, 8, 8],
							"children": [
								{
									"name": "L",
									"origin": [8, 8, 8],
									"children": [114, 115, 116, 117, 118]
								},
								{
									"name": "R",
									"origin": [8, 8, 8],
									"children": [119, 120, 121, 122, 123]
								}
							]
						}
					]
				},
				{
					"name": "logo",
					"origin": [8, 8, 8],
					"children": [
						{
							"name": "L",
							"origin": [8, 8, 8],
							"children": [124, 125, 126, 127]
						},
						{
							"name": "R",
							"origin": [8, 8, 8],
							"children": [128, 129, 130, 131]
						}
					]
				}
			]
		},
		{
			"name": "MIC",
			"origin": [8, 8, 8],
			"children": [132,
				{
					"name": "line",
					"origin": [8, 8, 8],
					"children": [133, 134, 135, 136, 137, 138, 139, 140, 141, 142]
				}
			]
		}
	]
}