{
	"credit": "quiktori",
	"texture_size": [64, 64],
	"textures": {
		"0": "items/items/car",
		"particle": "items/items/car"
	},
	"elements": [
		{
			"from": [-3, 0.875, 6.5],
			"to": [19.12109, 2.375, 17],
			"rotation": {"angle": 0, "axis": "y", "origin": [9, 8, 22]},
			"faces": {
				"north": {"uv": [5.875, 2.125, 7.5, 2.625], "texture": "#0"},
				"east": {"uv": [5.875, 2.125, 7.5, 2.625], "texture": "#0"},
				"south": {"uv": [5.875, 2.125, 7.5, 2.625], "texture": "#0"},
				"west": {"uv": [5.875, 2.125, 7.5, 2.625], "texture": "#0"},
				"up": {"uv": [5.875, 2.125, 7.5, 2.625], "texture": "#0"},
				"down": {"uv": [5.875, 2.125, 7.5, 2.625], "texture": "#0"}
			}
		},
		{
			"from": [-3, 0.875, 26.5],
			"to": [19.12109, 2.375, 31],
			"rotation": {"angle": 0, "axis": "y", "origin": [9, 8, 36]},
			"faces": {
				"north": {"uv": [5.875, 2.125, 7.5, 2.625], "texture": "#0"},
				"east": {"uv": [5.875, 2.125, 7.5, 2.625], "texture": "#0"},
				"south": {"uv": [5.875, 2.125, 7.5, 2.625], "texture": "#0"},
				"west": {"uv": [5.875, 2.125, 7.5, 2.625], "texture": "#0"},
				"up": {"uv": [5.875, 2.125, 7.5, 2.625], "texture": "#0"},
				"down": {"uv": [5.875, 2.125, 7.5, 2.625], "texture": "#0"}
			}
		},
		{
			"from": [0.75, 0.875, 17],
			"to": [15.37109, 2.375, 26.5],
			"rotation": {"angle": 0, "axis": "y", "origin": [9, 8, 31.5]},
			"faces": {
				"north": {"uv": [5.875, 2.125, 7.5, 2.625], "texture": "#0"},
				"east": {"uv": [5.875, 2.125, 7.5, 2.625], "texture": "#0"},
				"south": {"uv": [5.875, 2.125, 7.5, 2.625], "texture": "#0"},
				"west": {"uv": [5.875, 2.125, 7.5, 2.625], "texture": "#0"},
				"up": {"uv": [5.875, 2.125, 7.5, 2.625], "texture": "#0"},
				"down": {"uv": [5.875, 2.125, 7.5, 2.625], "texture": "#0"}
			}
		},
		{
			"from": [0.75, 2.3125, 28.5],
			"to": [15.375, 8.73438, 31],
			"rotation": {"angle": 0, "axis": "y", "origin": [7.75, 11.0625, 26]},
			"faces": {
				"north": {"uv": [5.875, 2.125, 7.5, 2.625], "texture": "#0"},
				"east": {"uv": [5.875, 2.125, 7.5, 2.625], "texture": "#0"},
				"south": {"uv": [5.875, 2.125, 7.5, 2.625], "texture": "#0"},
				"west": {"uv": [5.875, 2.125, 7.5, 2.625], "texture": "#0"},
				"up": {"uv": [5.875, 2.125, 7.5, 2.625], "texture": "#0"},
				"down": {"uv": [5.875, 2.125, 7.5, 2.625], "texture": "#0"}
			}
		},
		{
			"from": [15.375, 2.3125, 6.5],
			"to": [19.125, 8.73438, 17],
			"rotation": {"angle": 0, "axis": "y", "origin": [22.375, 11.0625, 26]},
			"faces": {
				"north": {"uv": [5.875, 2.125, 7.5, 2.625], "texture": "#0"},
				"east": {"uv": [5.875, 2.125, 7.5, 2.625], "texture": "#0"},
				"south": {"uv": [5.875, 2.125, 7.5, 2.625], "texture": "#0"},
				"west": {"uv": [5.875, 2.125, 7.5, 2.625], "texture": "#0"},
				"up": {"uv": [5.875, 2.125, 7.5, 2.625], "texture": "#0"},
				"down": {"uv": [5.875, 2.125, 7.5, 2.625], "texture": "#0"}
			}
		},
		{
			"from": [-3, 2.3125, 6.5],
			"to": [0.75, 8.73438, 17],
			"rotation": {"angle": 0, "axis": "y", "origin": [4, 11.0625, 26]},
			"faces": {
				"north": {"uv": [5.875, 2.125, 7.5, 2.625], "texture": "#0"},
				"east": {"uv": [5.875, 2.125, 7.5, 2.625], "texture": "#0"},
				"south": {"uv": [5.875, 2.125, 7.5, 2.625], "texture": "#0"},
				"west": {"uv": [5.875, 2.125, 7.5, 2.625], "texture": "#0"},
				"up": {"uv": [5.875, 2.125, 7.5, 2.625], "texture": "#0"},
				"down": {"uv": [5.875, 2.125, 7.5, 2.625], "texture": "#0"}
			}
		},
		{
			"from": [15.375, 2.3125, 26.5],
			"to": [19.125, 8.73438, 31],
			"rotation": {"angle": 0, "axis": "y", "origin": [22.375, 11.0625, 40]},
			"faces": {
				"north": {"uv": [5.875, 2.125, 7.5, 2.625], "texture": "#0"},
				"east": {"uv": [5.875, 2.125, 7.5, 2.625], "texture": "#0"},
				"south": {"uv": [5.875, 2.125, 7.5, 2.625], "texture": "#0"},
				"west": {"uv": [5.875, 2.125, 7.5, 2.625], "texture": "#0"},
				"up": {"uv": [5.875, 2.125, 7.5, 2.625], "texture": "#0"},
				"down": {"uv": [5.875, 2.125, 7.5, 2.625], "texture": "#0"}
			}
		},
		{
			"from": [-3, 2.3125, 26.5],
			"to": [0.75, 8.73438, 31],
			"rotation": {"angle": 0, "axis": "y", "origin": [4, 11.0625, 40]},
			"faces": {
				"north": {"uv": [5.875, 2.125, 7.5, 2.625], "texture": "#0"},
				"east": {"uv": [5.875, 2.125, 7.5, 2.625], "texture": "#0"},
				"south": {"uv": [5.875, 2.125, 7.5, 2.625], "texture": "#0"},
				"west": {"uv": [5.875, 2.125, 7.5, 2.625], "texture": "#0"},
				"up": {"uv": [5.875, 2.125, 7.5, 2.625], "texture": "#0"},
				"down": {"uv": [5.875, 2.125, 7.5, 2.625], "texture": "#0"}
			}
		},
		{
			"from": [15.375, 2.3125, 17],
			"to": [17.125, 8.73438, 26.5],
			"rotation": {"angle": 0, "axis": "y", "origin": [22.375, 11.0625, 40]},
			"faces": {
				"north": {"uv": [5.875, 2.125, 7.5, 2.625], "texture": "#0"},
				"east": {"uv": [5.875, 2.125, 7.5, 2.625], "texture": "#0"},
				"south": {"uv": [5.875, 2.125, 7.5, 2.625], "texture": "#0"},
				"west": {"uv": [5.875, 2.125, 7.5, 2.625], "texture": "#0"},
				"up": {"uv": [5.875, 2.125, 7.5, 2.625], "texture": "#0"},
				"down": {"uv": [5.875, 2.125, 7.5, 2.625], "texture": "#0"}
			}
		},
		{
			"from": [-1, 2.3125, 17],
			"to": [0.75, 8.73438, 26.5],
			"rotation": {"angle": 0, "axis": "y", "origin": [6, 11.0625, 40]},
			"faces": {
				"north": {"uv": [5.875, 2.125, 7.5, 2.625], "texture": "#0"},
				"east": {"uv": [5.875, 2.125, 7.5, 2.625], "texture": "#0"},
				"south": {"uv": [5.875, 2.125, 7.5, 2.625], "texture": "#0"},
				"west": {"uv": [5.875, 2.125, 7.5, 2.625], "texture": "#0"},
				"up": {"uv": [5.875, 2.125, 7.5, 2.625], "texture": "#0"},
				"down": {"uv": [5.875, 2.125, 7.5, 2.625], "texture": "#0"}
			}
		},
		{
			"from": [17.125, 5.3125, 17],
			"to": [19.125, 8.73438, 26.5],
			"rotation": {"angle": 0, "axis": "y", "origin": [24.125, 11.0625, 40]},
			"faces": {
				"north": {"uv": [5.875, 2.125, 7.5, 2.625], "texture": "#0"},
				"east": {"uv": [5.875, 2.125, 7.5, 2.625], "texture": "#0"},
				"south": {"uv": [5.875, 2.125, 7.5, 2.625], "texture": "#0"},
				"west": {"uv": [5.875, 2.125, 7.5, 2.625], "texture": "#0"},
				"up": {"uv": [5.875, 2.125, 7.5, 2.625], "texture": "#0"},
				"down": {"uv": [5.875, 2.125, 7.5, 2.625], "texture": "#0"}
			}
		},
		{
			"from": [-3, 5.3125, 17],
			"to": [-1, 8.73438, 26.5],
			"rotation": {"angle": 0, "axis": "y", "origin": [4, 11.0625, 40]},
			"faces": {
				"north": {"uv": [5.875, 2.125, 7.5, 2.625], "texture": "#0"},
				"east": {"uv": [5.875, 2.125, 7.5, 2.625], "texture": "#0"},
				"south": {"uv": [5.875, 2.125, 7.5, 2.625], "texture": "#0"},
				"west": {"uv": [5.875, 2.125, 7.5, 2.625], "texture": "#0"},
				"up": {"uv": [5.875, 2.125, 7.5, 2.625], "texture": "#0"},
				"down": {"uv": [5.875, 2.125, 7.5, 2.625], "texture": "#0"}
			}
		},
		{
			"from": [-3, 0.86914, 6.25],
			"to": [19.125, 7.5586, 6.5],
			"rotation": {"angle": 0, "axis": "y", "origin": [9, 11.0625, 13]},
			"faces": {
				"north": {"uv": [5.875, 2.125, 7.5, 2.625], "texture": "#0"},
				"east": {"uv": [5.875, 2.125, 7.5, 2.625], "texture": "#0"},
				"south": {"uv": [5.875, 2.125, 7.5, 2.625], "texture": "#0"},
				"west": {"uv": [5.875, 2.125, 7.5, 2.625], "texture": "#0"},
				"up": {"uv": [5.875, 2.125, 7.5, 2.625], "texture": "#0"},
				"down": {"uv": [5.875, 2.125, 7.5, 2.625], "texture": "#0"}
			}
		},
		{
			"from": [-3, 0.875, -12.08203],
			"to": [19.125, 2.80273, -2.5],
			"rotation": {"angle": 0, "axis": "y", "origin": [9, 8, -11]},
			"faces": {
				"north": {"uv": [5.875, 2.125, 7.5, 2.625], "texture": "#0"},
				"east": {"uv": [5.875, 2.125, 7.5, 2.625], "texture": "#0"},
				"south": {"uv": [5.875, 2.125, 7.5, 2.625], "texture": "#0"},
				"west": {"uv": [5.875, 2.125, 7.5, 2.625], "texture": "#0"},
				"up": {"uv": [5.875, 2.125, 7.5, 2.625], "texture": "#0"},
				"down": {"uv": [5.875, 2.125, 7.5, 2.625], "texture": "#0"}
			}
		},
		{
			"from": [-3, 1.875, -9.08203],
			"to": [19.125, 5.80273, -2.5],
			"rotation": {"angle": 0, "axis": "y", "origin": [9, 10, -11]},
			"faces": {
				"north": {"uv": [5.875, 2.125, 7.5, 2.625], "texture": "#0"},
				"east": {"uv": [5.875, 2.125, 7.5, 2.625], "texture": "#0"},
				"south": {"uv": [5.875, 2.125, 7.5, 2.625], "texture": "#0"},
				"west": {"uv": [5.875, 2.125, 7.5, 2.625], "texture": "#0"},
				"up": {"uv": [5.875, 2.125, 7.5, 2.625], "texture": "#0"},
				"down": {"uv": [5.875, 2.125, 7.5, 2.625], "texture": "#0"}
			}
		},
		{
			"from": [-3, -1.2832, -15.61329],
			"to": [19.125, 1.3418, -7.22462],
			"rotation": {"angle": -45, "axis": "x", "origin": [9, 6.3418, -15.61329]},
			"faces": {
				"north": {"uv": [5.875, 2.125, 7.5, 2.625], "texture": "#0"},
				"east": {"uv": [5.875, 2.125, 7.5, 2.625], "texture": "#0"},
				"south": {"uv": [5.875, 2.125, 7.5, 2.625], "texture": "#0"},
				"west": {"uv": [5.875, 2.125, 7.5, 2.625], "texture": "#0"},
				"up": {"uv": [5.875, 2.125, 7.5, 2.625], "texture": "#0"},
				"down": {"uv": [5.875, 2.125, 7.5, 2.625], "texture": "#0"}
			}
		},
		{
			"from": [-3, 7.54687, 6.22266],
			"to": [19.125, 8.73242, 10.00781],
			"rotation": {"angle": 0, "axis": "x", "origin": [9, 13.90039, 4.38281]},
			"faces": {
				"north": {"uv": [5.875, 2.125, 7.5, 2.625], "texture": "#0"},
				"east": {"uv": [5.875, 2.125, 7.5, 2.625], "texture": "#0"},
				"south": {"uv": [5.875, 2.125, 7.5, 2.625], "texture": "#0"},
				"west": {"uv": [5.875, 2.125, 7.5, 2.625], "texture": "#0"},
				"up": {"uv": [5.875, 2.125, 7.5, 2.625], "texture": "#0"},
				"down": {"uv": [5.875, 2.125, 7.5, 2.625], "texture": "#0"}
			}
		},
		{
			"from": [-3, 5.54687, -6.15234],
			"to": [19.125, 8.73242, 6.38281],
			"rotation": {"angle": 0, "axis": "x", "origin": [9, 13.90039, 0.75781]},
			"faces": {
				"north": {"uv": [5.875, 2.125, 7.5, 2.625], "texture": "#0"},
				"east": {"uv": [5.875, 2.125, 7.5, 2.625], "texture": "#0"},
				"south": {"uv": [5.875, 2.125, 7.5, 2.625], "texture": "#0"},
				"west": {"uv": [5.875, 2.125, 7.5, 2.625], "texture": "#0"},
				"up": {"uv": [5.875, 2.125, 7.5, 2.625], "texture": "#0"},
				"down": {"uv": [5.875, 2.125, 7.5, 2.625], "texture": "#0"}
			}
		},
		{
			"from": [-1.5, 6.75, 7.625],
			"to": [0.125, 15.73242, 9.23438],
			"rotation": {"angle": 22.5, "axis": "x", "origin": [-4, 12.16016, 10.98438]},
			"faces": {
				"north": {"uv": [6, 2.125, 7.125, 2.625], "texture": "#0"},
				"east": {"uv": [6, 2.125, 7.125, 2.625], "texture": "#0"},
				"south": {"uv": [6, 2.125, 7.125, 2.625], "texture": "#0"},
				"west": {"uv": [6, 2.125, 7.125, 2.625], "texture": "#0"},
				"up": {"uv": [6, 2.125, 7.125, 2.625], "texture": "#0"},
				"down": {"uv": [6, 2.125, 7.125, 2.625], "texture": "#0"}
			}
		},
		{
			"from": [15.75, 6.75, 7.625],
			"to": [17.375, 15.73242, 9.23438],
			"rotation": {"angle": 22.5, "axis": "x", "origin": [13.25, 12.16016, 10.98438]},
			"faces": {
				"north": {"uv": [6, 2.125, 7.125, 2.625], "texture": "#0"},
				"east": {"uv": [6, 2.125, 7.125, 2.625], "texture": "#0"},
				"south": {"uv": [6, 2.125, 7.125, 2.625], "texture": "#0"},
				"west": {"uv": [6, 2.125, 7.125, 2.625], "texture": "#0"},
				"up": {"uv": [6, 2.125, 7.125, 2.625], "texture": "#0"},
				"down": {"uv": [6, 2.125, 7.125, 2.625], "texture": "#0"}
			}
		},
		{
			"from": [0, 6.875, 9.625],
			"to": [15.75, 15.23242, 9.73438],
			"rotation": {"angle": 22.5, "axis": "x", "origin": [10.625, 15.16016, 12.98438]},
			"faces": {
				"north": {"uv": [8.25, 4.75, 10.75, 5.75], "texture": "#0"},
				"east": {"uv": [13.25, 6.75, 13.5, 7.75], "texture": "#0"},
				"south": {"uv": [10.75, 4.75, 8.25, 5.75], "texture": "#0"},
				"west": {"uv": [13.25, 12, 13.5, 13], "texture": "#0"},
				"up": {"uv": [14.25, 11.75, 11.75, 11.5], "texture": "#0"},
				"down": {"uv": [2.5, 12, 0, 12.25], "texture": "#0"}
			}
		},
		{
			"from": [-1.5, 15.35156, 9.375],
			"to": [17.38672, 16.98242, 10.98438],
			"rotation": {"angle": 22.5, "axis": "x", "origin": [12, 16.41016, 12.73438]},
			"faces": {
				"north": {"uv": [6, 2.125, 7.125, 2.625], "texture": "#0"},
				"east": {"uv": [6, 2.125, 7.125, 2.625], "texture": "#0"},
				"south": {"uv": [6, 2.125, 7.125, 2.625], "texture": "#0"},
				"west": {"uv": [6, 2.125, 7.125, 2.625], "texture": "#0"},
				"up": {"uv": [6, 2.125, 7.125, 2.625], "texture": "#0"},
				"down": {"uv": [6, 2.125, 7.125, 2.625], "texture": "#0"}
			}
		},
		{
			"from": [-1.375, 0.75, 1.27148],
			"to": [18.5, 2.25, 2.77148],
			"rotation": {"angle": 0, "axis": "y", "origin": [10.5, 6.5, 9.39648]},
			"faces": {
				"north": {"uv": [12, 3.75, 11.875, 3.875], "texture": "#0"},
				"east": {"uv": [12, 3.75, 11.875, 3.875], "texture": "#0"},
				"south": {"uv": [12, 3.75, 11.875, 3.875], "texture": "#0"},
				"west": {"uv": [12, 3.75, 11.875, 3.875], "texture": "#0"},
				"up": {"uv": [12, 3.75, 11.875, 3.875], "texture": "#0"},
				"down": {"uv": [12, 3.75, 11.875, 3.875], "texture": "#0"}
			}
		},
		{
			"from": [-1.375, 0.75, 21.27148],
			"to": [18.5, 2.25, 22.77148],
			"rotation": {"angle": 0, "axis": "y", "origin": [10.5, 6.5, 29.39648]},
			"faces": {
				"north": {"uv": [12, 3.75, 11.875, 3.875], "texture": "#0"},
				"east": {"uv": [12, 3.75, 11.875, 3.875], "texture": "#0"},
				"south": {"uv": [12, 3.75, 11.875, 3.875], "texture": "#0"},
				"west": {"uv": [12, 3.75, 11.875, 3.875], "texture": "#0"},
				"up": {"uv": [12, 3.75, 11.875, 3.875], "texture": "#0"},
				"down": {"uv": [12, 3.75, 11.875, 3.875], "texture": "#0"}
			}
		},
		{
			"from": [17.68164, 8, 10.875],
			"to": [17.78164, 12.375, 20.5],
			"rotation": {"angle": 0, "axis": "y", "origin": [26.30664, 13, 22]},
			"faces": {
				"east": {"uv": [4.00006, 9.25006, 5.24994, 9.74994], "texture": "#0"},
				"west": {"uv": [4.00006, 9.25006, 5.24994, 9.74994], "texture": "#0"}
			}
		},
		{
			"from": [-1.31836, 8, 10.875],
			"to": [-1.21836, 12.375, 20.5],
			"rotation": {"angle": 0, "axis": "y", "origin": [7.30664, 13, 22]},
			"faces": {
				"east": {"uv": [4.00006, 9.25006, 5.24994, 9.74994], "texture": "#0"},
				"west": {"uv": [4.00006, 9.25006, 5.24994, 9.74994], "texture": "#0"}
			}
		},
		{
			"from": [18.43164, 0, 0.5],
			"to": [18.53164, 3, 3.5],
			"rotation": {"angle": 0, "axis": "y", "origin": [27.05664, 6, 9.5]},
			"faces": {
				"north": {"uv": [5.00012, 13.00013, 5.49988, 13.49988], "texture": "#0"},
				"east": {"uv": [5.00012, 13.00013, 5.49988, 13.49988], "texture": "#0"},
				"south": {"uv": [5.00012, 13.00013, 5.49988, 13.49988], "texture": "#0"},
				"west": {"uv": [5.00012, 13.00013, 5.49988, 13.49988], "texture": "#0"},
				"up": {"uv": [5.00012, 13.00013, 5.49988, 13.49988], "texture": "#0"},
				"down": {"uv": [5.00012, 13.00013, 5.49988, 13.49988], "texture": "#0"}
			}
		},
		{
			"from": [18.43164, 0, 20.5],
			"to": [18.53164, 3, 23.5],
			"rotation": {"angle": 0, "axis": "y", "origin": [27.05664, 6, 29.5]},
			"faces": {
				"north": {"uv": [5.00012, 13.00013, 5.49988, 13.49988], "texture": "#0"},
				"east": {"uv": [5.00012, 13.00013, 5.49988, 13.49988], "texture": "#0"},
				"south": {"uv": [5.00012, 13.00013, 5.49988, 13.49988], "texture": "#0"},
				"west": {"uv": [5.00012, 13.00013, 5.49988, 13.49988], "texture": "#0"},
				"up": {"uv": [5.00012, 13.00013, 5.49988, 13.49988], "texture": "#0"},
				"down": {"uv": [5.00012, 13.00013, 5.49988, 13.49988], "texture": "#0"}
			}
		},
		{
			"from": [-1.56836, 0, 0.5],
			"to": [-1.46836, 3, 3.5],
			"rotation": {"angle": 0, "axis": "y", "origin": [7.05664, 6, 9.5]},
			"faces": {
				"north": {"uv": [5.00012, 13.00013, 5.49988, 13.49988], "texture": "#0"},
				"east": {"uv": [5.00012, 13.00013, 5.49988, 13.49988], "texture": "#0"},
				"south": {"uv": [5.00012, 13.00013, 5.49988, 13.49988], "texture": "#0"},
				"west": {"uv": [5.00012, 13.00013, 5.49988, 13.49988], "texture": "#0"},
				"up": {"uv": [5.00012, 13.00013, 5.49988, 13.49988], "texture": "#0"},
				"down": {"uv": [5.00012, 13.00013, 5.49988, 13.49988], "texture": "#0"}
			}
		},
		{
			"from": [-1.56836, 0, 20.5],
			"to": [-1.46836, 3, 23.5],
			"rotation": {"angle": 0, "axis": "y", "origin": [7.05664, 6, 29.5]},
			"faces": {
				"north": {"uv": [5.00012, 13.00013, 5.49988, 13.49988], "texture": "#0"},
				"east": {"uv": [5.00012, 13.00013, 5.49988, 13.49988], "texture": "#0"},
				"south": {"uv": [5.00012, 13.00013, 5.49988, 13.49988], "texture": "#0"},
				"west": {"uv": [5.00012, 13.00013, 5.49988, 13.49988], "texture": "#0"},
				"up": {"uv": [5.00012, 13.00013, 5.49988, 13.49988], "texture": "#0"},
				"down": {"uv": [5.00012, 13.00013, 5.49988, 13.49988], "texture": "#0"}
			}
		},
		{
			"from": [16.875, -2, 3.5],
			"to": [19, 5, 5.5],
			"rotation": {"angle": 0, "axis": "y", "origin": [27, 8, 11.5]},
			"faces": {
				"north": {"uv": [6.5, 13.125, 6.75, 13.875], "texture": "#0"},
				"east": {"uv": [6.5, 13.125, 6.75, 13.875], "texture": "#0"},
				"south": {"uv": [6.5, 13.125, 6.75, 13.875], "texture": "#0"},
				"west": {"uv": [6.5, 13.125, 6.75, 13.875], "texture": "#0"},
				"up": {"uv": [6.5, 13.125, 6.75, 13.875], "texture": "#0"},
				"down": {"uv": [6.5, 13.125, 6.75, 13.875], "texture": "#0"}
			}
		},
		{
			"from": [16.875, -2, 23.5],
			"to": [19, 5, 25.5],
			"rotation": {"angle": 0, "axis": "y", "origin": [27, 8, 31.5]},
			"faces": {
				"north": {"uv": [6.5, 13.125, 6.75, 13.875], "texture": "#0"},
				"east": {"uv": [6.5, 13.125, 6.75, 13.875], "texture": "#0"},
				"south": {"uv": [6.5, 13.125, 6.75, 13.875], "texture": "#0"},
				"west": {"uv": [6.5, 13.125, 6.75, 13.875], "texture": "#0"},
				"up": {"uv": [6.5, 13.125, 6.75, 13.875], "texture": "#0"},
				"down": {"uv": [6.5, 13.125, 6.75, 13.875], "texture": "#0"}
			}
		},
		{
			"from": [-3.125, -2, 3.5],
			"to": [-1, 5, 5.5],
			"rotation": {"angle": 0, "axis": "y", "origin": [7, 8, 11.5]},
			"faces": {
				"north": {"uv": [6.5, 13.125, 6.75, 13.875], "texture": "#0"},
				"east": {"uv": [6.5, 13.125, 6.75, 13.875], "texture": "#0"},
				"south": {"uv": [6.5, 13.125, 6.75, 13.875], "texture": "#0"},
				"west": {"uv": [6.5, 13.125, 6.75, 13.875], "texture": "#0"},
				"up": {"uv": [6.5, 13.125, 6.75, 13.875], "texture": "#0"},
				"down": {"uv": [6.5, 13.125, 6.75, 13.875], "texture": "#0"}
			}
		},
		{
			"from": [-3.125, -2, 23.5],
			"to": [-1, 5, 25.5],
			"rotation": {"angle": 0, "axis": "y", "origin": [7, 8, 31.5]},
			"faces": {
				"north": {"uv": [6.5, 13.125, 6.75, 13.875], "texture": "#0"},
				"east": {"uv": [6.5, 13.125, 6.75, 13.875], "texture": "#0"},
				"south": {"uv": [6.5, 13.125, 6.75, 13.875], "texture": "#0"},
				"west": {"uv": [6.5, 13.125, 6.75, 13.875], "texture": "#0"},
				"up": {"uv": [6.5, 13.125, 6.75, 13.875], "texture": "#0"},
				"down": {"uv": [6.5, 13.125, 6.75, 13.875], "texture": "#0"}
			}
		},
		{
			"from": [16.875, -2, -1.5],
			"to": [19, 5, 0.5],
			"rotation": {"angle": 0, "axis": "y", "origin": [27, 8, 6.5]},
			"faces": {
				"north": {"uv": [6.5, 13.125, 6.75, 13.875], "texture": "#0"},
				"east": {"uv": [6.5, 13.125, 6.75, 13.875], "texture": "#0"},
				"south": {"uv": [6.5, 13.125, 6.75, 13.875], "texture": "#0"},
				"west": {"uv": [6.5, 13.125, 6.75, 13.875], "texture": "#0"},
				"up": {"uv": [6.5, 13.125, 6.75, 13.875], "texture": "#0"},
				"down": {"uv": [6.5, 13.125, 6.75, 13.875], "texture": "#0"}
			}
		},
		{
			"from": [16.875, -2, 18.5],
			"to": [19, 5, 20.5],
			"rotation": {"angle": 0, "axis": "y", "origin": [27, 8, 26.5]},
			"faces": {
				"north": {"uv": [6.5, 13.125, 6.75, 13.875], "texture": "#0"},
				"east": {"uv": [6.5, 13.125, 6.75, 13.875], "texture": "#0"},
				"south": {"uv": [6.5, 13.125, 6.75, 13.875], "texture": "#0"},
				"west": {"uv": [6.5, 13.125, 6.75, 13.875], "texture": "#0"},
				"up": {"uv": [6.5, 13.125, 6.75, 13.875], "texture": "#0"},
				"down": {"uv": [6.5, 13.125, 6.75, 13.875], "texture": "#0"}
			}
		},
		{
			"from": [-3.125, -2, -1.5],
			"to": [-1, 5, 0.5],
			"rotation": {"angle": 0, "axis": "y", "origin": [7, 8, 6.5]},
			"faces": {
				"north": {"uv": [6.5, 13.125, 6.75, 13.875], "texture": "#0"},
				"east": {"uv": [6.5, 13.125, 6.75, 13.875], "texture": "#0"},
				"south": {"uv": [6.5, 13.125, 6.75, 13.875], "texture": "#0"},
				"west": {"uv": [6.5, 13.125, 6.75, 13.875], "texture": "#0"},
				"up": {"uv": [6.5, 13.125, 6.75, 13.875], "texture": "#0"},
				"down": {"uv": [6.5, 13.125, 6.75, 13.875], "texture": "#0"}
			}
		},
		{
			"from": [-3.125, -2, 18.5],
			"to": [-1, 5, 20.5],
			"rotation": {"angle": 0, "axis": "y", "origin": [7, 8, 26.5]},
			"faces": {
				"north": {"uv": [6.5, 13.125, 6.75, 13.875], "texture": "#0"},
				"east": {"uv": [6.5, 13.125, 6.75, 13.875], "texture": "#0"},
				"south": {"uv": [6.5, 13.125, 6.75, 13.875], "texture": "#0"},
				"west": {"uv": [6.5, 13.125, 6.75, 13.875], "texture": "#0"},
				"up": {"uv": [6.5, 13.125, 6.75, 13.875], "texture": "#0"},
				"down": {"uv": [6.5, 13.125, 6.75, 13.875], "texture": "#0"}
			}
		},
		{
			"from": [16.875, 3, 0.5],
			"to": [19, 5, 3.5],
			"rotation": {"angle": 0, "axis": "y", "origin": [27, 8, 9.5]},
			"faces": {
				"north": {"uv": [6.5, 13.125, 6.75, 13.875], "texture": "#0"},
				"east": {"uv": [6.5, 13.125, 6.75, 13.875], "texture": "#0"},
				"south": {"uv": [6.5, 13.125, 6.75, 13.875], "texture": "#0"},
				"west": {"uv": [6.5, 13.125, 6.75, 13.875], "texture": "#0"},
				"up": {"uv": [6.5, 13.125, 6.75, 13.875], "texture": "#0"},
				"down": {"uv": [6.5, 13.125, 6.75, 13.875], "texture": "#0"}
			}
		},
		{
			"from": [16.875, 3, 20.5],
			"to": [19, 5, 23.5],
			"rotation": {"angle": 0, "axis": "y", "origin": [27, 8, 29.5]},
			"faces": {
				"north": {"uv": [6.5, 13.125, 6.75, 13.875], "texture": "#0"},
				"east": {"uv": [6.5, 13.125, 6.75, 13.875], "texture": "#0"},
				"south": {"uv": [6.5, 13.125, 6.75, 13.875], "texture": "#0"},
				"west": {"uv": [6.5, 13.125, 6.75, 13.875], "texture": "#0"},
				"up": {"uv": [6.5, 13.125, 6.75, 13.875], "texture": "#0"},
				"down": {"uv": [6.5, 13.125, 6.75, 13.875], "texture": "#0"}
			}
		},
		{
			"from": [-3.125, 3, 0.5],
			"to": [-1, 5, 3.5],
			"rotation": {"angle": 0, "axis": "y", "origin": [7, 8, 9.5]},
			"faces": {
				"north": {"uv": [6.5, 13.125, 6.75, 13.875], "texture": "#0"},
				"east": {"uv": [6.5, 13.125, 6.75, 13.875], "texture": "#0"},
				"south": {"uv": [6.5, 13.125, 6.75, 13.875], "texture": "#0"},
				"west": {"uv": [6.5, 13.125, 6.75, 13.875], "texture": "#0"},
				"up": {"uv": [6.5, 13.125, 6.75, 13.875], "texture": "#0"},
				"down": {"uv": [6.5, 13.125, 6.75, 13.875], "texture": "#0"}
			}
		},
		{
			"from": [-3.125, 3, 20.5],
			"to": [-1, 5, 23.5],
			"rotation": {"angle": 0, "axis": "y", "origin": [7, 8, 29.5]},
			"faces": {
				"north": {"uv": [6.5, 13.125, 6.75, 13.875], "texture": "#0"},
				"east": {"uv": [6.5, 13.125, 6.75, 13.875], "texture": "#0"},
				"south": {"uv": [6.5, 13.125, 6.75, 13.875], "texture": "#0"},
				"west": {"uv": [6.5, 13.125, 6.75, 13.875], "texture": "#0"},
				"up": {"uv": [6.5, 13.125, 6.75, 13.875], "texture": "#0"},
				"down": {"uv": [6.5, 13.125, 6.75, 13.875], "texture": "#0"}
			}
		},
		{
			"from": [16.875, -2, 0.5],
			"to": [19, 0, 3.5],
			"rotation": {"angle": 0, "axis": "y", "origin": [27, 3, 9.5]},
			"faces": {
				"north": {"uv": [6.5, 13.125, 6.75, 13.875], "texture": "#0"},
				"east": {"uv": [6.5, 13.125, 6.75, 13.875], "texture": "#0"},
				"south": {"uv": [6.5, 13.125, 6.75, 13.875], "texture": "#0"},
				"west": {"uv": [6.5, 13.125, 6.75, 13.875], "texture": "#0"},
				"up": {"uv": [6.5, 13.125, 6.75, 13.875], "texture": "#0"},
				"down": {"uv": [6.5, 13.125, 6.75, 13.875], "texture": "#0"}
			}
		},
		{
			"from": [16.875, -2, 20.5],
			"to": [19, 0, 23.5],
			"rotation": {"angle": 0, "axis": "y", "origin": [27, 3, 29.5]},
			"faces": {
				"north": {"uv": [6.5, 13.125, 6.75, 13.875], "texture": "#0"},
				"east": {"uv": [6.5, 13.125, 6.75, 13.875], "texture": "#0"},
				"south": {"uv": [6.5, 13.125, 6.75, 13.875], "texture": "#0"},
				"west": {"uv": [6.5, 13.125, 6.75, 13.875], "texture": "#0"},
				"up": {"uv": [6.5, 13.125, 6.75, 13.875], "texture": "#0"},
				"down": {"uv": [6.5, 13.125, 6.75, 13.875], "texture": "#0"}
			}
		},
		{
			"from": [-3.125, -2, 0.5],
			"to": [-1, 0, 3.5],
			"rotation": {"angle": 0, "axis": "y", "origin": [7, 3, 9.5]},
			"faces": {
				"north": {"uv": [6.5, 13.125, 6.75, 13.875], "texture": "#0"},
				"east": {"uv": [6.5, 13.125, 6.75, 13.875], "texture": "#0"},
				"south": {"uv": [6.5, 13.125, 6.75, 13.875], "texture": "#0"},
				"west": {"uv": [6.5, 13.125, 6.75, 13.875], "texture": "#0"},
				"up": {"uv": [6.5, 13.125, 6.75, 13.875], "texture": "#0"},
				"down": {"uv": [6.5, 13.125, 6.75, 13.875], "texture": "#0"}
			}
		},
		{
			"from": [-3.125, -2, 20.5],
			"to": [-1, 0, 23.5],
			"rotation": {"angle": 0, "axis": "y", "origin": [7, 3, 29.5]},
			"faces": {
				"north": {"uv": [6.5, 13.125, 6.75, 13.875], "texture": "#0"},
				"east": {"uv": [6.5, 13.125, 6.75, 13.875], "texture": "#0"},
				"south": {"uv": [6.5, 13.125, 6.75, 13.875], "texture": "#0"},
				"west": {"uv": [6.5, 13.125, 6.75, 13.875], "texture": "#0"},
				"up": {"uv": [6.5, 13.125, 6.75, 13.875], "texture": "#0"},
				"down": {"uv": [6.5, 13.125, 6.75, 13.875], "texture": "#0"}
			}
		},
		{
			"from": [0.5, 9.36719, 11.25],
			"to": [6.125, 14.625, 11.25],
			"rotation": {"angle": -22.5, "axis": "x", "origin": [9.125, 16.86719, 17.75]},
			"faces": {
				"north": {"uv": [11.125, 1.125, 12, 2], "texture": "#0"},
				"east": {"uv": [11.125, 1.125, 12, 2], "texture": "#0"},
				"south": {"uv": [11.125, 1.125, 12, 2], "texture": "#0"},
				"west": {"uv": [11.125, 1.125, 12, 2], "texture": "#0"},
				"up": {"uv": [11.125, 1.125, 12, 2], "texture": "#0"},
				"down": {"uv": [11.125, 1.125, 12, 2], "texture": "#0"}
			}
		},
		{
			"from": [2.72461, 11.38281, 4.625],
			"to": [3.88672, 12.58789, 10.57422],
			"rotation": {"angle": -22.5, "axis": "x", "origin": [10.59961, 18.58594, 17.625]},
			"faces": {
				"north": {"uv": [11, 2, 11.25, 2.25], "texture": "#0"},
				"east": {"uv": [11, 2, 11.25, 2.25], "texture": "#0"},
				"south": {"uv": [11, 2, 11.25, 2.25], "texture": "#0"},
				"west": {"uv": [11, 2, 11.25, 2.25], "texture": "#0"},
				"up": {"uv": [11, 2, 11.25, 2.25], "texture": "#0"},
				"down": {"uv": [11, 2, 11.25, 2.25], "texture": "#0"}
			}
		},
		{
			"from": [0.25, 3, 17.66211],
			"to": [15.25, 6.35742, 24.14649],
			"rotation": {"angle": 0, "axis": "x", "origin": [3.875, 9.16016, 21.89649]},
			"faces": {
				"north": {"uv": [12.5, 0.375, 11.5, 0.125], "texture": "#0"},
				"east": {"uv": [12.5, 0.375, 11.5, 0.125], "texture": "#0"},
				"south": {"uv": [12.5, 0.375, 11.5, 0.125], "texture": "#0"},
				"west": {"uv": [12.5, 0.375, 11.5, 0.125], "texture": "#0"},
				"up": {"uv": [12.5, 0.375, 11.5, 0.125], "texture": "#0"},
				"down": {"uv": [12.5, 0.375, 11.5, 0.125], "texture": "#0"}
			}
		},
		{
			"from": [3.1875, 3.42188, 30.97656],
			"to": [12.8125, 6.39063, 31.13281],
			"rotation": {"angle": 0, "axis": "y", "origin": [12.0625, 10.39063, 38.97656]},
			"faces": {
				"north": {"uv": [0, 0, 0.25, 0.25], "texture": "#missing"},
				"east": {"uv": [0, 0, 0.25, 0.25], "texture": "#missing"},
				"south": {"uv": [0.75, 14.25, 8.75, 16], "texture": "#0"},
				"west": {"uv": [0, 0, 0.25, 0.25], "texture": "#missing"},
				"up": {"uv": [0, 0, 0.25, 0.25], "texture": "#missing"},
				"down": {"uv": [0, 0, 0.25, 0.25], "texture": "#missing"}
			}
		}
	],
	"display": {
		"head": {
			"translation": [19.5, 11.25, -53.25],
			"scale": [4, 4, 4]
		}
	},
	"groups": [0, 1, 2, 3, 4, 5, 6, 7, 8, 9, 10, 11, 12, 13, 14, 15, 16, 17, 18, 19, 20, 21,
		{
			"name": "group",
			"origin": [21, 8, 26],
			"children": [22, 23, 24, 25, 26, 27, 28, 29, 30, 31, 32, 33, 34, 35, 36, 37, 38, 39, 40, 41, 42, 43, 44, 45]
		},
		{
			"name": "покрашено",
			"origin": [8.625, 10.16016, 14.52149],
			"children": [46, 47, 48]
		}, 49]
}