{
	"credit": "quiktori",
	"textures": {
		"0": "items/gold_block",
		"particle": "items/gold_block"
	},
	"elements": [
		{
			"from": [-16, -16, -16],
			"to": [32, 32, 32],
			"faces": {
				"north": {"uv": [0, 0, 16, 16], "texture": "#0"},
				"east": {"uv": [0, 0, 16, 16], "texture": "#0"},
				"south": {"uv": [0, 0, 16, 16], "texture": "#0"},
				"west": {"uv": [0, 0, 16, 16], "texture": "#0"},
				"up": {"uv": [0, 0, 16, 16], "texture": "#0"},
				"down": {"uv": [0, 0, 16, 16], "texture": "#0"}
			}
		}
	],
	"display": {
		"thirdperson_righthand": {
			"scale": [4, 4, 4]
		},
		"thirdperson_lefthand": {
			"translation": [-76.5, 0, 80],
			"scale": [4, 4, 4]
		},
		"firstperson_righthand": {
			"scale": [4, 4, 4]
		},
		"firstperson_lefthand": {
			"scale": [4, 4, 4]
		},
		"ground": {
			"translation": [0, 80, 0],
			"scale": [4, 4, 4]
		},
		"gui": {
			"rotation": [0, 57, 0],
			"translation": [0.25, 0, 0],
			"scale": [0.21, 0.24, 0.22]
		},
		"head": {
			"scale": [4, 4, 4]
		},
		"fixed": {
			"scale": [4, 4, 4]
		}
	}
}