{
	"credit": "quiktori",
	"texture_size": [128, 128],
	"textures": {
		"3": "items/items/car1"
	},
	"elements": [
		{
			"from": [-3.125, -2, -1.5],
			"to": [-1, 5, 0.5],
			"rotation": {"angle": 0, "axis": "y", "origin": [7, 8, 6.5]},
			"faces": {
				"north": {"uv": [0.75, 10.75, 1, 11.625], "texture": "#3"},
				"east": {"uv": [1, 10.75, 1.25, 11.625], "texture": "#3"},
				"south": {"uv": [7.25, 10.75, 7.5, 11.625], "texture": "#3"},
				"west": {"uv": [7.5, 10.75, 7.75, 11.625], "texture": "#3"},
				"up": {"uv": [2.625, 11.75, 2.375, 11.5], "texture": "#3"},
				"down": {"uv": [2.875, 11.5, 2.625, 11.75], "texture": "#3"}
			}
		},
		{
			"from": [-3.125, -2, 3.5],
			"to": [-1, 5, 5.5],
			"rotation": {"angle": 0, "axis": "y", "origin": [7, 8, 11.5]},
			"faces": {
				"north": {"uv": [10.125, 10.375, 10.375, 11.25], "texture": "#3"},
				"east": {"uv": [10.375, 10.375, 10.625, 11.25], "texture": "#3"},
				"south": {"uv": [1.5, 10.5, 1.75, 11.375], "texture": "#3"},
				"west": {"uv": [1.75, 10.5, 2, 11.375], "texture": "#3"},
				"up": {"uv": [11.625, 7.25, 11.375, 7], "texture": "#3"},
				"down": {"uv": [11.625, 8, 11.375, 8.25], "texture": "#3"}
			}
		},
		{
			"from": [-2.44336, 0, 0.5],
			"to": [-2.34336, 3, 3.5],
			"rotation": {"angle": 0, "axis": "y", "origin": [6.18164, 6, 9.5]},
			"faces": {
				"north": {"uv": [10.875, 1.25, 11.25, 1.625], "texture": "#3"},
				"east": {"uv": [10.875, 1.25, 11.25, 1.625], "texture": "#3"},
				"south": {"uv": [10.875, 1.25, 11.25, 1.625], "texture": "#3"},
				"west": {"uv": [10.875, 1.25, 11.25, 1.625], "texture": "#3"},
				"up": {"uv": [10.875, 1.25, 11.25, 1.625], "texture": "#3"},
				"down": {"uv": [10.875, 1.25, 11.25, 1.625], "texture": "#3"}
			}
		},
		{
			"from": [-3.125, -2, 18.5],
			"to": [-1, 5, 20.5],
			"rotation": {"angle": 0, "axis": "y", "origin": [7, 8, 26.5]},
			"faces": {
				"north": {"uv": [10.75, 2.25, 11, 3.125], "texture": "#3"},
				"east": {"uv": [4.75, 10.875, 5, 11.75], "texture": "#3"},
				"south": {"uv": [5, 10.875, 5.25, 11.75], "texture": "#3"},
				"west": {"uv": [5.25, 10.875, 5.5, 11.75], "texture": "#3"},
				"up": {"uv": [3.125, 11.75, 2.875, 11.5], "texture": "#3"},
				"down": {"uv": [3.375, 11.5, 3.125, 11.75], "texture": "#3"}
			}
		},
		{
			"from": [-2.69336, 0, 20.5],
			"to": [-2.59336, 3, 23.5],
			"rotation": {"angle": 0, "axis": "y", "origin": [5.93164, 6, 29.5]},
			"faces": {
				"north": {"uv": [10.875, 1.25, 11.25, 1.625], "texture": "#3"},
				"east": {"uv": [10.875, 1.25, 11.25, 1.625], "texture": "#3"},
				"south": {"uv": [10.875, 1.25, 11.25, 1.625], "texture": "#3"},
				"west": {"uv": [10.875, 1.25, 11.25, 1.625], "texture": "#3"},
				"up": {"uv": [10.875, 1.25, 11.25, 1.625], "texture": "#3"},
				"down": {"uv": [10.875, 1.25, 11.25, 1.625], "texture": "#3"}
			}
		},
		{
			"from": [-3.125, -2, 23.5],
			"to": [-1, 5, 25.5],
			"rotation": {"angle": 0, "axis": "y", "origin": [7, 8, 31.5]},
			"faces": {
				"north": {"uv": [10.5, 2.25, 10.75, 3.125], "texture": "#3"},
				"east": {"uv": [2, 10.625, 2.25, 11.5], "texture": "#3"},
				"south": {"uv": [2.25, 10.625, 2.5, 11.5], "texture": "#3"},
				"west": {"uv": [2.5, 10.625, 2.75, 11.5], "texture": "#3"},
				"up": {"uv": [11.625, 8.5, 11.375, 8.25], "texture": "#3"},
				"down": {"uv": [11.625, 8.5, 11.375, 8.75], "texture": "#3"}
			}
		},
		{
			"from": [16.875, -2, 18.5],
			"to": [19, 5, 20.5],
			"rotation": {"angle": 0, "axis": "y", "origin": [27, 8, 26.5]},
			"faces": {
				"north": {"uv": [10.625, 1, 10.875, 1.875], "texture": "#3"},
				"east": {"uv": [0, 10.75, 0.25, 11.625], "texture": "#3"},
				"south": {"uv": [0.25, 10.75, 0.5, 11.625], "texture": "#3"},
				"west": {"uv": [0.5, 10.75, 0.75, 11.625], "texture": "#3"},
				"up": {"uv": [2.125, 11.75, 1.875, 11.5], "texture": "#3"},
				"down": {"uv": [2.375, 11.5, 2.125, 11.75], "texture": "#3"}
			}
		},
		{
			"from": [16.875, -2, 23.5],
			"to": [19, 5, 25.5],
			"rotation": {"angle": 0, "axis": "y", "origin": [27, 8, 31.5]},
			"faces": {
				"north": {"uv": [9.125, 10.375, 9.375, 11.25], "texture": "#3"},
				"east": {"uv": [9.375, 10.375, 9.625, 11.25], "texture": "#3"},
				"south": {"uv": [9.625, 10.375, 9.875, 11.25], "texture": "#3"},
				"west": {"uv": [9.875, 10.375, 10.125, 11.25], "texture": "#3"},
				"up": {"uv": [11.625, 5.25, 11.375, 5], "texture": "#3"},
				"down": {"uv": [11.625, 6.75, 11.375, 7], "texture": "#3"}
			}
		},
		{
			"from": [16.875, -2, -1.5],
			"to": [19, 5, 0.5],
			"rotation": {"angle": 0, "axis": "y", "origin": [27, 8, 6.5]},
			"faces": {
				"north": {"uv": [2.75, 10.625, 3, 11.5], "texture": "#3"},
				"east": {"uv": [3, 10.625, 3.25, 11.5], "texture": "#3"},
				"south": {"uv": [3.25, 10.625, 3.5, 11.5], "texture": "#3"},
				"west": {"uv": [10.625, 10.625, 10.875, 11.5], "texture": "#3"},
				"up": {"uv": [11.625, 9, 11.375, 8.75], "texture": "#3"},
				"down": {"uv": [11.625, 10.25, 11.375, 10.5], "texture": "#3"}
			}
		},
		{
			"from": [16.875, -2, 3.5],
			"to": [19, 5, 5.5],
			"rotation": {"angle": 0, "axis": "y", "origin": [27, 8, 11.5]},
			"faces": {
				"north": {"uv": [1.25, 10.375, 1.5, 11.25], "texture": "#3"},
				"east": {"uv": [7.875, 10.375, 8.125, 11.25], "texture": "#3"},
				"south": {"uv": [8.625, 10.375, 8.875, 11.25], "texture": "#3"},
				"west": {"uv": [8.875, 10.375, 9.125, 11.25], "texture": "#3"},
				"up": {"uv": [11.625, 2.75, 11.375, 2.5], "texture": "#3"},
				"down": {"uv": [11.625, 2.75, 11.375, 3], "texture": "#3"}
			}
		},
		{
			"from": [-1.375, 1.29297, 21.27148],
			"to": [18.5, 2.79297, 22.77148],
			"rotation": {"angle": 0, "axis": "y", "origin": [10.5, 7.04297, 29.39648]},
			"faces": {
				"north": {"uv": [8.75, 0, 11.25, 0.25], "texture": "#3"},
				"east": {"uv": [4.5, 11.375, 4.75, 11.625], "texture": "#3"},
				"south": {"uv": [8.75, 0.25, 11.25, 0.5], "texture": "#3"},
				"west": {"uv": [11.375, 2.25, 11.625, 2.5], "texture": "#3"},
				"up": {"uv": [11.25, 0.75, 8.75, 0.5], "texture": "#3"},
				"down": {"uv": [11.25, 2, 8.75, 2.25], "texture": "#3"}
			}
		},
		{
			"from": [-1.375, 1.29297, 1.27148],
			"to": [18.5, 2.79297, 2.77148],
			"rotation": {"angle": 0, "axis": "y", "origin": [10.5, 7.04297, 9.39648]},
			"faces": {
				"north": {"uv": [8.375, 5.5, 10.875, 5.75], "texture": "#3"},
				"east": {"uv": [11.25, 10.625, 11.5, 10.875], "texture": "#3"},
				"south": {"uv": [8.375, 5.75, 10.875, 6], "texture": "#3"},
				"west": {"uv": [4.25, 11.375, 4.5, 11.625], "texture": "#3"},
				"up": {"uv": [4.5, 8.75, 2, 8.5], "texture": "#3"},
				"down": {"uv": [4.5, 8.75, 2, 9], "texture": "#3"}
			}
		},
		{
			"from": [18.43164, 0, 20.5],
			"to": [18.53164, 3, 23.5],
			"rotation": {"angle": 0, "axis": "y", "origin": [27.05664, 6, 29.5]},
			"faces": {
				"north": {"uv": [10.875, 1.25, 11.25, 1.625], "texture": "#3"},
				"east": {"uv": [10.875, 1.25, 11.25, 1.625], "texture": "#3"},
				"south": {"uv": [10.875, 1.25, 11.25, 1.625], "texture": "#3"},
				"west": {"uv": [10.875, 1.25, 11.25, 1.625], "texture": "#3"},
				"up": {"uv": [10.875, 1.25, 11.25, 1.625], "texture": "#3"},
				"down": {"uv": [10.875, 1.25, 11.25, 1.625], "texture": "#3"}
			}
		},
		{
			"from": [18.43164, 0, 0.5],
			"to": [18.53164, 3, 3.5],
			"rotation": {"angle": 0, "axis": "y", "origin": [27.05664, 6, 9.5]},
			"faces": {
				"north": {"uv": [10.875, 1.25, 11.25, 1.625], "texture": "#3"},
				"east": {"uv": [10.875, 1.25, 11.25, 1.625], "texture": "#3"},
				"south": {"uv": [10.875, 1.25, 11.25, 1.625], "texture": "#3"},
				"west": {"uv": [10.875, 1.25, 11.25, 1.625], "texture": "#3"},
				"up": {"uv": [10.875, 1.25, 11.25, 1.625], "texture": "#3"},
				"down": {"uv": [10.875, 1.25, 11.25, 1.625], "texture": "#3"}
			}
		},
		{
			"from": [16.875, 3, 20.5],
			"to": [19, 5, 23.5],
			"rotation": {"angle": 0, "axis": "y", "origin": [27, 8, 29.5]},
			"faces": {
				"north": {"uv": [9.125, 11.5, 9.375, 11.75], "texture": "#3"},
				"east": {"uv": [11.125, 0.75, 11.5, 1], "texture": "#3"},
				"south": {"uv": [9.875, 11.5, 10.125, 11.75], "texture": "#3"},
				"west": {"uv": [11.125, 3.75, 11.5, 4], "texture": "#3"},
				"up": {"uv": [6.5, 11.625, 6.25, 11.25], "texture": "#3"},
				"down": {"uv": [8.125, 11.25, 7.875, 11.625], "texture": "#3"}
			}
		},
		{
			"from": [16.875, -2, 20.5],
			"to": [19, 0, 23.5],
			"rotation": {"angle": 0, "axis": "y", "origin": [27, 3, 29.5]},
			"faces": {
				"north": {"uv": [11.5, 1, 11.75, 1.25], "texture": "#3"},
				"east": {"uv": [11.25, 0.375, 11.625, 0.625], "texture": "#3"},
				"south": {"uv": [11.5, 1.5, 11.75, 1.75], "texture": "#3"},
				"west": {"uv": [11.25, 1.25, 11.625, 1.5], "texture": "#3"},
				"up": {"uv": [11.5, 1.875, 11.25, 1.5], "texture": "#3"},
				"down": {"uv": [11.5, 1.875, 11.25, 2.25], "texture": "#3"}
			}
		},
		{
			"from": [-3.125, 3, 20.5],
			"to": [-1, 5, 23.5],
			"rotation": {"angle": 0, "axis": "y", "origin": [7, 8, 29.5]},
			"faces": {
				"north": {"uv": [10.625, 11.5, 10.875, 11.75], "texture": "#3"},
				"east": {"uv": [8.625, 11.25, 9, 11.5], "texture": "#3"},
				"south": {"uv": [11.5, 11.5, 11.75, 11.75], "texture": "#3"},
				"west": {"uv": [9, 11.25, 9.375, 11.5], "texture": "#3"},
				"up": {"uv": [9.625, 11.625, 9.375, 11.25], "texture": "#3"},
				"down": {"uv": [9.875, 11.25, 9.625, 11.625], "texture": "#3"}
			}
		},
		{
			"from": [-3.125, -2, 20.5],
			"to": [-1, 0, 23.5],
			"rotation": {"angle": 0, "axis": "y", "origin": [7, 3, 29.5]},
			"faces": {
				"north": {"uv": [11.5, 3.75, 11.75, 4], "texture": "#3"},
				"east": {"uv": [11.25, 7.5, 11.625, 7.75], "texture": "#3"},
				"south": {"uv": [11.5, 4.5, 11.75, 4.75], "texture": "#3"},
				"west": {"uv": [11.25, 7.75, 11.625, 8], "texture": "#3"},
				"up": {"uv": [11.5, 10.125, 11.25, 9.75], "texture": "#3"},
				"down": {"uv": [1.75, 11.375, 1.5, 11.75], "texture": "#3"}
			}
		},
		{
			"from": [-3.125, -2, 0.5],
			"to": [-1, 0, 3.5],
			"rotation": {"angle": 0, "axis": "y", "origin": [7, 3, 9.5]},
			"faces": {
				"north": {"uv": [11.5, 1.75, 11.75, 2], "texture": "#3"},
				"east": {"uv": [11.25, 3.25, 11.625, 3.5], "texture": "#3"},
				"south": {"uv": [11.5, 2, 11.75, 2.25], "texture": "#3"},
				"west": {"uv": [11.25, 4, 11.625, 4.25], "texture": "#3"},
				"up": {"uv": [11.5, 5.875, 11.25, 5.5], "texture": "#3"},
				"down": {"uv": [11.5, 6.25, 11.25, 6.625], "texture": "#3"}
			}
		},
		{
			"from": [-3.125, 3, 0.5],
			"to": [-1, 5, 3.5],
			"rotation": {"angle": 0, "axis": "y", "origin": [7, 8, 9.5]},
			"faces": {
				"north": {"uv": [10.125, 11.5, 10.375, 11.75], "texture": "#3"},
				"east": {"uv": [11.125, 5.25, 11.5, 5.5], "texture": "#3"},
				"south": {"uv": [10.375, 11.5, 10.625, 11.75], "texture": "#3"},
				"west": {"uv": [11.125, 7.25, 11.5, 7.5], "texture": "#3"},
				"up": {"uv": [8.375, 11.625, 8.125, 11.25], "texture": "#3"},
				"down": {"uv": [8.625, 11.25, 8.375, 11.625], "texture": "#3"}
			}
		},
		{
			"from": [16.875, -2, 0.5],
			"to": [19, 0, 3.5],
			"rotation": {"angle": 0, "axis": "y", "origin": [27, 3, 9.5]},
			"faces": {
				"north": {"uv": [11.5, 0, 11.75, 0.25], "texture": "#3"},
				"east": {"uv": [9.875, 11.25, 10.25, 11.5], "texture": "#3"},
				"south": {"uv": [11.5, 0.75, 11.75, 1], "texture": "#3"},
				"west": {"uv": [10.25, 11.25, 10.625, 11.5], "texture": "#3"},
				"up": {"uv": [11.5, 11.625, 11.25, 11.25], "texture": "#3"},
				"down": {"uv": [11.5, 0, 11.25, 0.375], "texture": "#3"}
			}
		},
		{
			"from": [16.875, 3, 0.5],
			"to": [19, 5, 3.5],
			"rotation": {"angle": 0, "axis": "y", "origin": [27, 8, 9.5]},
			"faces": {
				"north": {"uv": [8.625, 11.5, 8.875, 11.75], "texture": "#3"},
				"east": {"uv": [10.875, 10.125, 11.25, 10.375], "texture": "#3"},
				"south": {"uv": [8.875, 11.5, 9.125, 11.75], "texture": "#3"},
				"west": {"uv": [10.875, 10.625, 11.25, 10.875], "texture": "#3"},
				"up": {"uv": [6, 11.625, 5.75, 11.25], "texture": "#3"},
				"down": {"uv": [6.25, 11.25, 6, 11.625], "texture": "#3"}
			}
		},
		{
			"from": [0.25, 3, 17.66211],
			"to": [15.25, 6.35742, 24.14649],
			"rotation": {"angle": 0, "axis": "x", "origin": [3.875, 9.16016, 21.89649]},
			"faces": {
				"north": {"uv": [8.25, 6.75, 10.125, 7.125], "texture": "#3"},
				"east": {"uv": [10, 4.5, 10.75, 4.875], "texture": "#3"},
				"south": {"uv": [8.25, 7.125, 10.125, 7.5], "texture": "#3"},
				"west": {"uv": [10, 9.25, 10.75, 9.625], "texture": "#3"},
				"up": {"uv": [8.375, 6, 6.5, 5.25], "texture": "#3"},
				"down": {"uv": [1.875, 6.625, 0, 7.375], "texture": "#3"}
			}
		},
		{
			"from": [0.5, 9.36719, 11.25],
			"to": [6.125, 14.625, 11.25],
			"rotation": {"angle": -22.5, "axis": "x", "origin": [9.125, 16.86719, 17.75]},
			"faces": {
				"north": {"uv": [9.25, 4.375, 10, 5], "texture": "#3"},
				"east": {"uv": [9.25, 4.375, 10, 5], "texture": "#3"},
				"south": {"uv": [9.25, 4.375, 10, 5], "texture": "#3"},
				"west": {"uv": [9.25, 4.375, 10, 5], "texture": "#3"},
				"up": {"uv": [9.25, 4.375, 10, 5], "texture": "#3"},
				"down": {"uv": [9.25, 4.375, 10, 5], "texture": "#3"}
			}
		},
		{
			"from": [2.72461, 11.38281, 4.625],
			"to": [3.88672, 12.58789, 10.57422],
			"rotation": {"angle": -22.5, "axis": "x", "origin": [10.59961, 18.58594, 17.625]},
			"faces": {
				"north": {"uv": [4.375, 9, 4.5, 9.125], "texture": "#3"},
				"east": {"uv": [10.75, 9.5, 11.5, 9.625], "texture": "#3"},
				"south": {"uv": [8.125, 9.125, 8.25, 9.25], "texture": "#3"},
				"west": {"uv": [10.875, 5.875, 11.625, 6], "texture": "#3"},
				"up": {"uv": [10.625, 1.75, 10.5, 1], "texture": "#3"},
				"down": {"uv": [1.875, 11.375, 1.75, 12.125], "texture": "#3"}
			}
		},
		{
			"from": [17.68164, 8, 10.875],
			"to": [17.78164, 12.375, 20.5],
			"rotation": {"angle": 0, "axis": "y", "origin": [26.30664, 13, 22]},
			"faces": {
				"east": {"uv": [6.5, 8.625, 7.75, 9.125], "texture": "#3"},
				"west": {"uv": [8.75, 2.25, 10, 2.75], "texture": "#3"}
			}
		},
		{
			"from": [-1.31836, 8, 10.875],
			"to": [-1.21836, 12.375, 20.5],
			"rotation": {"angle": 0, "axis": "y", "origin": [7.30664, 13, 22]},
			"faces": {
				"east": {"uv": [8.75, 2.75, 10, 3.25], "texture": "#3"},
				"west": {"uv": [8.75, 3.25, 10, 3.75], "texture": "#3"}
			}
		},
		{
			"from": [-1.49219, 6.75, 7.60156],
			"to": [-0.86719, 15.73242, 9.21094],
			"rotation": {"angle": 22.5, "axis": "x", "origin": [-4.99219, 12.16016, 10.96094]},
			"faces": {
				"north": {"uv": [7.75, 10.75, 7.875, 11.875], "texture": "#3"},
				"east": {"uv": [5.5, 10.125, 5.75, 11.25], "texture": "#3"},
				"south": {"uv": [6.5, 11.125, 6.625, 12.25], "texture": "#3"},
				"west": {"uv": [5.75, 10.125, 6, 11.25], "texture": "#3"},
				"up": {"uv": [3.875, 11.875, 3.75, 11.625], "texture": "#3"},
				"down": {"uv": [4, 11.625, 3.875, 11.875], "texture": "#3"}
			}
		},
		{
			"from": [-1.5, 15.35156, 9.375],
			"to": [17.38672, 15.98242, 10.98438],
			"rotation": {"angle": 22.5, "axis": "x", "origin": [12, 16.41016, 12.73438]},
			"faces": {
				"north": {"uv": [9.25, 9.125, 11.625, 9.25], "texture": "#3"},
				"east": {"uv": [6.5, 8.5, 6.75, 8.625], "texture": "#3"},
				"south": {"uv": [10, 3.5, 12.375, 3.625], "texture": "#3"},
				"west": {"uv": [5.25, 9, 5.5, 9.125], "texture": "#3"},
				"up": {"uv": [11.125, 4, 8.75, 3.75], "texture": "#3"},
				"down": {"uv": [4.375, 9, 2, 9.25], "texture": "#3"}
			}
		},
		{
			"from": [-0.875, 6.875, 9.625],
			"to": [16.75, 15.23242, 9.73438],
			"rotation": {"angle": 22.5, "axis": "x", "origin": [10.625, 15.16016, 12.98438]},
			"faces": {
				"north": {"uv": [6.5, 2, 8.75, 3], "texture": "#3"},
				"east": {"uv": [7.125, 11.125, 7.25, 12.125], "texture": "#3"},
				"south": {"uv": [6.5, 3, 8.75, 4], "texture": "#3"},
				"west": {"uv": [10.875, 11.125, 11, 12.125], "texture": "#3"},
				"up": {"uv": [12.25, 3.75, 10, 3.625], "texture": "#3"},
				"down": {"uv": [12.25, 4.375, 10, 4.5], "texture": "#3"}
			}
		},
		{
			"from": [16.75, 6.75, 7.625],
			"to": [17.375, 15.73242, 9.23438],
			"rotation": {"angle": 22.5, "axis": "x", "origin": [13.25, 12.16016, 10.98438]},
			"faces": {
				"north": {"uv": [6.625, 11.125, 6.75, 12.25], "texture": "#3"},
				"east": {"uv": [6, 10.125, 6.25, 11.25], "texture": "#3"},
				"south": {"uv": [6.75, 11.125, 6.875, 12.25], "texture": "#3"},
				"west": {"uv": [6.25, 10.125, 6.5, 11.25], "texture": "#3"},
				"up": {"uv": [4.125, 11.875, 4, 11.625], "texture": "#3"},
				"down": {"uv": [4.25, 11.625, 4.125, 11.875], "texture": "#3"}
			}
		},
		{
			"from": [12.125, 4, -10.58203],
			"to": [18.25, 7.84765, -8.875],
			"rotation": {"angle": 0, "axis": "y", "origin": [8.125, 7.125, -17.375]},
			"faces": {
				"north": {"uv": [2.75, 5.625, 3.5, 6.125], "texture": "#3"},
				"east": {"uv": [3.5, 5.625, 3.75, 6.125], "texture": "#3"},
				"south": {"uv": [1.875, 6.625, 2.625, 7.125], "texture": "#3"},
				"west": {"uv": [5.25, 8.5, 5.5, 9], "texture": "#3"},
				"up": {"uv": [11.125, 8.5, 10.375, 8.25], "texture": "#3"},
				"down": {"uv": [11.125, 8.5, 10.375, 8.75], "texture": "#3"}
			}
		},
		{
			"from": [3.875, 5, -10.58203],
			"to": [12.125, 7.09765, -8.875],
			"rotation": {"angle": 0, "axis": "y", "origin": [2, 7.125, -17.375]},
			"faces": {
				"north": {"uv": [10.125, 6.75, 11.125, 7], "texture": "#3"},
				"east": {"uv": [11.5, 5.25, 11.75, 5.5], "texture": "#3"},
				"south": {"uv": [10.125, 7, 11.125, 7.25], "texture": "#3"},
				"west": {"uv": [11.5, 5.5, 11.75, 5.75], "texture": "#3"},
				"up": {"uv": [11.125, 7.5, 10.125, 7.25], "texture": "#3"},
				"down": {"uv": [11.25, 3.25, 10.25, 3.5], "texture": "#3"}
			}
		},
		{
			"from": [-2.25, 4, -10.58203],
			"to": [3.875, 7.84765, -8.875],
			"rotation": {"angle": 0, "axis": "y", "origin": [-6.25, 7.125, -17.375]},
			"faces": {
				"north": {"uv": [7.375, 9.375, 8.125, 9.875], "texture": "#3"},
				"east": {"uv": [11, 7.5, 11.25, 8], "texture": "#3"},
				"south": {"uv": [8.75, 9.625, 9.5, 10.125], "texture": "#3"},
				"west": {"uv": [11, 11.125, 11.25, 11.625], "texture": "#3"},
				"up": {"uv": [11.125, 9, 10.375, 8.75], "texture": "#3"},
				"down": {"uv": [11.25, 4, 10.5, 4.25], "texture": "#3"}
			}
		},
		{
			"from": [3.4375, 1.54688, -10.27344],
			"to": [12.4375, 3.64063, -10.11719],
			"rotation": {"angle": 0, "axis": "y", "origin": [12.3125, 8.51563, -2.27344]},
			"faces": {
				"north": {"uv": [0.75, 12.25, 13.875, 15.125], "texture": "#3"},
				"east": {"uv": [4.25, 11.625, 4.375, 11.875], "texture": "#3"},
				"south": {"uv": [9.75, 10.125, 10.875, 10.375], "texture": "#3"},
				"west": {"uv": [4.375, 11.625, 4.5, 11.875], "texture": "#3"},
				"up": {"uv": [7.625, 6.125, 6.5, 6], "texture": "#3"},
				"down": {"uv": [11.625, 3.125, 10.5, 3.25], "texture": "#3"}
			}
		},
		{
			"from": [12.125, 4.125, 29.66797],
			"to": [18.25, 7.97265, 31.375],
			"rotation": {"angle": 0, "axis": "y", "origin": [8.125, 7.25, 22.875]},
			"faces": {
				"north": {"uv": [9.5, 9.625, 10.25, 10.125], "texture": "#3"},
				"east": {"uv": [11.125, 6.75, 11.375, 7.25], "texture": "#3"},
				"south": {"uv": [0, 9.875, 0.75, 10.375], "texture": "#3"},
				"west": {"uv": [11.125, 8, 11.375, 8.5], "texture": "#3"},
				"up": {"uv": [11.375, 5.25, 10.625, 5], "texture": "#3"},
				"down": {"uv": [11.375, 10.375, 10.625, 10.625], "texture": "#3"}
			}
		},
		{
			"from": [3.4375, 1.54688, 30.97656],
			"to": [12.4375, 3.64063, 31.13281],
			"rotation": {"angle": 0, "axis": "y", "origin": [12.3125, 8.51563, 38.97656]},
			"faces": {
				"north": {"uv": [10.125, 6.25, 11.25, 6.5], "texture": "#3"},
				"east": {"uv": [4.5, 11.625, 4.625, 11.875], "texture": "#3"},
				"south": {"uv": [0.75, 12.25, 13.875, 15.125], "texture": "#3"},
				"west": {"uv": [4.625, 11.625, 4.75, 11.875], "texture": "#3"},
				"up": {"uv": [11.625, 4.375, 10.5, 4.25], "texture": "#3"},
				"down": {"uv": [11.875, 4.75, 10.75, 4.875], "texture": "#3"}
			}
		},
		{
			"from": [-2.25, 4.125, 29.66797],
			"to": [3.875, 7.97265, 31.375],
			"rotation": {"angle": 0, "axis": "y", "origin": [-6.25, 7.25, 22.875]},
			"faces": {
				"north": {"uv": [0.75, 9.875, 1.5, 10.375], "texture": "#3"},
				"east": {"uv": [11.125, 8.5, 11.375, 9], "texture": "#3"},
				"south": {"uv": [7.375, 9.875, 8.125, 10.375], "texture": "#3"},
				"west": {"uv": [1.25, 11.25, 1.5, 11.75], "texture": "#3"},
				"up": {"uv": [11.5, 4.75, 10.75, 4.5], "texture": "#3"},
				"down": {"uv": [11.5, 9.25, 10.75, 9.5], "texture": "#3"}
			}
		},
		{
			"from": [11.88867, 9.70313, 9.80273],
			"to": [16.51172, 12.32422, 10.55273],
			"rotation": {"angle": -22.5, "axis": "y", "origin": [18.88867, 13.82813, 29.30273]},
			"faces": {
				"north": {"uv": [10.25, 9.75, 10.875, 10.125], "texture": "#3"},
				"east": {"uv": [1, 11.625, 1.125, 12], "texture": "#3"},
				"south": {"uv": [0, 10.375, 0.625, 10.75], "texture": "#3"},
				"west": {"uv": [1.125, 11.625, 1.25, 12], "texture": "#3"},
				"up": {"uv": [8.25, 6.125, 7.625, 6], "texture": "#3"},
				"down": {"uv": [11.625, 3, 11, 3.125], "texture": "#3"}
			}
		},
		{
			"from": [19.07227, 2.51563, 8.76563],
			"to": [19.69531, 4.81641, 9.51563],
			"rotation": {"angle": -45, "axis": "z", "origin": [26.07227, 6.64063, 28.26563]},
			"faces": {
				"north": {"uv": [7.25, 10.125, 7.375, 10.375], "texture": "#3"},
				"east": {"uv": [11, 8, 11.125, 8.25], "texture": "#3"},
				"south": {"uv": [11.5, 7.25, 11.625, 7.5], "texture": "#3"},
				"west": {"uv": [11.5, 11.25, 11.625, 11.5], "texture": "#3"},
				"up": {"uv": [2.75, 7.125, 2.625, 7], "texture": "#3"},
				"down": {"uv": [6.875, 8.5, 6.75, 8.625], "texture": "#3"}
			}
		},
		{
			"from": [-1.50614, 10.07981, 6.62406],
			"to": [3.1169, 12.7009, 7.37406],
			"rotation": {"angle": 22.5, "axis": "y", "origin": [5.49386, 14.20481, 26.12406]},
			"faces": {
				"north": {"uv": [0.625, 10.375, 1.25, 10.75], "texture": "#3"},
				"east": {"uv": [3.5, 11.625, 3.625, 12], "texture": "#3"},
				"south": {"uv": [7.25, 10.375, 7.875, 10.75], "texture": "#3"},
				"west": {"uv": [3.625, 11.625, 3.75, 12], "texture": "#3"},
				"up": {"uv": [11.875, 0.75, 11.25, 0.625], "texture": "#3"},
				"down": {"uv": [11.875, 6.625, 11.25, 6.75], "texture": "#3"}
			}
		},
		{
			"from": [-7.85156, 12.34375, 9.125],
			"to": [-7.22852, 14.64454, 9.875],
			"rotation": {"angle": 45, "axis": "z", "origin": [-0.85156, 16.46875, 28.625]},
			"faces": {
				"north": {"uv": [5.5, 11.625, 5.625, 11.875], "texture": "#3"},
				"east": {"uv": [5.625, 11.625, 5.75, 11.875], "texture": "#3"},
				"south": {"uv": [5.75, 11.625, 5.875, 11.875], "texture": "#3"},
				"west": {"uv": [5.875, 11.625, 6, 11.875], "texture": "#3"},
				"up": {"uv": [4.375, 10.125, 4.25, 10], "texture": "#3"},
				"down": {"uv": [8.75, 10, 8.625, 10.125], "texture": "#3"}
			}
		},
		{
			"from": [-3, 0.875, 26.5],
			"to": [19.12109, 2.375, 31],
			"rotation": {"angle": 0, "axis": "y", "origin": [9, 8, 36]},
			"faces": {
				"north": {"uv": [8.25, 8, 11, 8.25], "texture": "#3"},
				"east": {"uv": [10.875, 10.875, 11.5, 11.125], "texture": "#3"},
				"south": {"uv": [8.375, 5.25, 11.125, 5.5], "texture": "#3"},
				"west": {"uv": [10.875, 1, 11.5, 1.25], "texture": "#3"},
				"up": {"uv": [9.25, 4.625, 6.5, 4], "texture": "#3"},
				"down": {"uv": [9.25, 4.625, 6.5, 5.25], "texture": "#3"}
			}
		},
		{
			"from": [0.75, 0.875, -3],
			"to": [15.37109, 2.375, 26.5],
			"rotation": {"angle": 0, "axis": "y", "origin": [9, 8, 31.5]},
			"faces": {
				"north": {"uv": [4.375, 9.125, 6.25, 9.375], "texture": "#3"},
				"east": {"uv": [7.375, 0.75, 11.125, 1], "texture": "#3"},
				"south": {"uv": [6.25, 9.125, 8.125, 9.375], "texture": "#3"},
				"west": {"uv": [8.25, 6, 12, 6.25], "texture": "#3"},
				"up": {"uv": [1.875, 3.75, 0, 0], "texture": "#3"},
				"down": {"uv": [3.75, 1.875, 1.875, 5.625], "texture": "#3"}
			}
		},
		{
			"from": [0.75, 2.3125, 28.5],
			"to": [15.375, 8.73438, 31],
			"rotation": {"angle": 0, "axis": "y", "origin": [7.75, 11.0625, 26]},
			"faces": {
				"north": {"uv": [0, 3.75, 1.875, 4.5], "texture": "#3"},
				"east": {"uv": [4.75, 10.125, 5.125, 10.875], "texture": "#3"},
				"south": {"uv": [0, 4.5, 1.875, 5.25], "texture": "#3"},
				"west": {"uv": [5.125, 10.125, 5.5, 10.875], "texture": "#3"},
				"up": {"uv": [6.5, 1.375, 4.625, 1], "texture": "#3"},
				"down": {"uv": [1.875, 5.25, 0, 5.625], "texture": "#3"}
			}
		},
		{
			"from": [15.375, 2.3125, 6.5],
			"to": [19.125, 8.73438, 17],
			"rotation": {"angle": 0, "axis": "y", "origin": [22.375, 11.0625, 26]},
			"faces": {
				"north": {"uv": [1.375, 7.375, 1.875, 8.125], "texture": "#3"},
				"east": {"uv": [6.875, 7.125, 8.25, 7.875], "texture": "#3"},
				"south": {"uv": [3.875, 9.25, 4.375, 10], "texture": "#3"},
				"west": {"uv": [0, 7.375, 1.375, 8.125], "texture": "#3"},
				"up": {"uv": [0.5, 9.875, 0, 8.5], "texture": "#3"},
				"down": {"uv": [1, 8.5, 0.5, 9.875], "texture": "#3"}
			}
		},
		{
			"from": [-3, 2.3125, 6.5],
			"to": [0.75, 8.73438, 17],
			"rotation": {"angle": 0, "axis": "y", "origin": [4, 11.0625, 26]},
			"faces": {
				"north": {"uv": [4.375, 9.375, 4.875, 10.125], "texture": "#3"},
				"east": {"uv": [7.375, 0, 8.75, 0.75], "texture": "#3"},
				"south": {"uv": [4.875, 9.375, 5.375, 10.125], "texture": "#3"},
				"west": {"uv": [6.875, 7.875, 8.25, 8.625], "texture": "#3"},
				"up": {"uv": [1.5, 9.875, 1, 8.5], "texture": "#3"},
				"down": {"uv": [2, 8.5, 1.5, 9.875], "texture": "#3"}
			}
		},
		{
			"from": [15.375, 2.3125, 26.5],
			"to": [19.125, 8.73438, 31],
			"rotation": {"angle": 0, "axis": "y", "origin": [22.375, 11.0625, 40]},
			"faces": {
				"north": {"uv": [5.375, 9.375, 5.875, 10.125], "texture": "#3"},
				"east": {"uv": [2, 9.25, 2.625, 10], "texture": "#3"},
				"south": {"uv": [5.875, 9.375, 6.375, 10.125], "texture": "#3"},
				"west": {"uv": [2.625, 9.25, 3.25, 10], "texture": "#3"},
				"up": {"uv": [2, 10.5, 1.5, 9.875], "texture": "#3"},
				"down": {"uv": [2.5, 10, 2, 10.625], "texture": "#3"}
			}
		},
		{
			"from": [-3, 2.3125, 26.5],
			"to": [0.75, 8.73438, 31],
			"rotation": {"angle": 0, "axis": "y", "origin": [4, 11.0625, 40]},
			"faces": {
				"north": {"uv": [6.375, 9.375, 6.875, 10.125], "texture": "#3"},
				"east": {"uv": [3.25, 9.25, 3.875, 10], "texture": "#3"},
				"south": {"uv": [6.875, 9.375, 7.375, 10.125], "texture": "#3"},
				"west": {"uv": [8.125, 9.25, 8.75, 10], "texture": "#3"},
				"up": {"uv": [3, 10.625, 2.5, 10], "texture": "#3"},
				"down": {"uv": [3.5, 10, 3, 10.625], "texture": "#3"}
			}
		},
		{
			"from": [15.375, 0.8125, 17],
			"to": [17.125, 8.73438, 26.5],
			"rotation": {"angle": 0, "axis": "y", "origin": [22.375, 11.0625, 40]},
			"faces": {
				"north": {"uv": [6.5, 10.125, 6.75, 11.125], "texture": "#3"},
				"east": {"uv": [1.875, 7.125, 3.125, 8.125], "texture": "#3"},
				"south": {"uv": [6.75, 10.125, 7, 11.125], "texture": "#3"},
				"west": {"uv": [3.125, 7.125, 4.375, 8.125], "texture": "#3"},
				"up": {"uv": [3.75, 11.25, 3.5, 10], "texture": "#3"},
				"down": {"uv": [4, 10, 3.75, 11.25], "texture": "#3"}
			}
		},
		{
			"from": [-1, 0.8125, 17],
			"to": [0.75, 8.73438, 26.5],
			"rotation": {"angle": 0, "axis": "y", "origin": [6, 11.0625, 40]},
			"faces": {
				"north": {"uv": [7, 10.125, 7.25, 11.125], "texture": "#3"},
				"east": {"uv": [4.375, 7.125, 5.625, 8.125], "texture": "#3"},
				"south": {"uv": [10.25, 2.25, 10.5, 3.25], "texture": "#3"},
				"west": {"uv": [5.625, 7.125, 6.875, 8.125], "texture": "#3"},
				"up": {"uv": [4.25, 11.25, 4, 10], "texture": "#3"},
				"down": {"uv": [8.375, 10, 8.125, 11.25], "texture": "#3"}
			}
		},
		{
			"from": [17.125, 5.3125, 17],
			"to": [19.125, 8.73438, 26.5],
			"rotation": {"angle": 0, "axis": "y", "origin": [24.125, 11.0625, 40]},
			"faces": {
				"north": {"uv": [3.5, 11.25, 3.75, 11.625], "texture": "#3"},
				"east": {"uv": [8.75, 9.25, 10, 9.625], "texture": "#3"},
				"south": {"uv": [3.75, 11.25, 4, 11.625], "texture": "#3"},
				"west": {"uv": [9.25, 1, 10.5, 1.375], "texture": "#3"},
				"up": {"uv": [8.625, 11.25, 8.375, 10], "texture": "#3"},
				"down": {"uv": [10.25, 2.25, 10, 3.5], "texture": "#3"}
			}
		},
		{
			"from": [-3, 5.3125, 17],
			"to": [-1, 8.73438, 26.5],
			"rotation": {"angle": 0, "axis": "y", "origin": [4, 11.0625, 40]},
			"faces": {
				"north": {"uv": [4, 11.25, 4.25, 11.625], "texture": "#3"},
				"east": {"uv": [9.25, 1.375, 10.5, 1.75], "texture": "#3"},
				"south": {"uv": [5.5, 11.25, 5.75, 11.625], "texture": "#3"},
				"west": {"uv": [9.25, 4, 10.5, 4.375], "texture": "#3"},
				"up": {"uv": [4.5, 11.375, 4.25, 10.125], "texture": "#3"},
				"down": {"uv": [4.75, 10.125, 4.5, 11.375], "texture": "#3"}
			}
		},
		{
			"from": [-3, 0.86914, 6.25],
			"to": [19.125, 8.70899, 6.5],
			"rotation": {"angle": 0, "axis": "y", "origin": [9, 11.0625, 13]},
			"faces": {
				"north": {"uv": [5.5, 6.125, 8.25, 7.125], "texture": "#3"},
				"east": {"uv": [6.875, 11.125, 7, 12.125], "texture": "#3"},
				"south": {"uv": [6.5, 1, 9.25, 2], "texture": "#3"},
				"west": {"uv": [7, 11.125, 7.125, 12.125], "texture": "#3"},
				"up": {"uv": [6.5, 3.75, 3.75, 3.625], "texture": "#3"},
				"down": {"uv": [12, 9, 9.25, 9.125], "texture": "#3"}
			}
		},
		{
			"from": [-3, 0.875, -10.08203],
			"to": [19.125, 8.72265, -2.5],
			"rotation": {"angle": 0, "axis": "y", "origin": [9, 8, -11]},
			"faces": {
				"north": {"uv": [4.625, 0, 7.375, 1], "texture": "#3"},
				"east": {"uv": [5.5, 8.125, 6.5, 9.125], "texture": "#3"},
				"south": {"uv": [3.75, 5.125, 6.5, 6.125], "texture": "#3"},
				"west": {"uv": [8.25, 8.25, 9.25, 9.25], "texture": "#3"},
				"up": {"uv": [2.75, 6.625, 0, 5.625], "texture": "#3"},
				"down": {"uv": [5.5, 6.125, 2.75, 7.125], "texture": "#3"}
			}
		},
		{
			"from": [0.625, 7.54687, 6.22266],
			"to": [15.5, 8.73242, 10.00781],
			"rotation": {"angle": 0, "axis": "x", "origin": [9, 13.90039, 4.38281]},
			"faces": {
				"north": {"uv": [10, 4.875, 11.875, 5], "texture": "#3"},
				"east": {"uv": [7.75, 9, 8.25, 9.125], "texture": "#3"},
				"south": {"uv": [10.25, 9.625, 12.125, 9.75], "texture": "#3"},
				"west": {"uv": [11.25, 10.125, 11.75, 10.25], "texture": "#3"},
				"up": {"uv": [3.75, 1.875, 1.875, 1.375], "texture": "#3"},
				"down": {"uv": [10.125, 6.25, 8.25, 6.75], "texture": "#3"}
			}
		},
		{
			"from": [-3, 5.54687, -2.52734],
			"to": [19.125, 8.73242, 6.38281],
			"rotation": {"angle": 0, "axis": "x", "origin": [9, 13.90039, 0.75781]},
			"faces": {
				"north": {"uv": [0, 8.125, 2.75, 8.5], "texture": "#3"},
				"east": {"uv": [9.25, 8.25, 10.375, 8.625], "texture": "#3"},
				"south": {"uv": [2.75, 8.125, 5.5, 8.5], "texture": "#3"},
				"west": {"uv": [9.25, 8.625, 10.375, 9], "texture": "#3"},
				"up": {"uv": [6.5, 2.5, 3.75, 1.375], "texture": "#3"},
				"down": {"uv": [6.5, 2.5, 3.75, 3.625], "texture": "#3"}
			}
		}
	],
	"display": {
		"head": {
			"translation": [19.5, 11.25, -53.25],
			"scale": [4, 4, 4]
		}
	},
	"groups": [
		{
			"name": "group",
			"origin": [21, 8, 26],
			"children": [
				{
					"name": "колёса",
					"origin": [27, 8, 9.5],
					"children": [0, 1, 2, 3, 4, 5, 6, 7, 8, 9,
						{
							"name": "group",
							"origin": [10.5, 7.04297, 9.39648],
							"children": [10, 11]
						}, 12, 13,
						{
							"name": "group",
							"origin": [27, 8, 9.5],
							"children": [14, 15, 16, 17, 18, 19, 20, 21]
						}
					]
				}
			]
		},
		{
			"name": "group",
			"origin": [10.625, 15.16016, 12.98438],
			"children": []
		},
		{
			"name": "group",
			"origin": [-6.25, 7.25, 22.875],
			"children": [
				{
					"name": "group",
					"origin": [-4.99219, 12.16016, 10.96094],
					"children": [
						{
							"name": "group",
							"origin": [13.25, 12.16016, 10.98438],
							"children": [22, 23, 24, 25, 26, 27, 28, 29, 30]
						}
					]
				}, 31, 32, 33, 34, 35, 36, 37,
				{
					"name": "group",
					"origin": [-0.85156, 16.46875, 28.625],
					"children": [38, 39, 40, 41]
				}
			]
		},
		{
			"name": "group",
			"origin": [9, 13.90039, 0.75781],
			"children": [42, 43, 44, 45, 46, 47, 48, 49, 50, 51, 52, 53, 54, 55, 56]
		}
	]
}