{
	"credit": "quiktori",
	"textures": {
		"0": "items/items/car3",
		"1": "items/items/panel_status",
		"2": "items/items/wheels",
		"3": "items/items/headlights",
		"particle": "items/items/car3"
	},
	"elements": [
		{
			"from": [-1.25, -3.29493, -14.2207],
			"to": [17.20313, -1.35548, 28.14844],
			"rotation": {"angle": 0, "axis": "y", "origin": [9.10352, 7.80077, 33.09961]},
			"faces": {
				"north": {"uv": [0, 6, 2.25, 6.625], "texture": "#0"},
				"east": {"uv": [7.25, 5.125, 12.5, 5.75], "texture": "#0"},
				"south": {"uv": [0, 6.625, 2.25, 7.25], "texture": "#0"},
				"west": {"uv": [7.25, 5.75, 12.5, 6.375], "texture": "#0"},
				"up": {"uv": [2.25, 5.25, 0, 0], "texture": "#0"},
				"down": {"uv": [4.5, 2.25, 2.25, 7.5], "texture": "#0"}
			}
		},
		{
			"from": [-3, -4.28126, 28.08789],
			"to": [19.03125, 6.71874, 31.14844],
			"rotation": {"angle": 0, "axis": "y", "origin": [7.75, 11.30077, 26.14844]},
			"faces": {
				"north": {"uv": [4.5, 2.75, 7.25, 4.25], "texture": "#0"},
				"east": {"uv": [5.5, 10, 5.125, 11.5], "texture": "#0"},
				"south": {"uv": [0, 6.54545, 16, 15.27273], "texture": "#3"},
				"west": {"uv": [5.125, 10, 5.5, 11.5], "texture": "#0"},
				"up": {"uv": [10.5, 9.75, 7.75, 9.375], "texture": "#0"},
				"down": {"uv": [2.75, 9.625, 0, 10], "texture": "#0"}
			}
		},
		{
			"from": [-3.01758, -4.25782, -15.89062],
			"to": [18.99023, 1.4043, -14.20508],
			"rotation": {"angle": 0, "axis": "y", "origin": [7.73242, 9.85742, -17.83008]},
			"faces": {
				"north": {"uv": [0, 9, 2.75, 9.625], "texture": "#0"},
				"east": {"uv": [4.375, 11.625, 4.125, 12.25], "texture": "#0"},
				"south": {"uv": [2.75, 9.375, 5.5, 10], "texture": "#0"},
				"west": {"uv": [4.125, 11.625, 4.375, 12.25], "texture": "#0"},
				"up": {"uv": [7.25, 4.5, 4.5, 4.25], "texture": "#0"},
				"down": {"uv": [11.5, 9.75, 8.75, 10], "texture": "#0"}
			}
		},
		{
			"from": [-3, 1.4043, -15.89062],
			"to": [18.99023, 6.72265, -6.35937],
			"rotation": {"angle": 0, "axis": "y", "origin": [9, 8, -8]},
			"faces": {
				"north": {"uv": [0, 0, 16, 5.09091], "texture": "#3"},
				"east": {"uv": [6.75, 9.375, 5.5, 10.25], "texture": "#0"},
				"south": {"uv": [0, 7.5, 2.75, 8.375], "texture": "#0"},
				"west": {"uv": [5.5, 9.375, 6.75, 10.25], "texture": "#0"},
				"up": {"uv": [10, 3.875, 7.25, 2.625], "texture": "#0"},
				"down": {"uv": [10, 3.875, 7.25, 5.125], "texture": "#0"}
			}
		},
		{
			"from": [-3, -4.26366, -6.33007],
			"to": [-1.25, 1.875, 19.98633],
			"rotation": {"angle": 0, "axis": "y", "origin": [2.375, 4.65235, -0.52148]},
			"faces": {
				"north": {"uv": [5.5, 11.625, 5.75, 12.25], "texture": "#0"},
				"east": {"uv": [7.25, 8.125, 10.5, 8.75], "texture": "#0"},
				"south": {"uv": [5.75, 11.625, 6, 12.25], "texture": "#0"},
				"west": {"uv": [0, 8.375, 3.25, 9], "texture": "#0"},
				"up": {"uv": [8, 13, 7.75, 9.75], "texture": "#0"},
				"down": {"uv": [8.25, 9.75, 8, 13], "texture": "#0"}
			}
		},
		{
			"from": [17.25, -4.33007, -6.35937],
			"to": [19, 1.80859, 19.95312],
			"rotation": {"angle": 0, "axis": "y", "origin": [22.625, 4.58594, -0.55078]},
			"faces": {
				"north": {"uv": [6, 11.625, 6.25, 12.25], "texture": "#0"},
				"east": {"uv": [3.25, 8.375, 0, 9], "texture": "#0"},
				"south": {"uv": [8.75, 11.625, 9, 12.25], "texture": "#0"},
				"west": {"uv": [6.5, 8.75, 9.75, 9.375], "texture": "#0"},
				"up": {"uv": [8.5, 13, 8.25, 9.75], "texture": "#0"},
				"down": {"uv": [8.75, 9.75, 8.5, 13], "texture": "#0"}
			}
		},
		{
			"from": [17.375, -5.8496, 20.39063],
			"to": [18.875, 1.1504, 27.39063],
			"rotation": {"angle": 0, "axis": "y", "origin": [21.75, 3.94141, 8.44922]},
			"faces": {
				"north": {"uv": [7, 0, 9, 7], "texture": "#2"},
				"east": {"uv": [0, 0, 7, 7], "texture": "#2"},
				"south": {"uv": [9, 0, 11, 7], "texture": "#2"},
				"west": {"uv": [7, 0, 0, 7], "texture": "#2"},
				"up": {"uv": [11, 7, 9, 0], "texture": "#2"},
				"down": {"uv": [9, 0, 7, 7], "texture": "#2"}
			}
		},
		{
			"from": [-2.875, -5.8496, 20.39063],
			"to": [-1.375, 1.1504, 27.39063],
			"rotation": {"angle": 0, "axis": "y", "origin": [1.5, 3.94141, 8.44922]},
			"faces": {
				"north": {"uv": [7, 0, 9, 7], "texture": "#2"},
				"east": {"uv": [0, 0, 7, 7], "texture": "#2"},
				"south": {"uv": [9, 0, 11, 7], "texture": "#2"},
				"west": {"uv": [7, 0, 0, 7], "texture": "#2"},
				"up": {"uv": [11, 7, 9, 0], "texture": "#2"},
				"down": {"uv": [9, 0, 7, 7], "texture": "#2"}
			}
		},
		{
			"from": [17.375, -5.8496, -13.73437],
			"to": [18.875, 1.1504, -6.73437],
			"rotation": {"angle": 0, "axis": "y", "origin": [21.75, 3.94141, -25.67578]},
			"faces": {
				"north": {"uv": [7, 0, 9, 7], "texture": "#2"},
				"east": {"uv": [0, 0, 7, 7], "texture": "#2"},
				"south": {"uv": [9, 0, 11, 7], "texture": "#2"},
				"west": {"uv": [7, 0, 0, 7], "texture": "#2"},
				"up": {"uv": [11, 7, 9, 0], "texture": "#2"},
				"down": {"uv": [9, 0, 7, 7], "texture": "#2"}
			}
		},
		{
			"from": [-2.875, -5.8496, -13.73437],
			"to": [-1.375, 1.1504, -6.73437],
			"rotation": {"angle": 0, "axis": "y", "origin": [1.5, 3.94141, -25.67578]},
			"faces": {
				"north": {"uv": [7, 0, 9, 7], "texture": "#2"},
				"east": {"uv": [0, 0, 7, 7], "texture": "#2"},
				"south": {"uv": [9, 0, 11, 7], "texture": "#2"},
				"west": {"uv": [7, 0, 0, 7], "texture": "#2"},
				"up": {"uv": [11, 7, 9, 0], "texture": "#2"},
				"down": {"uv": [9, 0, 7, 7], "texture": "#2"}
			}
		},
		{
			"from": [-3, 1.80859, -6.35937],
			"to": [-1.19141, 6.72265, 28.08789],
			"rotation": {"angle": 0, "axis": "y", "origin": [2.625, 8, -3.00411]},
			"faces": {
				"north": {"uv": [11.5, 0.875, 11.75, 1.75], "texture": "#0"},
				"east": {"uv": [7.25, 7.25, 11.5, 8.125], "texture": "#0"},
				"south": {"uv": [11.5, 1.75, 11.75, 2.625], "texture": "#0"},
				"west": {"uv": [7.25, 0, 11.5, 0.875], "texture": "#0"},
				"up": {"uv": [7, 13.625, 6.75, 9.375], "texture": "#0"},
				"down": {"uv": [7.25, 9.375, 7, 13.625], "texture": "#0"}
			}
		},
		{
			"from": [17, 1.80859, -6.35937],
			"to": [19, 6.72265, 28.08789],
			"rotation": {"angle": 0, "axis": "y", "origin": [20.625, 8, -3.00411]},
			"faces": {
				"north": {"uv": [11.5, 6.375, 11.75, 7.25], "texture": "#0"},
				"east": {"uv": [11.5, 0, 7.25, 0.875], "texture": "#0"},
				"south": {"uv": [11.5, 7.25, 11.75, 8.125], "texture": "#0"},
				"west": {"uv": [11.5, 7.25, 7.25, 8.125], "texture": "#0"},
				"up": {"uv": [7.5, 13.625, 7.25, 9.375], "texture": "#0"},
				"down": {"uv": [7.75, 9.375, 7.5, 13.625], "texture": "#0"}
			}
		},
		{
			"from": [-0.625, 7.02539, -1.625],
			"to": [5, 12.2832, -1.625],
			"rotation": {"angle": -22.5, "axis": "x", "origin": [8, 14.52539, 4.875]},
			"faces": {
				"north": {"uv": [10, 6.375, 10.75, 7], "texture": "#0"},
				"east": {"uv": [10, 6.375, 10.75, 7], "texture": "#0"},
				"south": {"uv": [10, 6.375, 10.75, 7], "texture": "#0"},
				"west": {"uv": [10, 6.375, 10.75, 7], "texture": "#0"},
				"up": {"uv": [10, 6.375, 10.75, 7], "texture": "#0"},
				"down": {"uv": [10, 6.375, 10.75, 7], "texture": "#0"}
			}
		},
		{
			"from": [1.59961, 9.04101, -9.875],
			"to": [2.76172, 10.24609, -2.42578],
			"rotation": {"angle": -22.5, "axis": "x", "origin": [9.47461, 16.24414, 4.625]},
			"faces": {
				"north": {"uv": [3.875, 8.375, 4, 8.5], "texture": "#0"},
				"east": {"uv": [12.125, 4.625, 12.625, 4.75], "texture": "#0"},
				"south": {"uv": [11, 10.75, 11.125, 10.875], "texture": "#0"},
				"west": {"uv": [12.125, 6.625, 12.625, 6.75], "texture": "#0"},
				"up": {"uv": [11.125, 10.75, 11, 10.25], "texture": "#0"},
				"down": {"uv": [10.875, 12, 10.75, 12.5], "texture": "#0"}
			}
		},
		{
			"from": [10.82813, 4.5371, -6.35937],
			"to": [17, 6.72265, -2.57422],
			"rotation": {"angle": 0, "axis": "y", "origin": [21, 11.89062, -8.19922]},
			"faces": {
				"north": {"uv": [10.75, 4.375, 11.5, 4.625], "texture": "#0"},
				"east": {"uv": [1.25, 11.75, 1.75, 12], "texture": "#0"},
				"south": {"uv": [10.75, 6.375, 11.5, 6.625], "texture": "#0"},
				"west": {"uv": [11.75, 11.75, 12.25, 12], "texture": "#0"},
				"up": {"uv": [2.25, 10.75, 1.5, 10.25], "texture": "#0"},
				"down": {"uv": [3, 10.25, 2.25, 10.75], "texture": "#0"}
			}
		},
		{
			"from": [-1.17187, -1.4629, -6.48437],
			"to": [17, 6.72265, -6.32422],
			"rotation": {"angle": 0, "axis": "y", "origin": [21, 11.89062, -11.94922]},
			"faces": {
				"north": {"uv": [1.75, 10.5, 2, 10.625], "texture": "#0"},
				"east": {"uv": [1.75, 10.5, 2, 10.625], "texture": "#0"},
				"south": {"uv": [0.125, 7.5, 2.5, 8.375], "texture": "#0"},
				"west": {"uv": [1.75, 10.5, 2, 10.625], "texture": "#0"},
				"up": {"uv": [1.75, 10.5, 2, 10.625], "texture": "#0"},
				"down": {"uv": [1.75, 10.5, 2, 10.625], "texture": "#0"}
			}
		},
		{
			"from": [4.95313, 2.5371, -6.35937],
			"to": [10.82031, 6.72265, -2.57422],
			"rotation": {"angle": 0, "axis": "y", "origin": [15.125, 11.89062, -8.19922]},
			"faces": {
				"north": {"uv": [3, 10.25, 3.75, 10.75], "texture": "#0"},
				"east": {"uv": [4, 7.5, 4.5, 8], "texture": "#0"},
				"south": {"uv": [0, 5.33333, 16, 16], "texture": "#1"},
				"west": {"uv": [4, 8, 4.5, 8.5], "texture": "#0"},
				"up": {"uv": [6.25, 10.75, 5.5, 10.25], "texture": "#0"},
				"down": {"uv": [9.5, 10.25, 8.75, 10.75], "texture": "#0"}
			}
		},
		{
			"from": [-1.17187, 4.5371, -6.35937],
			"to": [5, 6.72265, -2.57422],
			"rotation": {"angle": 0, "axis": "y", "origin": [9, 11.89062, -8.19922]},
			"faces": {
				"north": {"uv": [10.5, 9.5, 11.25, 9.75], "texture": "#0"},
				"east": {"uv": [3.875, 8.5, 4.375, 8.75], "texture": "#0"},
				"south": {"uv": [10.75, 4.125, 11.5, 4.375], "texture": "#0"},
				"west": {"uv": [0.75, 11.75, 1.25, 12], "texture": "#0"},
				"up": {"uv": [0.75, 10.75, 0, 10.25], "texture": "#0"},
				"down": {"uv": [1.5, 10.25, 0.75, 10.75], "texture": "#0"}
			}
		},
		{
			"from": [8.5, -1.33984, 3.66797],
			"to": [16.875, 0.64258, 10.15235],
			"rotation": {"angle": 0, "axis": "y", "origin": [3.875, 4.82032, 7.90235]},
			"faces": {
				"north": {"uv": [0, 7.25, 2.25, 7.5], "texture": "#0"},
				"east": {"uv": [10.75, 6.625, 11.5, 6.875], "texture": "#0"},
				"south": {"uv": [10, 3.375, 12.25, 3.625], "texture": "#0"},
				"west": {"uv": [3.375, 0.25, 4.125, 0.5], "texture": "#0"},
				"up": {"uv": [4.5, 0.75, 2.25, 0], "texture": "#0"},
				"down": {"uv": [4.5, 0.75, 2.25, 1.5], "texture": "#0"}
			}
		},
		{
			"from": [-1.125, -1.33984, 3.66797],
			"to": [7.25, 0.64258, 10.15235],
			"rotation": {"angle": 0, "axis": "y", "origin": [-5.75, 4.82032, 7.90235]},
			"faces": {
				"north": {"uv": [0, 7.25, 2.25, 7.5], "texture": "#0"},
				"east": {"uv": [2.875, 0.875, 3.625, 1.125], "texture": "#0"},
				"south": {"uv": [10, 3.375, 12.25, 3.625], "texture": "#0"},
				"west": {"uv": [11.25, 9.5, 12, 9.75], "texture": "#0"},
				"up": {"uv": [4.5, 0.75, 2.25, 0], "texture": "#0"},
				"down": {"uv": [4.5, 0.75, 2.25, 1.5], "texture": "#0"}
			}
		},
		{
			"from": [-1.125, -1.33984, 10.16797],
			"to": [7.25, 6.68945, 11.65235],
			"rotation": {"angle": 0, "axis": "y", "origin": [-5.75, 4.82032, 14.40235]},
			"faces": {
				"north": {"uv": [0, 7.25, 2.25, 7.5], "texture": "#0"},
				"east": {"uv": [3.75, 0.125, 4.5, 0.375], "texture": "#0"},
				"south": {"uv": [10, 3.375, 12.25, 3.625], "texture": "#0"},
				"west": {"uv": [3.75, 0, 4.5, 0.25], "texture": "#0"},
				"up": {"uv": [4.5, 0.75, 2.25, 0], "texture": "#0"},
				"down": {"uv": [4.5, 0.75, 2.25, 1.5], "texture": "#0"}
			}
		},
		{
			"from": [8.5, -1.33984, 10.16797],
			"to": [16.875, 6.68945, 11.65235],
			"rotation": {"angle": 0, "axis": "y", "origin": [3.875, 4.82032, 14.40235]},
			"faces": {
				"north": {"uv": [0, 7.25, 2.25, 7.5], "texture": "#0"},
				"east": {"uv": [3.75, 0, 4.5, 0.25], "texture": "#0"},
				"south": {"uv": [10, 3.375, 12.25, 3.625], "texture": "#0"},
				"west": {"uv": [3.625, 0, 4.375, 0.25], "texture": "#0"},
				"up": {"uv": [4.5, 0.75, 2.25, 0], "texture": "#0"},
				"down": {"uv": [4.5, 0.75, 2.25, 1.5], "texture": "#0"}
			}
		},
		{
			"from": [-1.5, -1.33984, 20.03711],
			"to": [16.96875, 1.26758, 26.64649],
			"rotation": {"angle": 0, "axis": "y", "origin": [3.875, 4.82032, 24.39649]},
			"faces": {
				"north": {"uv": [0, 7.25, 2.25, 7.5], "texture": "#0"},
				"east": {"uv": [10.75, 6.625, 11.5, 6.875], "texture": "#0"},
				"south": {"uv": [10, 3.375, 12.25, 3.625], "texture": "#0"},
				"west": {"uv": [11.25, 9.5, 12, 9.75], "texture": "#0"},
				"up": {"uv": [4.5, 0.75, 2.25, 0], "texture": "#0"},
				"down": {"uv": [4.5, 0.75, 2.25, 1.5], "texture": "#0"}
			}
		},
		{
			"from": [-1.18164, -1.33984, 26.66211],
			"to": [17.0625, 6.71875, 28.14649],
			"rotation": {"angle": 0, "axis": "y", "origin": [3.875, 4.82032, 30.89649]},
			"faces": {
				"north": {"uv": [0, 7.25, 2.25, 7.5], "texture": "#0"},
				"east": {"uv": [10.75, 6.625, 11.5, 6.875], "texture": "#0"},
				"south": {"uv": [10, 3.375, 12.25, 3.625], "texture": "#0"},
				"west": {"uv": [11.25, 9.5, 12, 9.75], "texture": "#0"},
				"up": {"uv": [4.5, 0.75, 2.25, 0], "texture": "#0"},
				"down": {"uv": [4.5, 0.75, 2.25, 1.5], "texture": "#0"}
			}
		},
		{
			"from": [-0.02539, 2.13281, -6.375],
			"to": [1.13672, 2.46289, -4.30078],
			"rotation": {"angle": 0, "axis": "y", "origin": [7.84961, 9.33594, 5.125]},
			"faces": {
				"north": {"uv": [11.375, 4.625, 11.5, 4.75], "texture": "#0"},
				"east": {"uv": [11, 10.875, 11.25, 11], "texture": "#0"},
				"south": {"uv": [11.375, 6.875, 11.5, 7], "texture": "#0"},
				"west": {"uv": [11.25, 11.125, 11.5, 11.25], "texture": "#0"},
				"up": {"uv": [4.5, 8.75, 4.375, 8.5], "texture": "#0"},
				"down": {"uv": [11.625, 9.75, 11.5, 10], "texture": "#0"}
			}
		},
		{
			"from": [1.47461, 2.13281, -6.375],
			"to": [2.63672, 2.46289, -4.30078],
			"rotation": {"angle": 0, "axis": "y", "origin": [9.34961, 9.33594, 5.125]},
			"faces": {
				"north": {"uv": [12.25, 2.375, 12.375, 2.5], "texture": "#0"},
				"east": {"uv": [12.125, 10.75, 12.375, 10.875], "texture": "#0"},
				"south": {"uv": [1.625, 12.375, 1.75, 12.5], "texture": "#0"},
				"west": {"uv": [12.125, 11.625, 12.375, 11.75], "texture": "#0"},
				"up": {"uv": [6.125, 12.5, 6, 12.25], "texture": "#0"},
				"down": {"uv": [6.25, 12.25, 6.125, 12.5], "texture": "#0"}
			}
		},
		{
			"from": [3.09961, 2.13281, -6.375],
			"to": [4.26172, 2.46289, -4.30078],
			"rotation": {"angle": 0, "axis": "y", "origin": [10.97461, 9.33594, 5.125]},
			"faces": {
				"north": {"uv": [1.75, 12.375, 1.875, 12.5], "texture": "#0"},
				"east": {"uv": [8.75, 12.25, 9, 12.375], "texture": "#0"},
				"south": {"uv": [1.875, 12.375, 2, 12.5], "texture": "#0"},
				"west": {"uv": [9, 12.25, 9.25, 12.375], "texture": "#0"},
				"up": {"uv": [9.375, 12.5, 9.25, 12.25], "texture": "#0"},
				"down": {"uv": [9.5, 12.25, 9.375, 12.5], "texture": "#0"}
			}
		},
		{
			"from": [12.13218, 7.62722, -5.32227],
			"to": [16.75523, 10.24831, -4.57227],
			"rotation": {"angle": -22.5, "axis": "y", "origin": [19.13218, 11.75222, 14.17773]},
			"faces": {
				"north": {"uv": [3.25, 8.375, 3.875, 8.75], "texture": "#0"},
				"east": {"uv": [3.125, 9, 3.25, 9.375], "texture": "#0"},
				"south": {"uv": [1.75, 10.75, 2.375, 11.125], "texture": "#0"},
				"west": {"uv": [4.375, 12.25, 4.5, 12.625], "texture": "#0"},
				"up": {"uv": [11.375, 4.75, 10.75, 4.625], "texture": "#0"},
				"down": {"uv": [11.375, 6.875, 10.75, 7], "texture": "#0"}
			}
		},
		{
			"from": [19.31578, 0.43972, -6.35937],
			"to": [19.93882, 2.7405, -5.60937],
			"shade": false,
			"rotation": {"angle": -45, "axis": "z", "origin": [26.31578, 4.56472, 13.14063]},
			"faces": {
				"north": {"uv": [12.25, 3.875, 12.375, 4.125], "texture": "#0"},
				"east": {"uv": [12.25, 4.125, 12.375, 4.375], "texture": "#0"},
				"south": {"uv": [12.25, 6.75, 12.375, 7], "texture": "#0"},
				"west": {"uv": [12.25, 7, 12.375, 7.25], "texture": "#0"},
				"up": {"uv": [6.625, 12.5, 6.5, 12.375], "texture": "#0"},
				"down": {"uv": [6.75, 12.375, 6.625, 12.5], "texture": "#0"}
			}
		},
		{
			"from": [-1.40791, 7.63472, -8.86031],
			"to": [3.21513, 10.25581, -8.11031],
			"shade": false,
			"rotation": {"angle": 22.5, "axis": "y", "origin": [5.59209, 11.75972, 10.63969]},
			"faces": {
				"north": {"uv": [2.375, 10.75, 3, 11.125], "texture": "#0"},
				"east": {"uv": [5.75, 12.25, 5.875, 12.625], "texture": "#0"},
				"south": {"uv": [3, 10.75, 3.625, 11.125], "texture": "#0"},
				"west": {"uv": [5.875, 12.25, 6, 12.625], "texture": "#0"},
				"up": {"uv": [12.5, 2.625, 11.875, 2.5], "texture": "#0"},
				"down": {"uv": [12.5, 8, 11.875, 8.125], "texture": "#0"}
			}
		},
		{
			"from": [-7.75333, 9.89866, -6.35937],
			"to": [-7.13029, 12.19945, -5.60937],
			"rotation": {"angle": 45, "axis": "z", "origin": [-0.75333, 14.02366, 13.14063]},
			"faces": {
				"north": {"uv": [12.25, 8.125, 12.375, 8.375], "texture": "#0"},
				"east": {"uv": [12.25, 9.5, 12.375, 9.75], "texture": "#0"},
				"south": {"uv": [12.25, 9.75, 12.375, 10], "texture": "#0"},
				"west": {"uv": [12.25, 10, 12.375, 10.25], "texture": "#0"},
				"up": {"uv": [8.875, 12.5, 8.75, 12.375], "texture": "#0"},
				"down": {"uv": [9, 12.375, 8.875, 12.5], "texture": "#0"}
			}
		},
		{
			"from": [-2.9707, 10.04777, -5.56853],
			"to": [-2.3457, 11.65715, 6.41389],
			"rotation": {"angle": -45, "axis": "x", "origin": [-6.4707, 8.29777, -0.15837]},
			"faces": {
				"north": {"uv": [12.25, 10.875, 12.375, 11.125], "texture": "#0"},
				"east": {"uv": [10, 7, 11.5, 7.25], "texture": "#0"},
				"south": {"uv": [12.25, 11.75, 12.375, 12], "texture": "#0"},
				"west": {"uv": [9.5, 10.25, 11, 10.5], "texture": "#0"},
				"up": {"uv": [4.5, 12.25, 4.375, 10.75], "texture": "#0"},
				"down": {"uv": [3.625, 11.125, 3.5, 12.625], "texture": "#0"}
			}
		},
		{
			"from": [18.44922, 10.04777, -5.56853],
			"to": [18.99219, 11.65715, 6.41389],
			"rotation": {"angle": -45, "axis": "x", "origin": [14.94922, 8.29777, -0.15837]},
			"faces": {
				"north": {"uv": [12.25, 12, 12.375, 12.25], "texture": "#0"},
				"east": {"uv": [9.5, 10.5, 11, 10.75], "texture": "#0"},
				"south": {"uv": [1.5, 12.375, 1.625, 12.625], "texture": "#0"},
				"west": {"uv": [10.5, 8.125, 12, 8.375], "texture": "#0"},
				"up": {"uv": [3.75, 13.125, 3.625, 11.625], "texture": "#0"},
				"down": {"uv": [3.875, 11.625, 3.75, 13.125], "texture": "#0"}
			}
		},
		{
			"from": [-2.42578, 10.04777, 5.43147],
			"to": [18.49219, 11.65715, 6.41389],
			"rotation": {"angle": -45, "axis": "x", "origin": [14.94922, 8.29777, -0.15837]},
			"faces": {
				"north": {"uv": [12.25, 12, 12.375, 12.25], "texture": "#0"},
				"east": {"uv": [9.5, 10.5, 11, 10.75], "texture": "#0"},
				"south": {"uv": [1.5, 12.375, 1.625, 12.625], "texture": "#0"},
				"west": {"uv": [10.5, 8.125, 12, 8.375], "texture": "#0"},
				"up": {"uv": [3.75, 13.125, 3.625, 11.625], "texture": "#0"},
				"down": {"uv": [3.875, 11.625, 3.75, 13.125], "texture": "#0"}
			}
		}
	],
	"display": {
		"head": {
			"translation": [19.5, 21.25, 3.5],
			"scale": [4, 3.73, 3.57]
		}
	},
	"groups": [
		{
			"name": "основа",
			"origin": [9, 13.90039, 0.75781],
			"children": [0, 1, 2, 3, 4, 5, 6, 7, 8, 9, 10, 11,
				{
					"name": "внутренности",
					"origin": [10.97461, 9.33594, 5.125],
					"children": [
						{
							"name": "руль",
							"origin": [9.47461, 18.11914, 4.625],
							"children": [12, 13]
						},
						{
							"name": "панель",
							"origin": [9, 13.89062, -8.19922],
							"children": [14, 15, 16, 17]
						}, 18, 19, 20, 21, 22, 23,
						{
							"name": "педали",
							"origin": [10.97461, 9.33594, 5.125],
							"children": [24, 25, 26]
						}
					]
				}
			]
		},
		{
			"name": "боковые зеркала",
			"origin": [-0.85156, 16.46875, 28.625],
			"children": [27, 28, 29, 30]
		},
		{
			"name": "верх",
			"origin": [15, 14.48635, 30.85941],
			"children": [31, 32, 33]
		}
	]
}