{
	"credit": "quiktori",
	"textures": {
		"0": "items/items/m9",
		"particle": "items/items/m9"
	},
	"elements": [
		{
			"from": [6.9, 4, 7.8],
			"to": [8.1, 4.2, 9.2],
			"faces": {
				"north": {"uv": [0.125, 2, 0.825, 2.2], "texture": "#0"},
				"east": {"uv": [0.125, 2, 0.825, 2.2], "texture": "#0"},
				"south": {"uv": [0.125, 2, 0.825, 2.2], "texture": "#0"},
				"west": {"uv": [0.125, 2, 0.825, 2.2], "texture": "#0"},
				"up": {"uv": [0.125, 2, 0.825, 2.2], "texture": "#0"},
				"down": {"uv": [0.125, 2, 0.825, 2.2], "texture": "#0"}
			}
		},
		{
			"from": [7.1, 4, 7.4],
			"to": [7.9, 4.2, 7.8],
			"faces": {
				"north": {"uv": [0.125, 2, 0.825, 2.2], "texture": "#0"},
				"east": {"uv": [0.125, 2, 0.825, 2.2], "texture": "#0"},
				"south": {"uv": [0.125, 2, 0.825, 2.2], "texture": "#0"},
				"west": {"uv": [0.125, 2, 0.825, 2.2], "texture": "#0"},
				"up": {"uv": [0.125, 2, 0.825, 2.2], "texture": "#0"},
				"down": {"uv": [0.125, 2, 0.825, 2.2], "texture": "#0"}
			}
		},
		{
			"from": [7.76, 4, 7.11],
			"to": [7.96, 4.2, 7.81],
			"rotation": {"angle": 22.5, "axis": "y", "origin": [8, 4.1, 7.45]},
			"faces": {
				"north": {"uv": [0.125, 2, 0.825, 2.2], "texture": "#0"},
				"east": {"uv": [0.125, 2, 0.825, 2.2], "texture": "#0"},
				"south": {"uv": [0.125, 2, 0.825, 2.2], "texture": "#0"},
				"west": {"uv": [0.125, 2, 0.825, 2.2], "texture": "#0"},
				"up": {"uv": [0.125, 2, 0.825, 2.2], "texture": "#0"},
				"down": {"uv": [0.125, 2, 0.825, 2.2], "texture": "#0"}
			}
		},
		{
			"from": [7.05165, 4, 7.04529],
			"to": [7.25165, 4.2, 7.74529],
			"rotation": {"angle": -22.5, "axis": "y", "origin": [6.85165, 4.1, 7.39529]},
			"faces": {
				"north": {"uv": [0.125, 2, 0.825, 2.2], "texture": "#0"},
				"east": {"uv": [0.125, 2, 0.825, 2.2], "texture": "#0"},
				"south": {"uv": [0.125, 2, 0.825, 2.2], "texture": "#0"},
				"west": {"uv": [0.125, 2, 0.825, 2.2], "texture": "#0"},
				"up": {"uv": [0.125, 2, 0.825, 2.2], "texture": "#0"},
				"down": {"uv": [0.125, 2, 0.825, 2.2], "texture": "#0"}
			}
		},
		{
			"from": [7.18, 4, 7.15],
			"to": [7.83, 4.2, 7.4],
			"faces": {
				"north": {"uv": [0.125, 2, 0.825, 2.2], "texture": "#0"},
				"east": {"uv": [0.125, 2, 0.825, 2.2], "texture": "#0"},
				"south": {"uv": [0.125, 2, 0.825, 2.2], "texture": "#0"},
				"west": {"uv": [0.125, 2, 0.825, 2.2], "texture": "#0"},
				"up": {"uv": [0.125, 2, 0.825, 2.2], "texture": "#0"},
				"down": {"uv": [0.125, 2, 0.825, 2.2], "texture": "#0"}
			}
		},
		{
			"from": [7.07268, 4, 8.94654],
			"to": [7.27268, 4.2, 9.64654],
			"rotation": {"angle": 22.5, "axis": "y", "origin": [7.50207, 4.1, 9.47448]},
			"faces": {
				"north": {"uv": [0.125, 2, 0.825, 2.2], "texture": "#0"},
				"east": {"uv": [0.125, 2, 0.825, 2.2], "texture": "#0"},
				"south": {"uv": [0.125, 2, 0.825, 2.2], "texture": "#0"},
				"west": {"uv": [0.125, 2, 0.825, 2.2], "texture": "#0"},
				"up": {"uv": [0.125, 2, 0.825, 2.2], "texture": "#0"},
				"down": {"uv": [0.125, 2, 0.825, 2.2], "texture": "#0"}
			}
		},
		{
			"from": [7.17415, 4, 9.54895],
			"to": [7.82415, 4.2, 9.79895],
			"faces": {
				"north": {"uv": [0.125, 2, 0.825, 2.2], "texture": "#0"},
				"east": {"uv": [0.125, 2, 0.825, 2.2], "texture": "#0"},
				"south": {"uv": [0.125, 2, 0.825, 2.2], "texture": "#0"},
				"west": {"uv": [0.125, 2, 0.825, 2.2], "texture": "#0"},
				"up": {"uv": [0.125, 2, 0.825, 2.2], "texture": "#0"},
				"down": {"uv": [0.125, 2, 0.825, 2.2], "texture": "#0"}
			}
		},
		{
			"from": [7.10415, 4, 9.14895],
			"to": [7.90415, 4.2, 9.54895],
			"faces": {
				"north": {"uv": [0.125, 2, 0.825, 2.2], "texture": "#0"},
				"east": {"uv": [0.125, 2, 0.825, 2.2], "texture": "#0"},
				"south": {"uv": [0.125, 2, 0.825, 2.2], "texture": "#0"},
				"west": {"uv": [0.125, 2, 0.825, 2.2], "texture": "#0"},
				"up": {"uv": [0.125, 2, 0.825, 2.2], "texture": "#0"},
				"down": {"uv": [0.125, 2, 0.825, 2.2], "texture": "#0"}
			}
		},
		{
			"from": [7.73329, 4, 8.94873],
			"to": [7.93329, 4.2, 9.64873],
			"rotation": {"angle": -22.5, "axis": "y", "origin": [7.50207, 4.1, 9.47448]},
			"faces": {
				"north": {"uv": [0.125, 2, 0.825, 2.2], "texture": "#0"},
				"east": {"uv": [0.125, 2, 0.825, 2.2], "texture": "#0"},
				"south": {"uv": [0.125, 2, 0.825, 2.2], "texture": "#0"},
				"west": {"uv": [0.125, 2, 0.825, 2.2], "texture": "#0"},
				"up": {"uv": [0.125, 2, 0.825, 2.2], "texture": "#0"},
				"down": {"uv": [0.125, 2, 0.825, 2.2], "texture": "#0"}
			}
		},
		{
			"from": [7.03827, 4, 9.70761],
			"to": [7.23827, 4.2, 10.20761],
			"rotation": {"angle": -45, "axis": "y", "origin": [7.23827, 4.1, 9.90761]},
			"faces": {
				"north": {"uv": [0.125, 2, 0.825, 2.2], "texture": "#0"},
				"east": {"uv": [0.125, 2, 0.825, 2.2], "texture": "#0"},
				"south": {"uv": [0.125, 2, 0.825, 2.2], "texture": "#0"},
				"west": {"uv": [0.125, 2, 0.825, 2.2], "texture": "#0"},
				"up": {"uv": [0.125, 2, 0.825, 2.2], "texture": "#0"},
				"down": {"uv": [0.125, 2, 0.825, 2.2], "texture": "#0"}
			}
		},
		{
			"from": [6.87865, 4, 9.97581],
			"to": [7.07865, 4.2, 10.47581],
			"faces": {
				"north": {"uv": [0.125, 2, 0.825, 2.2], "texture": "#0"},
				"east": {"uv": [0.125, 2, 0.825, 2.2], "texture": "#0"},
				"south": {"uv": [0.125, 2, 0.825, 2.2], "texture": "#0"},
				"west": {"uv": [0.125, 2, 0.825, 2.2], "texture": "#0"},
				"up": {"uv": [0.125, 2, 0.825, 2.2], "texture": "#0"},
				"down": {"uv": [0.125, 2, 0.825, 2.2], "texture": "#0"}
			}
		},
		{
			"from": [7.92614, 4, 9.97832],
			"to": [8.12614, 4.2, 10.47832],
			"faces": {
				"north": {"uv": [0.125, 2, 0.825, 2.2], "texture": "#0"},
				"east": {"uv": [0.125, 2, 0.825, 2.2], "texture": "#0"},
				"south": {"uv": [0.125, 2, 0.825, 2.2], "texture": "#0"},
				"west": {"uv": [0.125, 2, 0.825, 2.2], "texture": "#0"},
				"up": {"uv": [0.125, 2, 0.825, 2.2], "texture": "#0"},
				"down": {"uv": [0.125, 2, 0.825, 2.2], "texture": "#0"}
			}
		},
		{
			"from": [7.9322, 4, 9.62226],
			"to": [8.1322, 4.2, 10.12226],
			"rotation": {"angle": 45, "axis": "y", "origin": [7.95543, 4.1, 10.04903]},
			"faces": {
				"north": {"uv": [0.125, 2, 0.825, 2.2], "texture": "#0"},
				"east": {"uv": [0.125, 2, 0.825, 2.2], "texture": "#0"},
				"south": {"uv": [0.125, 2, 0.825, 2.2], "texture": "#0"},
				"west": {"uv": [0.125, 2, 0.825, 2.2], "texture": "#0"},
				"up": {"uv": [0.125, 2, 0.825, 2.2], "texture": "#0"},
				"down": {"uv": [0.125, 2, 0.825, 2.2], "texture": "#0"}
			}
		},
		{
			"from": [7.77614, 4, 10.42832],
			"to": [8.27614, 4.2, 10.62832],
			"rotation": {"angle": 45, "axis": "y", "origin": [8.02614, 4.1, 10.72832]},
			"faces": {
				"north": {"uv": [0.125, 2, 0.825, 2.2], "texture": "#0"},
				"east": {"uv": [0.125, 2, 0.825, 2.2], "texture": "#0"},
				"south": {"uv": [0.125, 2, 0.825, 2.2], "texture": "#0"},
				"west": {"uv": [0.125, 2, 0.825, 2.2], "texture": "#0"},
				"up": {"uv": [0.125, 2, 0.825, 2.2], "texture": "#0"},
				"down": {"uv": [0.125, 2, 0.825, 2.2], "texture": "#0"}
			}
		},
		{
			"from": [6.72865, 4, 10.42581],
			"to": [7.22865, 4.2, 10.62581],
			"rotation": {"angle": -45, "axis": "y", "origin": [6.97865, 4.1, 10.72581]},
			"faces": {
				"north": {"uv": [0.125, 2, 0.825, 2.2], "texture": "#0"},
				"east": {"uv": [0.125, 2, 0.825, 2.2], "texture": "#0"},
				"south": {"uv": [0.125, 2, 0.825, 2.2], "texture": "#0"},
				"west": {"uv": [0.125, 2, 0.825, 2.2], "texture": "#0"},
				"up": {"uv": [0.125, 2, 0.825, 2.2], "texture": "#0"},
				"down": {"uv": [0.125, 2, 0.825, 2.2], "texture": "#0"}
			}
		},
		{
			"from": [7.22865, 4, 10.62581],
			"to": [7.77865, 4.2, 10.82581],
			"faces": {
				"north": {"uv": [0.125, 2, 0.825, 2.2], "texture": "#0"},
				"east": {"uv": [0.125, 2, 0.825, 2.2], "texture": "#0"},
				"south": {"uv": [0.125, 2, 0.825, 2.2], "texture": "#0"},
				"west": {"uv": [0.125, 2, 0.825, 2.2], "texture": "#0"},
				"up": {"uv": [0.125, 2, 0.825, 2.2], "texture": "#0"},
				"down": {"uv": [0.125, 2, 0.825, 2.2], "texture": "#0"}
			}
		},
		{
			"from": [7.4, 4.2, 8],
			"to": [7.6, 4.9, 9.18],
			"faces": {
				"north": {"uv": [0, 7.375, 1.305, 7.85], "texture": "#0"},
				"east": {"uv": [0, 7.375, 1.305, 7.85], "texture": "#0"},
				"south": {"uv": [0, 7.375, 1.305, 7.85], "texture": "#0"},
				"west": {"uv": [0, 7.375, 1.305, 7.85], "texture": "#0"},
				"up": {"uv": [0, 7.375, 1.305, 7.85], "texture": "#0"},
				"down": {"uv": [0, 7.375, 1.305, 7.85], "texture": "#0"}
			}
		},
		{
			"from": [7.4, 5.7, 8.9],
			"to": [7.6, 5.8, 9.18],
			"rotation": {"angle": -22.5, "axis": "x", "origin": [7.5, 5.75, 9.04]},
			"faces": {
				"north": {"uv": [0.125, 6.625, 0.405, 6.725], "texture": "#0"},
				"east": {"uv": [0.125, 6.625, 0.405, 6.725], "texture": "#0"},
				"south": {"uv": [0.125, 6.625, 0.405, 6.725], "texture": "#0"},
				"west": {"uv": [0.125, 6.625, 0.405, 6.725], "texture": "#0"},
				"up": {"uv": [0.125, 6.625, 0.405, 6.725], "texture": "#0"},
				"down": {"uv": [0.125, 6.625, 0.405, 6.725], "texture": "#0"}
			}
		},
		{
			"from": [7.4, 5.6, 8],
			"to": [7.6, 8.6, 9],
			"faces": {
				"north": {"uv": [0, 4.375, 1.305, 6.85], "texture": "#0"},
				"east": {"uv": [0, 4.375, 1.305, 6.85], "texture": "#0"},
				"south": {"uv": [0, 4.375, 1.305, 6.85], "texture": "#0"},
				"west": {"uv": [0, 4.375, 1.305, 6.85], "texture": "#0"},
				"up": {"uv": [0, 4.375, 1.305, 6.85], "texture": "#0"},
				"down": {"uv": [0, 4.375, 1.305, 6.85], "texture": "#0"}
			}
		},
		{
			"from": [7.395, 8.73, 8.15],
			"to": [7.605, 9.53, 8.26],
			"rotation": {"angle": 22.5, "axis": "x", "origin": [7.5, 9.35, 7.95]},
			"faces": {
				"north": {"uv": [1.625, 3.5, 1.835, 4.3], "texture": "#0"},
				"east": {"uv": [1.625, 3.5, 1.735, 4.3], "texture": "#0"},
				"south": {"uv": [1.625, 3.5, 1.835, 4.3], "texture": "#0"},
				"west": {"uv": [1.625, 3.5, 1.735, 4.3], "texture": "#0"},
				"up": {"uv": [1.625, 3.5, 1.835, 3.61], "texture": "#0"},
				"down": {"uv": [1.625, 3.5, 1.835, 3.61], "texture": "#0"}
			}
		},
		{
			"from": [7.395, 9.39018, 8.51],
			"to": [7.605, 10.00018, 8.62],
			"rotation": {"angle": 45, "axis": "x", "origin": [7.5, 9.79018, 8.40293]},
			"faces": {
				"north": {"uv": [1.625, 3.5, 1.835, 4.11], "texture": "#0"},
				"east": {"uv": [1.625, 3.5, 1.735, 4.11], "texture": "#0"},
				"south": {"uv": [1.625, 3.5, 1.835, 4.11], "texture": "#0"},
				"west": {"uv": [1.625, 3.5, 1.735, 4.11], "texture": "#0"},
				"up": {"uv": [1.625, 3.5, 1.835, 3.61], "texture": "#0"},
				"down": {"uv": [1.625, 3.5, 1.835, 3.61], "texture": "#0"}
			}
		},
		{
			"from": [7.4, 8.7, 8.8],
			"to": [7.6, 9.9, 8.9],
			"rotation": {"angle": -22.5, "axis": "x", "origin": [7.5, 9.4, 9.05]},
			"faces": {
				"north": {"uv": [0, 3.375, 0.225, 4.325], "texture": "#0"},
				"east": {"uv": [0, 3.375, 0.225, 4.325], "texture": "#0"},
				"south": {"uv": [0, 3.375, 0.225, 4.325], "texture": "#0"},
				"west": {"uv": [0, 3.375, 0.225, 4.325], "texture": "#0"},
				"up": {"uv": [0, 3.375, 0.225, 4.325], "texture": "#0"},
				"down": {"uv": [0, 3.375, 0.225, 4.325], "texture": "#0"}
			}
		},
		{
			"from": [7.4, 8.7, 8],
			"to": [7.6, 8.9, 8.6],
			"faces": {
				"north": {"uv": [0, 4.125, 1.18, 4.225], "texture": "#0"},
				"east": {"uv": [0, 4.125, 1.18, 4.225], "texture": "#0"},
				"south": {"uv": [0, 4.125, 1.18, 4.225], "texture": "#0"},
				"west": {"uv": [0, 4.125, 1.18, 4.225], "texture": "#0"},
				"up": {"uv": [0, 4.125, 1.18, 4.225], "texture": "#0"},
				"down": {"uv": [0, 4.125, 1.18, 4.225], "texture": "#0"}
			}
		},
		{
			"from": [7.4, 8.9, 8.07],
			"to": [7.6, 9.1, 8.6],
			"faces": {
				"north": {"uv": [0, 4.125, 1.18, 4.225], "texture": "#0"},
				"east": {"uv": [0, 4.125, 1.18, 4.225], "texture": "#0"},
				"south": {"uv": [0, 4.125, 1.18, 4.225], "texture": "#0"},
				"west": {"uv": [0, 4.125, 1.18, 4.225], "texture": "#0"},
				"up": {"uv": [0, 4.125, 1.18, 4.225], "texture": "#0"},
				"down": {"uv": [0, 4.125, 1.18, 4.225], "texture": "#0"}
			}
		},
		{
			"from": [7.4, 9.1, 8.17],
			"to": [7.6, 9.2, 8.6],
			"faces": {
				"north": {"uv": [0, 4.125, 1.18, 4.225], "texture": "#0"},
				"east": {"uv": [0, 4.125, 1.18, 4.225], "texture": "#0"},
				"south": {"uv": [0, 4.125, 1.18, 4.225], "texture": "#0"},
				"west": {"uv": [0, 4.125, 1.18, 4.225], "texture": "#0"},
				"up": {"uv": [0, 4.125, 1.18, 4.225], "texture": "#0"},
				"down": {"uv": [0, 4.125, 1.18, 4.225], "texture": "#0"}
			}
		},
		{
			"from": [7.4, 9.3, 8.23],
			"to": [7.6, 9.4, 8.69],
			"faces": {
				"north": {"uv": [0, 3.5, 1.18, 3.6], "texture": "#0"},
				"east": {"uv": [0, 3.5, 1.18, 3.6], "texture": "#0"},
				"south": {"uv": [0, 3.5, 1.18, 3.6], "texture": "#0"},
				"west": {"uv": [0, 3.5, 1.18, 3.6], "texture": "#0"},
				"up": {"uv": [0, 3.5, 1.18, 3.6], "texture": "#0"},
				"down": {"uv": [0, 3.5, 1.18, 3.6], "texture": "#0"}
			}
		},
		{
			"from": [7.4, 9.5, 8.37],
			"to": [7.6, 9.6, 8.63],
			"faces": {
				"north": {"uv": [0, 3.5, 1.18, 3.6], "texture": "#0"},
				"east": {"uv": [0, 3.5, 1.18, 3.6], "texture": "#0"},
				"south": {"uv": [0, 3.5, 1.18, 3.6], "texture": "#0"},
				"west": {"uv": [0, 3.5, 1.18, 3.6], "texture": "#0"},
				"up": {"uv": [0, 3.5, 1.18, 3.6], "texture": "#0"},
				"down": {"uv": [0, 3.5, 1.18, 3.6], "texture": "#0"}
			}
		},
		{
			"from": [7.4, 9.4, 8.27],
			"to": [7.6, 9.5, 8.63],
			"faces": {
				"north": {"uv": [0, 3.5, 1.18, 3.6], "texture": "#0"},
				"east": {"uv": [0, 3.5, 1.18, 3.6], "texture": "#0"},
				"south": {"uv": [0, 3.5, 1.18, 3.6], "texture": "#0"},
				"west": {"uv": [0, 3.5, 1.18, 3.6], "texture": "#0"},
				"up": {"uv": [0, 3.5, 1.18, 3.6], "texture": "#0"},
				"down": {"uv": [0, 3.5, 1.18, 3.6], "texture": "#0"}
			}
		},
		{
			"from": [7.4, 9.6, 8.47],
			"to": [7.6, 9.7, 8.63],
			"faces": {
				"north": {"uv": [0, 3.5, 1.18, 3.6], "texture": "#0"},
				"east": {"uv": [0, 3.5, 1.18, 3.6], "texture": "#0"},
				"south": {"uv": [0, 3.5, 1.18, 3.6], "texture": "#0"},
				"west": {"uv": [0, 3.5, 1.18, 3.6], "texture": "#0"},
				"up": {"uv": [0, 3.5, 1.18, 3.6], "texture": "#0"},
				"down": {"uv": [0, 3.5, 1.18, 3.6], "texture": "#0"}
			}
		},
		{
			"from": [7.4, 8.6, 8],
			"to": [7.6, 8.7, 9.18],
			"faces": {
				"north": {"uv": [0, 4.125, 1.18, 4.225], "texture": "#0"},
				"east": {"uv": [0, 4.125, 1.18, 4.225], "texture": "#0"},
				"south": {"uv": [0, 4.125, 1.18, 4.225], "texture": "#0"},
				"west": {"uv": [0, 4.125, 1.18, 4.225], "texture": "#0"},
				"up": {"uv": [0, 4.125, 1.18, 4.225], "texture": "#0"},
				"down": {"uv": [0, 4.125, 1.18, 4.225], "texture": "#0"}
			}
		},
		{
			"from": [7.4, 8.7, 8.9],
			"to": [7.6, 8.9, 9.09],
			"faces": {
				"north": {"uv": [0, 4.125, 1.18, 4.225], "texture": "#0"},
				"east": {"uv": [0, 4.125, 1.18, 4.225], "texture": "#0"},
				"south": {"uv": [0, 4.125, 1.18, 4.225], "texture": "#0"},
				"west": {"uv": [0, 4.125, 1.18, 4.225], "texture": "#0"},
				"up": {"uv": [0, 4.125, 1.18, 4.225], "texture": "#0"},
				"down": {"uv": [0, 4.125, 1.18, 4.225], "texture": "#0"}
			}
		},
		{
			"from": [7.4, 8.9, 8.9],
			"to": [7.6, 9.1, 8.99],
			"faces": {
				"north": {"uv": [0, 4.125, 1.18, 4.225], "texture": "#0"},
				"east": {"uv": [0, 4.125, 1.18, 4.225], "texture": "#0"},
				"south": {"uv": [0, 4.125, 1.18, 4.225], "texture": "#0"},
				"west": {"uv": [0, 4.125, 1.18, 4.225], "texture": "#0"},
				"up": {"uv": [0, 4.125, 1.18, 4.225], "texture": "#0"},
				"down": {"uv": [0, 4.125, 1.18, 4.225], "texture": "#0"}
			}
		},
		{
			"from": [7.4, 9.1, 8.7],
			"to": [7.6, 9.2, 8.91],
			"faces": {
				"north": {"uv": [0, 4.125, 1.18, 4.225], "texture": "#0"},
				"east": {"uv": [0, 4.125, 1.18, 4.225], "texture": "#0"},
				"south": {"uv": [0, 4.125, 1.18, 4.225], "texture": "#0"},
				"west": {"uv": [0, 4.125, 1.18, 4.225], "texture": "#0"},
				"up": {"uv": [0, 4.125, 1.18, 4.225], "texture": "#0"},
				"down": {"uv": [0, 4.125, 1.18, 4.225], "texture": "#0"}
			}
		},
		{
			"from": [7.4, 9.3, 8.7],
			"to": [7.6, 9.5, 8.83],
			"faces": {
				"north": {"uv": [0, 3.5, 1.18, 3.6], "texture": "#0"},
				"east": {"uv": [0, 3.5, 1.18, 3.6], "texture": "#0"},
				"south": {"uv": [0, 3.5, 1.18, 3.6], "texture": "#0"},
				"west": {"uv": [0, 3.5, 1.18, 3.6], "texture": "#0"},
				"up": {"uv": [0, 3.5, 1.18, 3.6], "texture": "#0"},
				"down": {"uv": [0, 3.5, 1.18, 3.6], "texture": "#0"}
			}
		},
		{
			"from": [7.4, 9.5, 8.7],
			"to": [7.6, 9.6, 8.8],
			"faces": {
				"north": {"uv": [0, 3.375, 0.225, 3.7], "texture": "#0"},
				"east": {"uv": [0, 3.375, 0.225, 3.7], "texture": "#0"},
				"south": {"uv": [0, 3.375, 0.225, 3.7], "texture": "#0"},
				"west": {"uv": [0, 3.375, 0.225, 3.7], "texture": "#0"},
				"up": {"uv": [0, 3.375, 0.225, 3.7], "texture": "#0"},
				"down": {"uv": [0, 3.375, 0.225, 3.7], "texture": "#0"}
			}
		},
		{
			"from": [7.4, 4.9, 8],
			"to": [7.6, 5.6, 9.18],
			"faces": {
				"north": {"uv": [0, 6.875, 1.305, 7.35], "texture": "#0"},
				"east": {"uv": [0, 6.875, 1.305, 7.35], "texture": "#0"},
				"south": {"uv": [0, 6.875, 1.305, 7.35], "texture": "#0"},
				"west": {"uv": [0, 6.875, 1.305, 7.35], "texture": "#0"},
				"up": {"uv": [0, 6.875, 1.305, 7.35], "texture": "#0"},
				"down": {"uv": [0, 6.875, 1.305, 7.35], "texture": "#0"}
			}
		},
		{
			"from": [7.4, 5.9, 8.9],
			"to": [7.6, 6, 9.18],
			"rotation": {"angle": -22.5, "axis": "x", "origin": [7.5, 5.95, 9.04]},
			"faces": {
				"north": {"uv": [0.125, 6.625, 0.405, 6.725], "texture": "#0"},
				"east": {"uv": [0.125, 6.625, 0.405, 6.725], "texture": "#0"},
				"south": {"uv": [0.125, 6.625, 0.405, 6.725], "texture": "#0"},
				"west": {"uv": [0.125, 6.625, 0.405, 6.725], "texture": "#0"},
				"up": {"uv": [0.125, 6.625, 0.405, 6.725], "texture": "#0"},
				"down": {"uv": [0.125, 6.625, 0.405, 6.725], "texture": "#0"}
			}
		},
		{
			"from": [7.4, 6.3, 8.9],
			"to": [7.6, 6.4, 9.18],
			"rotation": {"angle": -22.5, "axis": "x", "origin": [7.5, 6.35, 9.04]},
			"faces": {
				"north": {"uv": [0.125, 6, 0.53, 6.225], "texture": "#0"},
				"east": {"uv": [0.125, 6, 0.53, 6.225], "texture": "#0"},
				"south": {"uv": [0.125, 6, 0.53, 6.225], "texture": "#0"},
				"west": {"uv": [0.125, 6, 0.53, 6.225], "texture": "#0"},
				"up": {"uv": [0.125, 6, 0.53, 6.225], "texture": "#0"},
				"down": {"uv": [0.125, 6, 0.53, 6.225], "texture": "#0"}
			}
		},
		{
			"from": [7.4, 6.1, 8.9],
			"to": [7.6, 6.2, 9.18],
			"rotation": {"angle": -22.5, "axis": "x", "origin": [7.5, 6.15, 9.04]},
			"faces": {
				"north": {"uv": [0.125, 6.625, 0.405, 6.725], "texture": "#0"},
				"east": {"uv": [0.125, 6.625, 0.405, 6.725], "texture": "#0"},
				"south": {"uv": [0.125, 6.625, 0.405, 6.725], "texture": "#0"},
				"west": {"uv": [0.125, 6.625, 0.405, 6.725], "texture": "#0"},
				"up": {"uv": [0.125, 6.625, 0.405, 6.725], "texture": "#0"},
				"down": {"uv": [0.125, 6.625, 0.405, 6.725], "texture": "#0"}
			}
		},
		{
			"from": [7.4, 6.7, 8.9],
			"to": [7.6, 6.8, 9.18],
			"rotation": {"angle": -22.5, "axis": "x", "origin": [7.5, 6.75, 9.04]},
			"faces": {
				"north": {"uv": [0.125, 6, 0.53, 6.225], "texture": "#0"},
				"east": {"uv": [0.125, 6, 0.53, 6.225], "texture": "#0"},
				"south": {"uv": [0.125, 6, 0.53, 6.225], "texture": "#0"},
				"west": {"uv": [0.125, 6, 0.53, 6.225], "texture": "#0"},
				"up": {"uv": [0.125, 6, 0.53, 6.225], "texture": "#0"},
				"down": {"uv": [0.125, 6, 0.53, 6.225], "texture": "#0"}
			}
		},
		{
			"from": [7.4, 6.5, 8.9],
			"to": [7.6, 6.6, 9.18],
			"rotation": {"angle": -22.5, "axis": "x", "origin": [7.5, 6.55, 9.04]},
			"faces": {
				"north": {"uv": [0.125, 6, 0.53, 6.225], "texture": "#0"},
				"east": {"uv": [0.125, 6, 0.53, 6.225], "texture": "#0"},
				"south": {"uv": [0.125, 6, 0.53, 6.225], "texture": "#0"},
				"west": {"uv": [0.125, 6, 0.53, 6.225], "texture": "#0"},
				"up": {"uv": [0.125, 6, 0.53, 6.225], "texture": "#0"},
				"down": {"uv": [0.125, 6, 0.53, 6.225], "texture": "#0"}
			}
		},
		{
			"from": [7.4, 7.1, 8.9],
			"to": [7.6, 7.2, 9.18],
			"rotation": {"angle": -22.5, "axis": "x", "origin": [7.5, 7.15, 9.04]},
			"faces": {
				"north": {"uv": [0.125, 5.5, 0.53, 5.725], "texture": "#0"},
				"east": {"uv": [0.125, 5.5, 0.53, 5.725], "texture": "#0"},
				"south": {"uv": [0.125, 5.5, 0.53, 5.725], "texture": "#0"},
				"west": {"uv": [0.125, 5.5, 0.53, 5.725], "texture": "#0"},
				"up": {"uv": [0.125, 5.5, 0.53, 5.725], "texture": "#0"},
				"down": {"uv": [0.125, 5.5, 0.53, 5.725], "texture": "#0"}
			}
		},
		{
			"from": [7.4, 6.9, 8.9],
			"to": [7.6, 7, 9.18],
			"rotation": {"angle": -22.5, "axis": "x", "origin": [7.5, 6.95, 9.04]},
			"faces": {
				"north": {"uv": [0.125, 5.5, 0.53, 5.725], "texture": "#0"},
				"east": {"uv": [0.125, 5.5, 0.53, 5.725], "texture": "#0"},
				"south": {"uv": [0.125, 5.5, 0.53, 5.725], "texture": "#0"},
				"west": {"uv": [0.125, 5.5, 0.53, 5.725], "texture": "#0"},
				"up": {"uv": [0.125, 5.5, 0.53, 5.725], "texture": "#0"},
				"down": {"uv": [0.125, 5.5, 0.53, 5.725], "texture": "#0"}
			}
		},
		{
			"from": [7.4, 8.3, 8.9],
			"to": [7.6, 8.4, 9.18],
			"rotation": {"angle": -22.5, "axis": "x", "origin": [7.5, 8.35, 9.04]},
			"faces": {
				"north": {"uv": [0.125, 4.5, 0.53, 4.725], "texture": "#0"},
				"east": {"uv": [0.125, 4.5, 0.53, 4.725], "texture": "#0"},
				"south": {"uv": [0.125, 4.5, 0.53, 4.725], "texture": "#0"},
				"west": {"uv": [0.125, 4.5, 0.53, 4.725], "texture": "#0"},
				"up": {"uv": [0.125, 4.5, 0.53, 4.725], "texture": "#0"},
				"down": {"uv": [0.125, 4.5, 0.53, 4.725], "texture": "#0"}
			}
		},
		{
			"from": [7.4, 8.1, 8.9],
			"to": [7.6, 8.2, 9.18],
			"rotation": {"angle": -22.5, "axis": "x", "origin": [7.5, 8.15, 9.04]},
			"faces": {
				"north": {"uv": [0.125, 4.5, 0.53, 4.725], "texture": "#0"},
				"east": {"uv": [0.125, 4.5, 0.53, 4.725], "texture": "#0"},
				"south": {"uv": [0.125, 4.5, 0.53, 4.725], "texture": "#0"},
				"west": {"uv": [0.125, 4.5, 0.53, 4.725], "texture": "#0"},
				"up": {"uv": [0.125, 4.5, 0.53, 4.725], "texture": "#0"},
				"down": {"uv": [0.125, 4.5, 0.53, 4.725], "texture": "#0"}
			}
		},
		{
			"from": [7.4, 7.3, 8.9],
			"to": [7.6, 7.4, 9.18],
			"rotation": {"angle": -22.5, "axis": "x", "origin": [7.5, 7.35, 9.04]},
			"faces": {
				"north": {"uv": [0.125, 5.5, 0.53, 5.725], "texture": "#0"},
				"east": {"uv": [0.125, 5.5, 0.53, 5.725], "texture": "#0"},
				"south": {"uv": [0.125, 5.5, 0.53, 5.725], "texture": "#0"},
				"west": {"uv": [0.125, 5.5, 0.53, 5.725], "texture": "#0"},
				"up": {"uv": [0.125, 5.5, 0.53, 5.725], "texture": "#0"},
				"down": {"uv": [0.125, 5.5, 0.53, 5.725], "texture": "#0"}
			}
		},
		{
			"from": [7.4, 7.5, 8.9],
			"to": [7.6, 7.6, 9.18],
			"rotation": {"angle": -22.5, "axis": "x", "origin": [7.5, 7.55, 9.04]},
			"faces": {
				"north": {"uv": [0.125, 5, 0.53, 5.225], "texture": "#0"},
				"east": {"uv": [0.125, 5, 0.53, 5.225], "texture": "#0"},
				"south": {"uv": [0.125, 5, 0.53, 5.225], "texture": "#0"},
				"west": {"uv": [0.125, 5, 0.53, 5.225], "texture": "#0"},
				"up": {"uv": [0.125, 5, 0.53, 5.225], "texture": "#0"},
				"down": {"uv": [0.125, 5, 0.53, 5.225], "texture": "#0"}
			}
		},
		{
			"from": [7.4, 7.7, 8.9],
			"to": [7.6, 7.8, 9.18],
			"rotation": {"angle": -22.5, "axis": "x", "origin": [7.5, 7.75, 9.04]},
			"faces": {
				"north": {"uv": [0.125, 5, 0.53, 5.225], "texture": "#0"},
				"east": {"uv": [0.125, 5, 0.53, 5.225], "texture": "#0"},
				"south": {"uv": [0.125, 5, 0.53, 5.225], "texture": "#0"},
				"west": {"uv": [0.125, 5, 0.53, 5.225], "texture": "#0"},
				"up": {"uv": [0.125, 5, 0.53, 5.225], "texture": "#0"},
				"down": {"uv": [0.125, 5, 0.53, 5.225], "texture": "#0"}
			}
		},
		{
			"from": [7.4, 7.9, 8.9],
			"to": [7.6, 8, 9.18],
			"rotation": {"angle": -22.5, "axis": "x", "origin": [7.5, 7.95, 9.04]},
			"faces": {
				"north": {"uv": [0.125, 5, 0.53, 5.225], "texture": "#0"},
				"east": {"uv": [0.125, 5, 0.53, 5.225], "texture": "#0"},
				"south": {"uv": [0.125, 5, 0.53, 5.225], "texture": "#0"},
				"west": {"uv": [0.125, 5, 0.53, 5.225], "texture": "#0"},
				"up": {"uv": [0.125, 5, 0.53, 5.225], "texture": "#0"},
				"down": {"uv": [0.125, 5, 0.53, 5.225], "texture": "#0"}
			}
		},
		{
			"from": [7.4, 8.5, 8.9],
			"to": [7.6, 8.6, 9.18],
			"faces": {
				"north": {"uv": [0.125, 4.5, 0.53, 4.725], "texture": "#0"},
				"east": {"uv": [0.125, 4.5, 0.53, 4.725], "texture": "#0"},
				"south": {"uv": [0.125, 4.5, 0.53, 4.725], "texture": "#0"},
				"west": {"uv": [0.125, 4.5, 0.53, 4.725], "texture": "#0"},
				"up": {"uv": [0.125, 4.5, 0.53, 4.725], "texture": "#0"},
				"down": {"uv": [0.125, 4.5, 0.53, 4.725], "texture": "#0"}
			}
		},
		{
			"from": [6.9, 0.4, 7.9],
			"to": [8.1, 0.5, 9.1],
			"faces": {
				"north": {"uv": [0.125, 2, 0.825, 2.2], "texture": "#0"},
				"east": {"uv": [0.125, 2, 0.825, 2.2], "texture": "#0"},
				"south": {"uv": [0.125, 2, 0.825, 2.2], "texture": "#0"},
				"west": {"uv": [0.125, 2, 0.825, 2.2], "texture": "#0"},
				"up": {"uv": [0.125, 2, 0.825, 2.2], "texture": "#0"},
				"down": {"uv": [0.125, 2, 0.825, 2.2], "texture": "#0"}
			}
		},
		{
			"from": [7.395, 4.9, 7.9],
			"to": [7.605, 8.7, 8.01],
			"faces": {
				"north": {"uv": [1.625, 3.5, 1.725, 7.2], "texture": "#0"},
				"east": {"uv": [1.625, 3.5, 1.725, 7.2], "texture": "#0"},
				"south": {"uv": [1.625, 3.5, 1.725, 7.2], "texture": "#0"},
				"west": {"uv": [1.625, 3.5, 1.725, 7.2], "texture": "#0"},
				"up": {"uv": [1.625, 3.5, 1.725, 7.2], "texture": "#0"},
				"down": {"uv": [1.625, 3.5, 1.725, 7.2], "texture": "#0"}
			}
		},
		{
			"from": [7.395, 9.9, 8.8],
			"to": [7.605, 9.981, 8.91],
			"rotation": {"angle": -22.5, "axis": "x", "origin": [7.5, 9.4, 9.05]},
			"faces": {
				"north": {"uv": [1.625, 3.5, 1.835, 3.581], "texture": "#0"},
				"east": {"uv": [1.625, 3.5, 1.735, 3.581], "texture": "#0"},
				"south": {"uv": [1.625, 3.5, 1.835, 3.581], "texture": "#0"},
				"west": {"uv": [1.625, 3.5, 1.735, 3.581], "texture": "#0"},
				"up": {"uv": [1.625, 3.5, 1.835, 3.61], "texture": "#0"},
				"down": {"uv": [1.625, 3.5, 1.835, 3.61], "texture": "#0"}
			}
		},
		{
			"from": [7.4, 8.63, 8.6],
			"to": [7.6, 8.74, 8.7],
			"rotation": {"angle": -45, "axis": "x", "origin": [7.5, 8.75, 8.65]},
			"faces": {
				"north": {"uv": [0, 4.125, 1.18, 4.225], "texture": "#0"},
				"east": {"uv": [0, 4.125, 1.18, 4.225], "texture": "#0"},
				"south": {"uv": [0, 4.125, 1.18, 4.225], "texture": "#0"},
				"west": {"uv": [0, 4.125, 1.18, 4.225], "texture": "#0"},
				"up": {"uv": [0, 4.125, 1.18, 4.225], "texture": "#0"},
				"down": {"uv": [0, 4.125, 1.18, 4.225], "texture": "#0"}
			}
		},
		{
			"from": [7.4, 8.93, 8.9],
			"to": [7.6, 9.04, 9],
			"rotation": {"angle": -45, "axis": "x", "origin": [7.5, 8.75, 8.65]},
			"faces": {
				"north": {"uv": [0, 4.125, 1.18, 4.225], "texture": "#0"},
				"east": {"uv": [0, 4.125, 1.18, 4.225], "texture": "#0"},
				"south": {"uv": [0, 4.125, 1.18, 4.225], "texture": "#0"},
				"west": {"uv": [0, 4.125, 1.18, 4.225], "texture": "#0"},
				"up": {"uv": [0, 4.125, 1.18, 4.225], "texture": "#0"},
				"down": {"uv": [0, 4.125, 1.18, 4.225], "texture": "#0"}
			}
		},
		{
			"from": [7.4, 8.635, 8.84596],
			"to": [7.6, 8.745, 8.94596],
			"rotation": {"angle": -45, "axis": "x", "origin": [7.5, 8.70404, 8.89596]},
			"faces": {
				"north": {"uv": [0, 4.125, 1.18, 4.225], "texture": "#0"},
				"east": {"uv": [0, 4.125, 1.18, 4.225], "texture": "#0"},
				"south": {"uv": [0, 4.125, 1.18, 4.225], "texture": "#0"},
				"west": {"uv": [0, 4.125, 1.18, 4.225], "texture": "#0"},
				"up": {"uv": [0, 4.125, 1.18, 4.225], "texture": "#0"},
				"down": {"uv": [0, 4.125, 1.18, 4.225], "texture": "#0"}
			}
		},
		{
			"from": [7.4, 8.935, 9.14596],
			"to": [7.6, 9.045, 9.24596],
			"rotation": {"angle": -45, "axis": "x", "origin": [7.5, 8.70404, 8.89596]},
			"faces": {
				"north": {"uv": [0, 4.125, 1.18, 4.225], "texture": "#0"},
				"east": {"uv": [0, 4.125, 1.18, 4.225], "texture": "#0"},
				"south": {"uv": [0, 4.125, 1.18, 4.225], "texture": "#0"},
				"west": {"uv": [0, 4.125, 1.18, 4.225], "texture": "#0"},
				"up": {"uv": [0, 4.125, 1.18, 4.225], "texture": "#0"},
				"down": {"uv": [0, 4.125, 1.18, 4.225], "texture": "#0"}
			}
		},
		{
			"from": [7.4, 9.2, 8.17],
			"to": [7.6, 9.3, 8.6],
			"faces": {
				"north": {"uv": [0, 3.5, 1.18, 3.6], "texture": "#0"},
				"east": {"uv": [0, 3.5, 1.18, 3.6], "texture": "#0"},
				"south": {"uv": [0, 3.5, 1.18, 3.6], "texture": "#0"},
				"west": {"uv": [0, 3.5, 1.18, 3.6], "texture": "#0"},
				"up": {"uv": [0, 3.5, 1.18, 3.6], "texture": "#0"},
				"down": {"uv": [0, 3.5, 1.18, 3.6], "texture": "#0"}
			}
		},
		{
			"from": [7.4, 9.2, 8.7],
			"to": [7.6, 9.3, 8.91],
			"faces": {
				"north": {"uv": [0, 3.5, 1.18, 3.6], "texture": "#0"},
				"east": {"uv": [0, 3.5, 1.18, 3.6], "texture": "#0"},
				"south": {"uv": [0, 3.5, 1.18, 3.6], "texture": "#0"},
				"west": {"uv": [0, 3.5, 1.18, 3.6], "texture": "#0"},
				"up": {"uv": [0, 3.5, 1.18, 3.6], "texture": "#0"},
				"down": {"uv": [0, 3.5, 1.18, 3.6], "texture": "#0"}
			}
		},
		{
			"from": [7.4, 8.9, 8.6],
			"to": [7.6, 9.1, 8.7],
			"faces": {
				"north": {"uv": [0, 4.125, 1.18, 4.225], "texture": "#0"},
				"east": {"uv": [0, 4.125, 1.18, 4.225], "texture": "#0"},
				"south": {"uv": [0, 4.125, 1.18, 4.225], "texture": "#0"},
				"west": {"uv": [0, 4.125, 1.18, 4.225], "texture": "#0"},
				"up": {"uv": [0, 4.125, 1.18, 4.225], "texture": "#0"},
				"down": {"uv": [0, 4.125, 1.18, 4.225], "texture": "#0"}
			}
		},
		{
			"from": [7.4, 9.2, 8.6],
			"to": [7.6, 9.8, 8.7],
			"faces": {
				"north": {"uv": [0, 3.5, 1.18, 3.6], "texture": "#0"},
				"east": {"uv": [0, 3.5, 1.18, 3.6], "texture": "#0"},
				"south": {"uv": [0, 3.5, 1.18, 3.6], "texture": "#0"},
				"west": {"uv": [0, 3.5, 1.18, 3.6], "texture": "#0"},
				"up": {"uv": [0, 3.5, 1.18, 3.6], "texture": "#0"},
				"down": {"uv": [0, 3.5, 1.18, 3.6], "texture": "#0"}
			}
		},
		{
			"from": [7.4, 9.1, 8.6],
			"to": [7.6, 9.2, 8.7],
			"faces": {
				"north": {"uv": [0, 4.125, 1.18, 4.225], "texture": "#0"},
				"east": {"uv": [0, 4.125, 1.18, 4.225], "texture": "#0"},
				"south": {"uv": [0, 4.125, 1.18, 4.225], "texture": "#0"},
				"west": {"uv": [0, 4.125, 1.18, 4.225], "texture": "#0"},
				"up": {"uv": [0, 4.125, 1.18, 4.225], "texture": "#0"},
				"down": {"uv": [0, 4.125, 1.18, 4.225], "texture": "#0"}
			}
		},
		{
			"from": [7, 0.5, 8],
			"to": [8, 4, 9],
			"faces": {
				"north": {"uv": [0, 0, 0.625, 1.75], "texture": "#0"},
				"east": {"uv": [0, 0, 0.625, 1.75], "texture": "#0"},
				"south": {"uv": [0, 0, 0.625, 1.75], "texture": "#0"},
				"west": {"uv": [0, 0, 0.625, 1.75], "texture": "#0"},
				"up": {"uv": [0, 0, 0.625, 1.75], "texture": "#0"},
				"down": {"uv": [0, 0, 0.625, 1.75], "texture": "#0"}
			}
		},
		{
			"from": [7.4, 8.7, 8.6],
			"to": [7.6, 8.9, 8.7],
			"faces": {
				"north": {"uv": [0, 4.125, 1.18, 4.225], "texture": "#0"},
				"east": {"uv": [0, 4.125, 1.18, 4.225], "texture": "#0"},
				"south": {"uv": [0, 4.125, 1.18, 4.225], "texture": "#0"},
				"west": {"uv": [0, 4.125, 1.18, 4.225], "texture": "#0"},
				"up": {"uv": [0, 4.125, 1.18, 4.225], "texture": "#0"},
				"down": {"uv": [0, 4.125, 1.18, 4.225], "texture": "#0"}
			}
		}
	],
	"display": {
		"thirdperson_righthand": {
			"translation": [0.75, 6.5, -0.75],
			"scale": [1.5, 1.5, 1.5]
		},
		"thirdperson_lefthand": {
			"translation": [-0.75, 6.5, -0.5],
			"scale": [1.5, 1.5, 1.5]
		},
		"firstperson_righthand": {
			"rotation": [-28, 0, 0],
			"translation": [1, 5.5, 0]
		},
		"firstperson_lefthand": {
			"rotation": [-28, 0, 0],
			"translation": [0, 5.5, 0]
		},
		"ground": {
			"rotation": [0, 0, -90],
			"translation": [0, 2.25, 0]
		},
		"gui": {
			"rotation": [-22, 25, 48],
			"translation": [-4.25, 5, 0],
			"scale": [2, 2, 2]
		},
		"head": {
			"rotation": [-51, -51, 137],
			"translation": [6.25, 5.25, 0],
			"scale": [1.5, 1.5, 1.5]
		},
		"fixed": {
			"rotation": [0, -90, 0],
			"translation": [1.25, 4.75, -0.25],
			"scale": [1.5, 1.5, 1.5]
		}
	}
}