{
	"credit": "quiktori",
	"textures": {
		"1": "items/telephone/phone-min"
	},
	"elements": [
		{
			"from": [5.2, 0.9, 4.05],
			"to": [8.6, 1, 10.4],
			"faces": {
				"north": {"uv": [0, 0, 1, 1], "texture": "#missing"},
				"east": {"uv": [14.188, 4.688, 14.531, 9.375], "texture": "#1"},
				"south": {"uv": [9.969, 1.875, 10.527, 2.182], "texture": "#1"},
				"west": {"uv": [14.25, 5.125, 14.626, 9.281], "texture": "#1"},
				"up": {"uv": [0, 0, 7.621, 15.946], "texture": "#1"},
				"down": {"uv": [0, 0, 1, 1], "rotation": 180, "texture": "#missing"}
			}
		},
		{
			"from": [5.1, 0.8, 3.65],
			"to": [8.7, 0.9, 10.6],
			"faces": {
				"north": {"uv": [8.188, 5.313, 8.564, 8.688], "rotation": 180, "texture": "#1"},
				"east": {"uv": [8.188, 5.313, 8.564, 8.688], "rotation": 180, "texture": "#1"},
				"south": {"uv": [8.188, 5.313, 8.564, 8.688], "rotation": 180, "texture": "#1"},
				"west": {"uv": [8.188, 5.313, 8.564, 8.688], "rotation": 180, "texture": "#1"},
				"up": {"uv": [8.188, 5.313, 8.564, 8.688], "rotation": 180, "texture": "#1"},
				"down": {"uv": [8.314, 0.469, 15.564, 15.438], "rotation": 180, "texture": "#1"}
			}
		},
		{
			"from": [5.1, 0.9, 10.35],
			"to": [6.6, 1, 10.6],
			"faces": {
				"north": {"uv": [8.188, 4.813, 8.5, 8.876], "texture": "#1"},
				"east": {"uv": [8.188, 4.813, 8.5, 8.876], "texture": "#1"},
				"south": {"uv": [8.188, 4.813, 8.5, 8.876], "texture": "#1"},
				"west": {"uv": [8.188, 4.813, 8.5, 8.876], "texture": "#1"},
				"up": {"uv": [8.188, 4.813, 8.5, 8.876], "texture": "#1"},
				"down": {"uv": [8.188, 4.813, 8.5, 8.876], "texture": "#1"}
			}
		},
		{
			"from": [7.2, 0.9, 10.35],
			"to": [8.7, 1, 10.6],
			"faces": {
				"north": {"uv": [8.188, 4.75, 8.5, 8.813], "texture": "#1"},
				"east": {"uv": [8.188, 4.75, 8.5, 8.813], "texture": "#1"},
				"south": {"uv": [8.188, 4.75, 8.5, 8.813], "texture": "#1"},
				"west": {"uv": [8.188, 4.75, 8.5, 8.813], "texture": "#1"},
				"up": {"uv": [8.188, 4.75, 8.5, 8.813], "texture": "#1"},
				"down": {"uv": [8.188, 4.75, 8.5, 8.813], "texture": "#1"}
			}
		},
		{
			"from": [5.1, 0.9, 3.65],
			"to": [8.7, 1, 4.05],
			"faces": {
				"north": {"uv": [8.188, 5.25, 8.531, 7.25], "texture": "#1"},
				"east": {"uv": [8.188, 5.25, 8.531, 7.25], "texture": "#1"},
				"south": {"uv": [8.188, 5.25, 8.531, 7.25], "texture": "#1"},
				"west": {"uv": [8.188, 5.25, 8.531, 7.25], "texture": "#1"},
				"up": {"uv": [8.188, 5.25, 8.531, 7.25], "texture": "#1"},
				"down": {"uv": [8.188, 5.25, 8.531, 7.25], "texture": "#1"}
			}
		},
		{
			"from": [5.1, 0.9, 4.05],
			"to": [5.2, 1, 10.35],
			"faces": {
				"north": {"uv": [8.188, 5.75, 8.592, 7.75], "texture": "#1"},
				"east": {"uv": [8.188, 5.75, 8.592, 7.75], "texture": "#1"},
				"south": {"uv": [8.188, 5.75, 8.592, 7.75], "texture": "#1"},
				"west": {"uv": [8.188, 5.75, 8.592, 7.75], "texture": "#1"},
				"up": {"uv": [8.188, 5.75, 8.592, 7.75], "texture": "#1"},
				"down": {"uv": [8.188, 5.75, 8.592, 7.75], "texture": "#1"}
			}
		},
		{
			"from": [8.6, 0.9, 4.05],
			"to": [8.7, 1, 10.35],
			"faces": {
				"north": {"uv": [8.188, 5.375, 8.531, 8.375], "texture": "#1"},
				"east": {"uv": [8.188, 5.375, 8.531, 8.375], "texture": "#1"},
				"south": {"uv": [8.188, 5.375, 8.531, 8.375], "texture": "#1"},
				"west": {"uv": [8.188, 5.375, 8.531, 8.375], "texture": "#1"},
				"up": {"uv": [8.188, 5.375, 8.531, 8.375], "texture": "#1"},
				"down": {"uv": [8.188, 5.375, 8.531, 8.375], "texture": "#1"}
			}
		},
		{
			"from": [8.7, 0.895, 6.15],
			"to": [8.75, 0.995, 6.9],
			"faces": {
				"north": {"uv": [10.594, 15.531, 12.655, 15.843], "texture": "#1"},
				"east": {"uv": [10.594, 15.531, 12.655, 15.843], "texture": "#1"},
				"south": {"uv": [10.594, 15.531, 12.655, 15.843], "texture": "#1"},
				"west": {"uv": [10.594, 15.531, 12.655, 15.843], "texture": "#1"},
				"up": {"uv": [10.594, 15.531, 12.655, 15.843], "texture": "#1"},
				"down": {"uv": [10.594, 15.531, 12.655, 15.843], "texture": "#1"}
			}
		},
		{
			"from": [6.2, 1.095, 3.75],
			"to": [6.45, 1.11813, 4.05],
			"faces": {
				"north": {"uv": [11.5, 1.438, 12.213, 2.09], "texture": "#1"},
				"east": {"uv": [11.5, 1.438, 12.213, 2.09], "texture": "#1"},
				"south": {"uv": [11.5, 1.438, 12.213, 2.09], "texture": "#1"},
				"west": {"uv": [11.5, 1.438, 12.213, 2.09], "texture": "#1"},
				"up": {"uv": [10.063, 1.813, 10.65, 2.433], "texture": "#1"},
				"down": {"uv": [11.5, 1.438, 12.213, 2.09], "texture": "#1"}
			}
		},
		{
			"from": [8.7, 0.895, 4.05],
			"to": [8.75, 0.995, 5.7],
			"faces": {
				"north": {"uv": [10, 15, 13.312, 15.718], "texture": "#1"},
				"east": {"uv": [10, 15, 13.312, 15.718], "texture": "#1"},
				"south": {"uv": [10, 15, 13.312, 15.718], "texture": "#1"},
				"west": {"uv": [10, 15, 13.312, 15.718], "texture": "#1"},
				"up": {"uv": [10, 15, 13.312, 15.718], "texture": "#1"},
				"down": {"uv": [10, 15, 13.312, 15.718], "texture": "#1"}
			}
		},
		{
			"from": [5.1, 1, 3.65],
			"to": [5.2, 1.1, 10.6],
			"faces": {
				"north": {"uv": [8.219, 4.5, 8.657, 12.5], "rotation": 180, "texture": "#1"},
				"east": {"uv": [9.844, 3.219, 10.188, 3.5], "rotation": 180, "texture": "#1"},
				"south": {"uv": [8.219, 4.5, 8.657, 12.5], "rotation": 180, "texture": "#1"},
				"west": {"uv": [8.219, 4.5, 8.657, 12.5], "rotation": 180, "texture": "#1"},
				"up": {"uv": [8.219, 4.5, 8.657, 12.5], "rotation": 180, "texture": "#1"},
				"down": {"uv": [8.219, 4.5, 8.657, 12.5], "rotation": 180, "texture": "#1"}
			}
		},
		{
			"from": [8.6, 1, 3.65],
			"to": [8.7, 1.1, 10.6],
			"faces": {
				"north": {"uv": [8.25, 6.063, 8.625, 9.282], "rotation": 180, "texture": "#1"},
				"east": {"uv": [8.25, 6.063, 8.625, 9.282], "rotation": 180, "texture": "#1"},
				"south": {"uv": [8.25, 6.063, 8.625, 9.282], "rotation": 180, "texture": "#1"},
				"west": {"uv": [9.813, 3.313, 10.094, 3.532], "rotation": 180, "texture": "#1"},
				"up": {"uv": [8.25, 6.063, 8.625, 9.282], "rotation": 180, "texture": "#1"},
				"down": {"uv": [8.25, 6.063, 8.625, 9.282], "rotation": 180, "texture": "#1"}
			}
		},
		{
			"from": [5.2, 1, 10.35],
			"to": [8.6, 1.1, 10.6],
			"faces": {
				"north": {"uv": [9.813, 3.313, 10.155, 3.53], "rotation": 180, "texture": "#1"},
				"east": {"uv": [9.813, 3.313, 10.155, 3.53], "rotation": 180, "texture": "#1"},
				"south": {"uv": [13.063, 5.688, 13.405, 5.905], "rotation": 180, "texture": "#1"},
				"west": {"uv": [9.813, 3.313, 10.155, 3.53], "rotation": 180, "texture": "#1"},
				"up": {"uv": [9.813, 3.313, 10.155, 3.53], "rotation": 180, "texture": "#1"},
				"down": {"uv": [9.813, 3.313, 10.155, 3.53], "rotation": 180, "texture": "#1"}
			}
		},
		{
			"from": [5.2, 1, 3.65],
			"to": [8.6, 1.1, 3.9],
			"faces": {
				"north": {"uv": [9.813, 3.25, 10.155, 3.531], "rotation": 180, "texture": "#1"},
				"east": {"uv": [9.813, 3.25, 10.155, 3.531], "rotation": 180, "texture": "#1"},
				"south": {"uv": [9.813, 3.25, 10.155, 3.531], "rotation": 180, "texture": "#1"},
				"west": {"uv": [9.813, 3.25, 10.155, 3.531], "rotation": 180, "texture": "#1"},
				"up": {"uv": [9.813, 3.25, 10.155, 3.531], "rotation": 180, "texture": "#1"},
				"down": {"uv": [9.813, 3.25, 10.155, 3.531], "rotation": 180, "texture": "#1"}
			}
		},
		{
			"from": [5.2, 1, 3.85],
			"to": [8.6, 1.1, 4.1],
			"faces": {
				"north": {"uv": [15, 2.188, 15.312, 8.437], "rotation": 180, "texture": "#1"},
				"east": {"uv": [15, 2.188, 15.312, 8.437], "rotation": 180, "texture": "#1"},
				"south": {"uv": [9.813, 3.313, 10.031, 3.468], "rotation": 180, "texture": "#1"},
				"west": {"uv": [15, 2.188, 15.312, 8.437], "rotation": 180, "texture": "#1"},
				"up": {"uv": [9.844, 3.25, 10, 3.531], "rotation": 180, "texture": "#1"},
				"down": {"uv": [15, 2.188, 15.312, 8.437], "rotation": 180, "texture": "#1"}
			}
		}
	],
	"display": {
		"thirdperson_righthand": {
			"rotation": [111, 0, 0],
			"translation": [1, -0.25, 7.75]
		},
		"thirdperson_lefthand": {
			"rotation": [102, 0, 0],
			"translation": [-1, 1, 7.75]
		},
		"firstperson_righthand": {
			"rotation": [87, 0, 0],
			"translation": [12, 1, 7],
			"scale": [2, 2, 2]
		},
		"firstperson_lefthand": {
			"rotation": [91, 0, 0],
			"translation": [7, 0, 8],
			"scale": [2, 2, 2]
		},
		"ground": {
			"translation": [0, 5, 0]
		},
		"gui": {
			"rotation": [98, 0, 0],
			"translation": [1.75, -3.75, 0],
			"scale": [2, 2, 2]
		},
		"head": {
			"rotation": [-90, -180, 0],
			"translation": [-4.25, -2, -35.25],
			"scale": [4, 4, 2]
		},
		"fixed": {
			"rotation": [-86, -180, 0],
			"translation": [-2.5, 0, -16.25],
			"scale": [2, 2, 2]
		}
	}
}