{
	"credit": "quiktori",
	"textures": {
		"1": "items/items/fire",
		"2": "items/items/car2",
		"particle": "items/items/fire"
	},
	"elements": [
		{
			"from": [12.29688, -6.37499, -4.53515],
			"to": [12.29688, 2, 3.16211],
			"rotation": {"angle": 22.5, "axis": "y", "origin": [17.92188, 4.27735, -12.40234]},
			"faces": {
				"north": {"uv": [0, 0, 8, 8], "texture": "#1"},
				"east": {"uv": [0, 0, 8, 8], "texture": "#1"},
				"south": {"uv": [0, 0, 8, 8], "texture": "#1"},
				"west": {"uv": [0, 0, 8, 8], "texture": "#1"},
				"up": {"uv": [0, 0, 8, 8], "texture": "#1"},
				"down": {"uv": [0, 0, 8, 8], "texture": "#1"}
			}
		},
		{
			"from": [17.20313, -6.37499, -3.30078],
			"to": [17.20313, 2, 4.39648],
			"rotation": {"angle": 0, "axis": "y", "origin": [22.82813, 4.27735, -11.16797]},
			"faces": {
				"north": {"uv": [0, 0, 8, 8], "texture": "#1"},
				"east": {"uv": [0, 0, 8, 8], "texture": "#1"},
				"south": {"uv": [0, 0, 8, 8], "texture": "#1"},
				"west": {"uv": [0, 0, 8, 8], "texture": "#1"},
				"up": {"uv": [0, 0, 8, 8], "texture": "#1"},
				"down": {"uv": [0, 0, 8, 8], "texture": "#1"}
			}
		},
		{
			"from": [-1.04687, -6.37499, -3.30078],
			"to": [-1.04687, 2, 4.39648],
			"rotation": {"angle": 0, "axis": "y", "origin": [4.57813, 4.27735, -11.16797]},
			"faces": {
				"north": {"uv": [0, 0, 8, 8], "texture": "#1"},
				"east": {"uv": [0, 0, 8, 8], "texture": "#1"},
				"south": {"uv": [0, 0, 8, 8], "texture": "#1"},
				"west": {"uv": [0, 0, 8, 8], "texture": "#1"},
				"up": {"uv": [0, 0, 8, 8], "texture": "#1"},
				"down": {"uv": [0, 0, 8, 8], "texture": "#1"}
			}
		},
		{
			"from": [-5.95312, -6.37499, -4.53515],
			"to": [-5.95312, 2, 3.16211],
			"rotation": {"angle": 22.5, "axis": "y", "origin": [-0.32812, 4.27735, -12.40234]},
			"faces": {
				"north": {"uv": [0, 0, 8, 8], "texture": "#1"},
				"east": {"uv": [0, 0, 8, 8], "texture": "#1"},
				"south": {"uv": [0, 0, 8, 8], "texture": "#1"},
				"west": {"uv": [0, 0, 8, 8], "texture": "#1"},
				"up": {"uv": [0, 0, 8, 8], "texture": "#1"},
				"down": {"uv": [0, 0, 8, 8], "texture": "#1"}
			}
		},
		{
			"from": [17.20313, -6.37499, 19.82422],
			"to": [17.20313, 2, 27.52148],
			"rotation": {"angle": 0, "axis": "y", "origin": [22.82813, 4.27735, 11.95703]},
			"faces": {
				"north": {"uv": [0, 0, 8, 8], "texture": "#1"},
				"east": {"uv": [0, 0, 8, 8], "texture": "#1"},
				"south": {"uv": [0, 0, 8, 8], "texture": "#1"},
				"west": {"uv": [0, 0, 8, 8], "texture": "#1"},
				"up": {"uv": [0, 0, 8, 8], "texture": "#1"},
				"down": {"uv": [0, 0, 8, 8], "texture": "#1"}
			}
		},
		{
			"from": [12.29688, -6.37499, 18.58985],
			"to": [12.29688, 2, 26.28711],
			"rotation": {"angle": 22.5, "axis": "y", "origin": [17.92188, 4.27735, 10.72266]},
			"faces": {
				"north": {"uv": [0, 0, 8, 8], "texture": "#1"},
				"east": {"uv": [0, 0, 8, 8], "texture": "#1"},
				"south": {"uv": [0, 0, 8, 8], "texture": "#1"},
				"west": {"uv": [0, 0, 8, 8], "texture": "#1"},
				"up": {"uv": [0, 0, 8, 8], "texture": "#1"},
				"down": {"uv": [0, 0, 8, 8], "texture": "#1"}
			}
		},
		{
			"from": [-5.95312, -6.37499, 18.58985],
			"to": [-5.95312, 2, 26.28711],
			"rotation": {"angle": 22.5, "axis": "y", "origin": [-0.32812, 4.27735, 10.72266]},
			"faces": {
				"north": {"uv": [0, 0, 8, 8], "texture": "#1"},
				"east": {"uv": [0, 0, 8, 8], "texture": "#1"},
				"south": {"uv": [0, 0, 8, 8], "texture": "#1"},
				"west": {"uv": [0, 0, 8, 8], "texture": "#1"},
				"up": {"uv": [0, 0, 8, 8], "texture": "#1"},
				"down": {"uv": [0, 0, 8, 8], "texture": "#1"}
			}
		},
		{
			"from": [-1.04687, -6.37499, 19.82422],
			"to": [-1.04687, 2, 27.52148],
			"rotation": {"angle": 0, "axis": "y", "origin": [4.57813, 4.27735, 11.95703]},
			"faces": {
				"north": {"uv": [0, 0, 8, 8], "texture": "#1"},
				"east": {"uv": [0, 0, 8, 8], "texture": "#1"},
				"south": {"uv": [0, 0, 8, 8], "texture": "#1"},
				"west": {"uv": [0, 0, 8, 8], "texture": "#1"},
				"up": {"uv": [0, 0, 8, 8], "texture": "#1"},
				"down": {"uv": [0, 0, 8, 8], "texture": "#1"}
			}
		},
		{
			"from": [-3, -1.97265, 27.51172],
			"to": [19.12109, 2.40235, 31.08203],
			"rotation": {"angle": 0, "axis": "y", "origin": [9, 8.02735, 36.08203]},
			"faces": {
				"north": {"uv": [8.125, 2.25, 10.875, 2.75], "texture": "#2"},
				"east": {"uv": [7.875, 8.5, 8.375, 9], "texture": "#2"},
				"south": {"uv": [8.375, 5, 11.125, 5.5], "texture": "#2"},
				"west": {"uv": [6, 9, 6.5, 9.5], "texture": "#2"},
				"up": {"uv": [11.125, 7, 8.375, 6.5], "texture": "#2"},
				"down": {"uv": [11.125, 7, 8.375, 7.5], "texture": "#2"}
			}
		},
		{
			"from": [0.77148, -2, -3.40039],
			"to": [15.62109, 2.375, 27.97461],
			"rotation": {"angle": 0, "axis": "y", "origin": [9.25, 8, 32.97461]},
			"faces": {
				"north": {"uv": [8.875, 3.75, 10.75, 4.25], "texture": "#2"},
				"east": {"uv": [6.5, 5.5, 10.375, 6], "texture": "#2"},
				"south": {"uv": [7.875, 9.125, 9.75, 9.625], "texture": "#2"},
				"west": {"uv": [6.5, 6, 10.375, 6.5], "texture": "#2"},
				"up": {"uv": [4.625, 6.625, 2.75, 2.75], "texture": "#2"},
				"down": {"uv": [6.5, 4.625, 4.625, 8.5], "texture": "#2"}
			}
		},
		{
			"from": [0.75, 2.30077, 28.58203],
			"to": [15.375, 8.72265, 31.08203],
			"rotation": {"angle": 0, "axis": "y", "origin": [7.75, 11.05077, 26.08203]},
			"faces": {
				"north": {"uv": [6.5, 7.75, 8.375, 8.5], "texture": "#2"},
				"east": {"uv": [5, 10.375, 5.375, 11.125], "texture": "#2"},
				"south": {"uv": [8.125, 1.5, 10, 2.25], "texture": "#2"},
				"west": {"uv": [1.5, 10.875, 1.875, 11.625], "texture": "#2"},
				"up": {"uv": [6.5, 4.625, 4.625, 4.25], "texture": "#2"},
				"down": {"uv": [10.25, 8, 8.375, 8.375], "texture": "#2"}
			}
		},
		{
			"from": [-3, -2, -7.08203],
			"to": [19.125, 8.72265, -3.35937],
			"rotation": {"angle": 0, "axis": "y", "origin": [9, 8, -8]},
			"faces": {
				"north": {"uv": [2.75, 0, 5.5, 1.375], "texture": "#2"},
				"east": {"uv": [5.375, 10, 5.875, 11.375], "texture": "#2"},
				"south": {"uv": [2.75, 1.375, 5.5, 2.75], "texture": "#2"},
				"west": {"uv": [5.875, 10, 6.375, 11.375], "texture": "#2"},
				"up": {"uv": [11.125, 8, 8.375, 7.5], "texture": "#2"},
				"down": {"uv": [6.625, 8.5, 3.875, 9], "texture": "#2"}
			}
		},
		{
			"from": [0.75, 0.875, -3.35937],
			"to": [15.375, 8.72265, 6.15039],
			"rotation": {"angle": 0, "axis": "y", "origin": [12.75, 8, -3.45703]},
			"faces": {
				"north": {"uv": [2, 6.625, 3.875, 7.625], "texture": "#2"},
				"east": {"uv": [6.625, 8.5, 7.875, 9.5], "texture": "#2"},
				"south": {"uv": [2, 7.625, 3.875, 8.625], "texture": "#2"},
				"west": {"uv": [2, 8.625, 3.25, 9.625], "texture": "#2"},
				"up": {"uv": [8.375, 7.75, 6.5, 6.5], "texture": "#2"},
				"down": {"uv": [8.375, 4.25, 6.5, 5.5], "texture": "#2"}
			}
		},
		{
			"from": [15.375, 2.375, -3.35937],
			"to": [19.125, 8.72265, 31.04297],
			"rotation": {"angle": 0, "axis": "y", "origin": [21, 8, -3.45703]},
			"faces": {
				"north": {"uv": [9.875, 10.375, 10.375, 11.125], "texture": "#2"},
				"east": {"uv": [4.625, 2.75, 8.875, 3.5], "texture": "#2"},
				"south": {"uv": [10.375, 10.375, 10.875, 11.125], "texture": "#2"},
				"west": {"uv": [4.625, 3.5, 8.875, 4.25], "texture": "#2"},
				"up": {"uv": [0.5, 10.875, 0, 6.625], "texture": "#2"},
				"down": {"uv": [1, 6.625, 0.5, 10.875], "texture": "#2"}
			}
		},
		{
			"from": [-3, -1.99999, 4.44922],
			"to": [0.75781, 2.375, 19.89648],
			"rotation": {"angle": 0, "axis": "y", "origin": [2.625, 4.65235, -3.41797]},
			"faces": {
				"north": {"uv": [10.25, 11.125, 10.75, 11.625], "texture": "#2"},
				"east": {"uv": [5.25, 9.5, 7.125, 10], "texture": "#2"},
				"south": {"uv": [11.125, 6.5, 11.625, 7], "texture": "#2"},
				"west": {"uv": [7.125, 9.625, 9, 10.125], "texture": "#2"},
				"up": {"uv": [4.375, 8.5, 3.875, 6.625], "texture": "#2"},
				"down": {"uv": [2.5, 9.625, 2, 11.5], "texture": "#2"}
			}
		},
		{
			"from": [15.625, -2.04296, 4.44922],
			"to": [19.125, 2.375, 19.89648],
			"rotation": {"angle": 0, "axis": "y", "origin": [21, 4.65235, -3.41797]},
			"faces": {
				"north": {"uv": [11.125, 7, 11.625, 7.5], "texture": "#2"},
				"east": {"uv": [9, 9.625, 10.875, 10.125], "texture": "#2"},
				"south": {"uv": [11.125, 7.5, 11.625, 8], "texture": "#2"},
				"west": {"uv": [9.75, 0, 11.625, 0.5], "texture": "#2"},
				"up": {"uv": [3, 11.5, 2.5, 9.625], "texture": "#2"},
				"down": {"uv": [3.5, 10, 3, 11.875], "texture": "#2"}
			}
		},
		{
			"from": [-3, 2.375, -3.35937],
			"to": [0.75, 8.72265, 31.04297],
			"rotation": {"angle": 0, "axis": "y", "origin": [2.625, 8, -3.45703]},
			"faces": {
				"north": {"uv": [10.375, 5.5, 10.875, 6.25], "texture": "#2"},
				"east": {"uv": [5.5, 0, 9.75, 0.75], "texture": "#2"},
				"south": {"uv": [10.75, 8, 11.25, 8.75], "texture": "#2"},
				"west": {"uv": [5.5, 0.75, 9.75, 1.5], "texture": "#2"},
				"up": {"uv": [1.5, 10.875, 1, 6.625], "texture": "#2"},
				"down": {"uv": [2, 6.625, 1.5, 10.875], "texture": "#2"}
			}
		},
		{
			"from": [0.625, 7.54687, 6.11524],
			"to": [15.5, 8.73242, 9.90039],
			"rotation": {"angle": 0, "axis": "x", "origin": [9, 13.90039, 4.27539]},
			"faces": {
				"north": {"uv": [10.875, 2.625, 12.75, 2.75], "texture": "#2"},
				"east": {"uv": [7.875, 9, 8.375, 9.125], "texture": "#2"},
				"south": {"uv": [10.875, 10, 12.75, 10.125], "texture": "#2"},
				"west": {"uv": [11.875, 4.5, 12.375, 4.625], "texture": "#2"},
				"up": {"uv": [11.625, 1, 9.75, 0.5], "texture": "#2"},
				"down": {"uv": [11.625, 1, 9.75, 1.5], "texture": "#2"}
			}
		},
		{
			"from": [2.72461, 11.38281, 0.5],
			"to": [3.88672, 12.58789, 10.57422],
			"rotation": {"angle": -22.5, "axis": "x", "origin": [10.59961, 18.58594, 17.625]},
			"faces": {
				"north": {"uv": [6.5, 9.375, 6.625, 9.5], "texture": "#2"},
				"east": {"uv": [11.625, 1, 12.875, 1.125], "texture": "#2"},
				"south": {"uv": [7.75, 9.5, 7.875, 9.625], "texture": "#2"},
				"west": {"uv": [11.625, 1.125, 12.875, 1.25], "texture": "#2"},
				"up": {"uv": [10.75, 12.875, 10.625, 11.625], "texture": "#2"},
				"down": {"uv": [11.75, 5.5, 11.625, 6.75], "texture": "#2"}
			}
		},
		{
			"from": [0.5, 9.36719, 11.25],
			"to": [6.125, 14.625, 11.25],
			"rotation": {"angle": -22.5, "axis": "x", "origin": [9.125, 16.86719, 17.75]},
			"faces": {
				"north": {"uv": [9.125, 10.375, 9.875, 11], "texture": "#2"},
				"east": {"uv": [9.125, 10.375, 9.875, 11], "texture": "#2"},
				"south": {"uv": [9.125, 10.375, 9.875, 11], "texture": "#2"},
				"west": {"uv": [9.125, 10.375, 9.875, 11], "texture": "#2"},
				"up": {"uv": [9.125, 10.375, 9.875, 11], "texture": "#2"},
				"down": {"uv": [9.125, 10.375, 9.875, 11], "texture": "#2"}
			}
		},
		{
			"from": [0.25, 3, 17.66211],
			"to": [15.25, 6.35742, 24.14649],
			"rotation": {"angle": 0, "axis": "x", "origin": [3.875, 9.16016, 21.89649]},
			"faces": {
				"north": {"uv": [3.5, 10, 5.375, 10.375], "texture": "#2"},
				"east": {"uv": [10.875, 9.625, 11.625, 10], "texture": "#2"},
				"south": {"uv": [10, 1.5, 11.875, 1.875], "texture": "#2"},
				"west": {"uv": [10.875, 10.375, 11.625, 10.75], "texture": "#2"},
				"up": {"uv": [10.25, 9.125, 8.375, 8.375], "texture": "#2"},
				"down": {"uv": [10.25, 4.25, 8.375, 5], "texture": "#2"}
			}
		},
		{
			"from": [15.625, 2.23047, -3.75],
			"to": [19.125, 2.23047, 4.70703],
			"rotation": {"angle": 0, "axis": "y", "origin": [21, 4.50782, -16.54297]},
			"faces": {
				"north": {"uv": [0, 0, 0.5, 0], "texture": "#2"},
				"east": {"uv": [0, 0, 1, 0], "texture": "#2"},
				"south": {"uv": [0, 0, 0.5, 0], "texture": "#2"},
				"west": {"uv": [0, 0, 1, 0], "texture": "#2"},
				"up": {"uv": [10.75, 9, 10.25, 8], "texture": "#2"},
				"down": {"uv": [5, 10.375, 4.5, 11.375], "texture": "#2"}
			}
		},
		{
			"from": [15.625, 2.23047, 19.0293],
			"to": [19.125, 2.23047, 27.48633],
			"rotation": {"angle": 0, "axis": "y", "origin": [21, 4.50782, 6.23633]},
			"faces": {
				"north": {"uv": [0, 0, 0.5, 0], "texture": "#2"},
				"east": {"uv": [0, 0, 1, 0], "texture": "#2"},
				"south": {"uv": [0, 0, 0.5, 0], "texture": "#2"},
				"west": {"uv": [0, 0, 1, 0], "texture": "#2"},
				"up": {"uv": [4.5, 11.375, 4, 10.375], "texture": "#2"},
				"down": {"uv": [5, 10.375, 4.5, 11.375], "texture": "#2"}
			}
		},
		{
			"from": [-2.87109, 2.23047, -3.53711],
			"to": [0.62891, 2.23047, 4.91992],
			"rotation": {"angle": 0, "axis": "y", "origin": [2.50391, 4.50782, -16.33008]},
			"faces": {
				"north": {"uv": [0, 0, 0.5, 0], "texture": "#2"},
				"east": {"uv": [0, 0, 1, 0], "texture": "#2"},
				"south": {"uv": [0, 0, 0.5, 0], "texture": "#2"},
				"west": {"uv": [0, 0, 1, 0], "texture": "#2"},
				"up": {"uv": [7.875, 11.375, 7.375, 10.375], "texture": "#2"},
				"down": {"uv": [5, 10.375, 4.5, 11.375], "texture": "#2"}
			}
		},
		{
			"from": [-2.87109, 2.23047, 19.0293],
			"to": [0.62891, 2.23047, 27.48633],
			"rotation": {"angle": 0, "axis": "y", "origin": [2.50391, 4.50782, 6.23633]},
			"faces": {
				"north": {"uv": [0, 0, 0.5, 0], "texture": "#2"},
				"east": {"uv": [0, 0, 1, 0], "texture": "#2"},
				"south": {"uv": [0, 0, 0.5, 0], "texture": "#2"},
				"west": {"uv": [0, 0, 1, 0], "texture": "#2"},
				"up": {"uv": [6.875, 11.375, 6.375, 10.375], "texture": "#2"},
				"down": {"uv": [5, 10.375, 4.5, 11.375], "texture": "#2"}
			}
		},
		{
			"from": [18.46289, 6.73048, 7.92411],
			"to": [19.08789, 15.7129, 9.53349],
			"rotation": {"angle": 22.5, "axis": "x", "origin": [14.96289, 12.14064, 11.28349]},
			"faces": {
				"north": {"uv": [4, 11.75, 4.125, 12.875], "texture": "#2"},
				"east": {"uv": [8.625, 11, 8.875, 12.125], "texture": "#2"},
				"south": {"uv": [4.125, 11.75, 4.25, 12.875], "texture": "#2"},
				"west": {"uv": [8.875, 11, 9.125, 12.125], "texture": "#2"},
				"up": {"uv": [10.875, 11.375, 10.75, 11.125], "texture": "#2"},
				"down": {"uv": [2, 11.25, 1.875, 11.5], "texture": "#2"}
			}
		},
		{
			"from": [18.5, 8.72265, 19.72265],
			"to": [19.125, 15.89452, 21.08203],
			"rotation": {"angle": 0, "axis": "x", "origin": [15, 14.13281, 23.08203]},
			"faces": {
				"north": {"uv": [3.375, 11.875, 3.5, 12.75], "texture": "#2"},
				"east": {"uv": [12, 12, 12.125, 12.875], "texture": "#2"},
				"south": {"uv": [12, 5.5, 12.125, 6.375], "texture": "#2"},
				"west": {"uv": [12, 6.375, 12.125, 7.25], "texture": "#2"},
				"up": {"uv": [12, 11.375, 11.875, 11.25], "texture": "#2"},
				"down": {"uv": [9.125, 12.125, 9, 12.25], "texture": "#2"}
			}
		},
		{
			"from": [18.5, 8.72265, 29.72265],
			"to": [19.125, 15.88476, 31.08203],
			"rotation": {"angle": 0, "axis": "x", "origin": [15, 14.13281, 33.08203]},
			"faces": {
				"north": {"uv": [5.25, 11.75, 5.375, 12.625], "texture": "#2"},
				"east": {"uv": [3, 11.875, 3.125, 12.75], "texture": "#2"},
				"south": {"uv": [3.125, 11.875, 3.25, 12.75], "texture": "#2"},
				"west": {"uv": [3.25, 11.875, 3.375, 12.75], "texture": "#2"},
				"up": {"uv": [7.125, 10.125, 7, 10], "texture": "#2"},
				"down": {"uv": [9.875, 11, 9.75, 11.125], "texture": "#2"}
			}
		},
		{
			"from": [-3, 8.72265, 29.72265],
			"to": [-2.375, 15.8789, 31.08203],
			"rotation": {"angle": 0, "axis": "x", "origin": [-6.5, 14.13281, 33.08203]},
			"faces": {
				"north": {"uv": [3.5, 12.125, 3.625, 13], "texture": "#2"},
				"east": {"uv": [3.625, 12.125, 3.75, 13], "texture": "#2"},
				"south": {"uv": [3.75, 12.125, 3.875, 13], "texture": "#2"},
				"west": {"uv": [8.375, 12.125, 8.5, 13], "texture": "#2"},
				"up": {"uv": [12.25, 9.625, 12.125, 9.5], "texture": "#2"},
				"down": {"uv": [12.375, 7.5, 12.25, 7.625], "texture": "#2"}
			}
		},
		{
			"from": [-3, 8.72265, 20.72265],
			"to": [-2.375, 15.8789, 22.08203],
			"rotation": {"angle": 0, "axis": "x", "origin": [-6.5, 14.13281, 24.08203]},
			"faces": {
				"north": {"uv": [8.5, 12.125, 8.625, 13], "texture": "#2"},
				"east": {"uv": [8.625, 12.125, 8.75, 13], "texture": "#2"},
				"south": {"uv": [8.75, 12.125, 8.875, 13], "texture": "#2"},
				"west": {"uv": [8.875, 12.125, 9, 13], "texture": "#2"},
				"up": {"uv": [12.375, 10.75, 12.25, 10.625], "texture": "#2"},
				"down": {"uv": [12.5, 4.5, 12.375, 4.625], "texture": "#2"}
			}
		},
		{
			"from": [-2.98242, 6.7422, 7.90067],
			"to": [-2.35742, 15.72462, 9.51005],
			"rotation": {"angle": 22.5, "axis": "x", "origin": [-6.48242, 12.15236, 11.26005]},
			"faces": {
				"north": {"uv": [2.625, 5.5, 2.75, 6.625], "texture": "#2"},
				"east": {"uv": [4.375, 6.625, 4.625, 7.75], "texture": "#2"},
				"south": {"uv": [3.875, 11.75, 4, 12.875], "texture": "#2"},
				"west": {"uv": [8.375, 11, 8.625, 12.125], "texture": "#2"},
				"up": {"uv": [8.125, 2.75, 8, 2.5], "texture": "#2"},
				"down": {"uv": [10.875, 6.25, 10.75, 6.5], "texture": "#2"}
			}
		},
		{
			"from": [-3.01172, 15.8789, 9.52343],
			"to": [19.09375, 16.73828, 31.05859],
			"rotation": {"angle": 0, "axis": "x", "origin": [11.59375, 14.7539, 14.89648]},
			"faces": {
				"north": {"uv": [10.25, 4.625, 13, 4.75], "texture": "#2"},
				"east": {"uv": [10.25, 4.75, 13, 4.875], "texture": "#2"},
				"south": {"uv": [10.25, 4.875, 13, 5], "texture": "#2"},
				"west": {"uv": [10.25, 9, 13, 9.125], "texture": "#2"},
				"up": {"uv": [2.75, 2.75, 0, 0], "texture": "#2"},
				"down": {"uv": [2.75, 2.75, 0, 5.5], "texture": "#2"}
			}
		},
		{
			"from": [-2.25, 3.125, 29.66797],
			"to": [3.875, 6.97265, 31.375],
			"rotation": {"angle": 0, "axis": "y", "origin": [-6.25, 6.25, 22.875]},
			"faces": {
				"north": {"uv": [5.25, 9, 6, 9.5], "texture": "#2"},
				"east": {"uv": [4.375, 7.75, 4.625, 8.25], "texture": "#2"},
				"south": {"uv": [10.75, 3.75, 11.5, 4.25], "texture": "#2"},
				"west": {"uv": [4.25, 11.75, 4.5, 12.25], "texture": "#2"},
				"up": {"uv": [12.125, 9.375, 11.375, 9.125], "texture": "#2"},
				"down": {"uv": [12.125, 9.375, 11.375, 9.625], "texture": "#2"}
			}
		},
		{
			"from": [12.125, 3.125, 29.66797],
			"to": [18.25, 6.97265, 31.375],
			"rotation": {"angle": 0, "axis": "y", "origin": [8.125, 6.25, 22.875]},
			"faces": {
				"north": {"uv": [0, 10.875, 0.75, 11.375], "texture": "#2"},
				"east": {"uv": [4.5, 11.75, 4.75, 12.25], "texture": "#2"},
				"south": {"uv": [0.75, 10.875, 1.5, 11.375], "texture": "#2"},
				"west": {"uv": [4.75, 11.75, 5, 12.25], "texture": "#2"},
				"up": {"uv": [12.125, 10.375, 11.375, 10.125], "texture": "#2"},
				"down": {"uv": [12.25, 3.75, 11.5, 4], "texture": "#2"}
			}
		},
		{
			"from": [-2.25, 3, -7.58203],
			"to": [3.875, 6.84765, -5.875],
			"rotation": {"angle": 0, "axis": "y", "origin": [-6.25, 6.125, -14.375]},
			"faces": {
				"north": {"uv": [10.875, 10.875, 11.625, 11.375], "texture": "#2"},
				"east": {"uv": [5, 11.75, 5.25, 12.25], "texture": "#2"},
				"south": {"uv": [10.875, 2.125, 11.625, 2.625], "texture": "#2"},
				"west": {"uv": [11.75, 11.75, 12, 12.25], "texture": "#2"},
				"up": {"uv": [12.25, 4.25, 11.5, 4], "texture": "#2"},
				"down": {"uv": [12.375, 0, 11.625, 0.25], "texture": "#2"}
			}
		},
		{
			"from": [12.125, 3, -7.58203],
			"to": [18.25, 6.84765, -5.875],
			"rotation": {"angle": 0, "axis": "y", "origin": [8.125, 6.125, -14.375]},
			"faces": {
				"north": {"uv": [10.875, 5.5, 11.625, 6], "texture": "#2"},
				"east": {"uv": [11.75, 5.5, 12, 6], "texture": "#2"},
				"south": {"uv": [10.875, 6, 11.625, 6.5], "texture": "#2"},
				"west": {"uv": [11.75, 6, 12, 6.5], "texture": "#2"},
				"up": {"uv": [12.375, 0.5, 11.625, 0.25], "texture": "#2"},
				"down": {"uv": [12.375, 0.5, 11.625, 0.75], "texture": "#2"}
			}
		},
		{
			"from": [19.17188, 5.51563, 16.3086],
			"to": [19.42188, 6.23828, 18.76563],
			"rotation": {"angle": 0, "axis": "y", "origin": [15.17188, 5.51563, 9.51563]},
			"faces": {
				"north": {"uv": [6.375, 12.5, 6.5, 12.625], "texture": "#2"},
				"east": {"uv": [10.625, 2.125, 10.875, 2.25], "texture": "#2"},
				"south": {"uv": [6.5, 12.5, 6.625, 12.625], "texture": "#2"},
				"west": {"uv": [11.625, 11.25, 11.875, 11.375], "texture": "#2"},
				"up": {"uv": [4.75, 12.75, 4.625, 12.5], "texture": "#2"},
				"down": {"uv": [4.875, 12.5, 4.75, 12.75], "texture": "#2"}
			}
		},
		{
			"from": [-3.21875, 5.51563, 16.3086],
			"to": [-2.96875, 6.23828, 18.76563],
			"rotation": {"angle": 0, "axis": "y", "origin": [-7.21875, 5.51563, 9.51563]},
			"faces": {
				"north": {"uv": [6.625, 12.5, 6.75, 12.625], "texture": "#2"},
				"east": {"uv": [12.125, 12, 12.375, 12.125], "texture": "#2"},
				"south": {"uv": [6.75, 12.5, 6.875, 12.625], "texture": "#2"},
				"west": {"uv": [12.25, 2.375, 12.5, 2.5], "texture": "#2"},
				"up": {"uv": [5.75, 12.75, 5.625, 12.5], "texture": "#2"},
				"down": {"uv": [5.875, 12.5, 5.75, 12.75], "texture": "#2"}
			}
		},
		{
			"from": [-4.09375, -1.96875, 6.94336],
			"to": [-2.96875, -1.2461, 18.89063],
			"rotation": {"angle": 0, "axis": "y", "origin": [-7.21875, -1.96875, 9.64063]},
			"faces": {
				"north": {"uv": [6.875, 12.5, 7, 12.625], "texture": "#2"},
				"east": {"uv": [10.875, 10.75, 12.375, 10.875], "texture": "#2"},
				"south": {"uv": [7, 12.5, 7.125, 12.625], "texture": "#2"},
				"west": {"uv": [11.5, 11.375, 13, 11.5], "texture": "#2"},
				"up": {"uv": [3, 13, 2.875, 11.5], "texture": "#2"},
				"down": {"uv": [1.875, 11.625, 1.75, 13.125], "texture": "#2"}
			}
		},
		{
			"from": [18.90625, -1.96875, 6.94336],
			"to": [20.03125, -1.2461, 18.89063],
			"rotation": {"angle": 0, "axis": "y", "origin": [15.78125, -1.96875, 9.64063]},
			"faces": {
				"north": {"uv": [7.125, 12.5, 7.25, 12.625], "texture": "#2"},
				"east": {"uv": [11.625, 0.75, 13.125, 0.875], "texture": "#2"},
				"south": {"uv": [7.25, 12.5, 7.375, 12.625], "texture": "#2"},
				"west": {"uv": [11.625, 0.875, 13.125, 1], "texture": "#2"},
				"up": {"uv": [10.5, 13.125, 10.375, 11.625], "texture": "#2"},
				"down": {"uv": [10.625, 11.625, 10.5, 13.125], "texture": "#2"}
			}
		},
		{
			"from": [3.875, 4, -7.58203],
			"to": [12.125, 6.09765, -5.875],
			"rotation": {"angle": 0, "axis": "y", "origin": [2, 6.125, -14.375]},
			"faces": {
				"north": {"uv": [11.25, 8, 12.25, 8.25], "texture": "#2"},
				"east": {"uv": [2.125, 12.375, 2.375, 12.625], "texture": "#2"},
				"south": {"uv": [11.25, 8.25, 12.25, 8.5], "texture": "#2"},
				"west": {"uv": [2.375, 12.375, 2.625, 12.625], "texture": "#2"},
				"up": {"uv": [12.25, 8.75, 11.25, 8.5], "texture": "#2"},
				"down": {"uv": [1, 11.375, 0, 11.625], "texture": "#2"}
			}
		},
		{
			"from": [3.4375, -0.45312, -7.27344],
			"to": [12.4375, 1.64063, -7.11719],
			"rotation": {"angle": 0, "axis": "y", "origin": [12.3125, 6.51563, 0.72656]},
			"faces": {
				"north": {"uv": [0, 14.25, 3.25, 15.125], "texture": "#2"},
				"east": {"uv": [0.875, 12.5, 1, 12.75], "texture": "#2"},
				"south": {"uv": [9.125, 11.125, 10.25, 11.375], "texture": "#2"},
				"west": {"uv": [1.5, 12.5, 1.625, 12.75], "texture": "#2"},
				"up": {"uv": [12.75, 1.375, 11.625, 1.25], "texture": "#2"},
				"down": {"uv": [12.75, 1.375, 11.625, 1.5], "texture": "#2"}
			}
		},
		{
			"from": [3.4375, -0.45312, 30.97656],
			"to": [12.4375, 1.64063, 31.13281],
			"rotation": {"angle": 0, "axis": "y", "origin": [12.3125, 6.51563, 38.97656]},
			"faces": {
				"north": {"uv": [11.125, 5, 12.25, 5.25], "texture": "#2"},
				"east": {"uv": [1.625, 12.5, 1.75, 12.75], "texture": "#2"},
				"south": {"uv": [3.25, 14.25, 6.5, 15.125], "texture": "#2"},
				"west": {"uv": [4.5, 12.5, 4.625, 12.75], "texture": "#2"},
				"up": {"uv": [12.75, 2.625, 11.625, 2.5], "texture": "#2"},
				"down": {"uv": [12.75, 7.875, 11.625, 8], "texture": "#2"}
			}
		},
		{
			"from": [12.11133, 9.70313, 7.67773],
			"to": [16.73438, 12.32422, 8.42773],
			"rotation": {"angle": -22.5, "axis": "y", "origin": [19.11133, 13.82813, 27.17773]},
			"faces": {
				"north": {"uv": [3.25, 8.625, 3.875, 9], "texture": "#2"},
				"east": {"uv": [12.375, 10.625, 12.5, 11], "texture": "#2"},
				"south": {"uv": [3.5, 11.375, 4.125, 11.75], "texture": "#2"},
				"west": {"uv": [12.375, 11, 12.5, 11.375], "texture": "#2"},
				"up": {"uv": [7.75, 9.625, 7.125, 9.5], "texture": "#2"},
				"down": {"uv": [7, 10, 6.375, 10.125], "texture": "#2"}
			}
		},
		{
			"from": [19.29493, 2.51563, 6.64063],
			"to": [19.91797, 4.81641, 7.39063],
			"rotation": {"angle": -45, "axis": "z", "origin": [26.29493, 6.64063, 26.14063]},
			"faces": {
				"north": {"uv": [10.125, 11.375, 10.25, 11.625], "texture": "#2"},
				"east": {"uv": [12.375, 12.125, 12.5, 12.375], "texture": "#2"},
				"south": {"uv": [0.125, 12.5, 0.25, 12.75], "texture": "#2"},
				"west": {"uv": [0.25, 12.5, 0.375, 12.75], "texture": "#2"},
				"up": {"uv": [6, 12.625, 5.875, 12.5], "texture": "#2"},
				"down": {"uv": [6.125, 12.5, 6, 12.625], "texture": "#2"}
			}
		},
		{
			"from": [-1.50614, 10.07981, 4.49906],
			"to": [3.1169, 12.7009, 5.24906],
			"rotation": {"angle": 22.5, "axis": "y", "origin": [5.49386, 14.20481, 23.99906]},
			"faces": {
				"north": {"uv": [4.125, 11.375, 4.75, 11.75], "texture": "#2"},
				"east": {"uv": [12.375, 11.75, 12.5, 12.125], "texture": "#2"},
				"south": {"uv": [4.75, 11.375, 5.375, 11.75], "texture": "#2"},
				"west": {"uv": [0, 12.5, 0.125, 12.875], "texture": "#2"},
				"up": {"uv": [10.625, 2.25, 10, 2.125], "texture": "#2"},
				"down": {"uv": [9.75, 11, 9.125, 11.125], "texture": "#2"}
			}
		},
		{
			"from": [-7.85156, 12.34375, 7],
			"to": [-7.22852, 14.64454, 7.75],
			"rotation": {"angle": 45, "axis": "z", "origin": [-0.85156, 16.46875, 26.5]},
			"faces": {
				"north": {"uv": [0.375, 12.5, 0.5, 12.75], "texture": "#2"},
				"east": {"uv": [0.5, 12.5, 0.625, 12.75], "texture": "#2"},
				"south": {"uv": [0.625, 12.5, 0.75, 12.75], "texture": "#2"},
				"west": {"uv": [0.75, 12.5, 0.875, 12.75], "texture": "#2"},
				"up": {"uv": [6.25, 12.625, 6.125, 12.5], "texture": "#2"},
				"down": {"uv": [6.375, 12.5, 6.25, 12.625], "texture": "#2"}
			}
		}
	],
	"display": {
		"head": {
			"translation": [19.5, 12.75, -53.25],
			"scale": [4, 4, 4]
		}
	},
	"groups": [
		{
			"name": "огонь",
			"origin": [4.57813, 4.27735, 11.95703],
			"children": [0, 1, 2, 3, 4, 5, 6, 7]
		},
		{
			"name": "основа",
			"origin": [9, 13.90039, 0.75781],
			"children": [8, 9, 10, 11, 12, 13, 14, 15, 16, 17, 18, 19, 20]
		},
		{
			"name": "ускорители",
			"origin": [2.50391, 4.50782, 5.11133],
			"children": [21, 22, 23, 24]
		},
		{
			"name": "верх",
			"origin": [13.25, 12.16016, 10.98438],
			"children": [
				{
					"name": "стекло",
					"origin": [27.5, 12.98048, 22.29911],
					"children": []
				},
				{
					"name": "group",
					"origin": [-6.48242, 12.15236, 11.26005],
					"children": [25, 26, 27, 28, 29, 30]
				}, 31]
		},
		{
			"name": "фары, номера, радиатор",
			"origin": [12.3125, 8.51563, 38.97656],
			"children": [32, 33, 34, 35, 36, 37, 38, 39, 40, 41, 42]
		},
		{
			"name": "боковые зеркала",
			"origin": [-0.85156, 16.46875, 28.625],
			"children": [43, 44, 45, 46]
		}
	]
}