{
	"credit": "quiktori",
	"textures": {
		"0": "items/items/dollar",
		"particle": "items/items/dollar"
	},
	"elements": [
		{
			"from": [6, 0, 6],
			"to": [9.975, 0.05, 8],
			"faces": {
				"north": {"uv": [0, 7.75, 15.625, 8.998], "texture": "#0"},
				"east": {"uv": [0.219, 8.063, 15.844, 8.998], "texture": "#0"},
				"south": {"uv": [0.063, 7.438, 15.688, 9.561], "texture": "#0"},
				"west": {"uv": [0, 7.688, 15.625, 9.405], "texture": "#0"},
				"up": {"uv": [0.25, 0.219, 15.875, 6.937], "texture": "#0"},
				"down": {"uv": [0.25, 0.219, 15.875, 6.937], "texture": "#0"}
			}
		},
		{
			"from": [6, 0.15, 6],
			"to": [9.975, 0.2, 8],
			"faces": {
				"north": {"uv": [0, 7.75, 15.625, 8.998], "texture": "#0"},
				"east": {"uv": [0.219, 8.063, 15.844, 8.998], "texture": "#0"},
				"south": {"uv": [0.063, 7.438, 15.688, 9.561], "texture": "#0"},
				"west": {"uv": [0, 7.688, 15.625, 9.405], "texture": "#0"},
				"up": {"uv": [0.25, 0.219, 15.875, 6.937], "texture": "#0"},
				"down": {"uv": [0.25, 0.219, 15.875, 6.937], "texture": "#0"}
			}
		},
		{
			"from": [5.72284, 0.05, 6.11481],
			"to": [9.69784, 0.1, 8.11481],
			"rotation": {"angle": -22.5, "axis": "y", "origin": [8, 8, 8]},
			"faces": {
				"north": {"uv": [0.375, 7.531, 16, 9.31], "texture": "#0"},
				"east": {"uv": [0.219, 7.656, 15.844, 9.685], "texture": "#0"},
				"south": {"uv": [0.125, 8.063, 15.75, 9.311], "texture": "#0"},
				"west": {"uv": [0, 7.688, 15.625, 9.03], "texture": "#0"},
				"up": {"uv": [0.25, 0.219, 15.875, 6.937], "texture": "#0"},
				"down": {"uv": [0.25, 0.219, 15.875, 6.937], "texture": "#0"}
			}
		},
		{
			"from": [5.72284, 0.2, 6.11481],
			"to": [9.69784, 0.25, 8.11481],
			"rotation": {"angle": -22.5, "axis": "y", "origin": [8, 8, 8]},
			"faces": {
				"north": {"uv": [0.375, 7.531, 16, 9.31], "texture": "#0"},
				"east": {"uv": [0.219, 7.656, 15.844, 9.685], "texture": "#0"},
				"south": {"uv": [0.125, 8.063, 15.75, 9.311], "texture": "#0"},
				"west": {"uv": [0, 7.688, 15.625, 9.03], "texture": "#0"},
				"up": {"uv": [0.25, 0.219, 15.875, 6.937], "texture": "#0"},
				"down": {"uv": [0.25, 0.219, 15.875, 6.937], "texture": "#0"}
			}
		},
		{
			"from": [5.50503, 0.1, 6.49497],
			"to": [9.48003, 0.15, 8.49497],
			"rotation": {"angle": -45, "axis": "y", "origin": [8, 8, 8]},
			"faces": {
				"north": {"uv": [0.219, 7.438, 15.844, 9.78], "texture": "#0"},
				"east": {"uv": [0.219, 7.594, 15.844, 9.623], "texture": "#0"},
				"south": {"uv": [0, 7.25, 16, 9.968], "texture": "#0"},
				"west": {"uv": [0.219, 7.281, 15.844, 9.968], "texture": "#0"},
				"up": {"uv": [0.25, 0.219, 15.875, 6.937], "texture": "#0"},
				"down": {"uv": [0.25, 0.219, 15.875, 6.937], "texture": "#0"}
			}
		},
		{
			"from": [5.50503, 0.25, 6.49497],
			"to": [9.48003, 0.3, 8.49497],
			"rotation": {"angle": -45, "axis": "y", "origin": [8, 8, 8]},
			"faces": {
				"north": {"uv": [0.219, 7.438, 15.844, 9.78], "texture": "#0"},
				"east": {"uv": [0.219, 7.594, 15.844, 9.623], "texture": "#0"},
				"south": {"uv": [0, 7.25, 16, 9.968], "texture": "#0"},
				"west": {"uv": [0.219, 7.281, 15.844, 9.968], "texture": "#0"},
				"up": {"uv": [0.25, 0.219, 15.875, 6.937], "texture": "#0"},
				"down": {"uv": [0.25, 0.219, 15.875, 6.937], "texture": "#0"}
			}
		}
	],
	"display": {
		"thirdperson_righthand": {
			"rotation": [81, 19, 0],
			"translation": [2.5, 2.5, 12.25],
			"scale": [1.5, 1.5, 1.5]
		},
		"thirdperson_lefthand": {
			"rotation": [81, -19, 0],
			"translation": [-2.25, 2.5, 12.25],
			"scale": [1.5, 1.5, 1.5]
		},
		"firstperson_righthand": {
			"rotation": [44, -19, 0],
			"translation": [3.5, 10, 9],
			"scale": [2, 2, 2]
		},
		"firstperson_lefthand": {
			"rotation": [49, -113, -15],
			"translation": [3.25, 9, 9.75],
			"scale": [2, 2, 2]
		},
		"ground": {
			"translation": [0, 21.25, 0],
			"scale": [3, 3, 3]
		},
		"gui": {
			"rotation": [90, 49, 0],
			"translation": [2.25, -2.75, 0],
			"scale": [3.6, 3.6, 3.6]
		},
		"head": {
			"translation": [0, 30.25, 2.25],
			"scale": [3, 3, 3]
		},
		"fixed": {
			"rotation": [90, -180, 0],
			"translation": [0.25, 2.75, 30.75],
			"scale": [4, 4, 4]
		}
	}
}