{
	"credit": "quiktori",
	"textures": {
		"0": "items/items/lightshot",
		"particle": "items/items/lightshot"
	},
	"elements": [
		{
			"from": [6.5, 7.125, 6.5],
			"to": [9.5, 8.125, 9.5],
			"rotation": {"angle": 0, "axis": "y", "origin": [15, 16.125, 16]},
			"faces": {
				"north": {"uv": [1, 2, 6.5, 7.5], "texture": "#0"},
				"east": {"uv": [1, 2, 6.5, 7.5], "texture": "#0"},
				"south": {"uv": [1, 2, 6.5, 7.5], "texture": "#0"},
				"west": {"uv": [1, 2, 6.5, 7.5], "texture": "#0"},
				"up": {"uv": [1, 2, 6.5, 7.5], "texture": "#0"},
				"down": {"uv": [1, 2, 6.5, 7.5], "texture": "#0"}
			}
		},
		{
			"name": "octagon",
			"from": [7.17157, 7, 6.03281],
			"to": [8.82843, 7.125, 9.91797],
			"rotation": {"angle": -22.5, "axis": "y", "origin": [8, 8, 7.91797]},
			"faces": {
				"north": {"uv": [8.5, 0.5, 9, 1], "texture": "#0"},
				"east": {"uv": [8.5, 0.5, 9, 1], "texture": "#0"},
				"south": {"uv": [8.5, 0.5, 9, 1], "texture": "#0"},
				"west": {"uv": [8.5, 0.5, 9, 1], "texture": "#0"},
				"up": {"uv": [8.5, 0.5, 9, 1], "texture": "#0"},
				"down": {"uv": [8.5, 0.5, 9, 1], "texture": "#0"}
			}
		},
		{
			"name": "octagon",
			"from": [6.10117, 7, 7.17157],
			"to": [9.95117, 7.125, 8.82843],
			"rotation": {"angle": 22.5, "axis": "y", "origin": [8.07617, 8, 8]},
			"faces": {
				"north": {"uv": [8.5, 0.5, 9, 1], "texture": "#0"},
				"east": {"uv": [8.5, 0.5, 9, 1], "texture": "#0"},
				"south": {"uv": [8.5, 0.5, 9, 1], "texture": "#0"},
				"west": {"uv": [8.5, 0.5, 9, 1], "texture": "#0"},
				"up": {"uv": [8.5, 0.5, 9, 1], "texture": "#0"},
				"down": {"uv": [8.5, 0.5, 9, 1], "texture": "#0"}
			}
		},
		{
			"name": "octagon",
			"from": [6.0543, 7, 7.17157],
			"to": [9.9043, 7.125, 8.82843],
			"rotation": {"angle": -22.5, "axis": "y", "origin": [7.9043, 8, 8]},
			"faces": {
				"north": {"uv": [8.5, 0.5, 9, 1], "texture": "#0"},
				"east": {"uv": [8.5, 0.5, 9, 1], "texture": "#0"},
				"south": {"uv": [8.5, 0.5, 9, 1], "texture": "#0"},
				"west": {"uv": [8.5, 0.5, 9, 1], "texture": "#0"},
				"up": {"uv": [8.5, 0.5, 9, 1], "texture": "#0"},
				"down": {"uv": [8.5, 0.5, 9, 1], "texture": "#0"}
			}
		},
		{
			"name": "octagon",
			"from": [7.17157, 7, 6.07969],
			"to": [8.82843, 7.125, 9.9043],
			"rotation": {"angle": 22.5, "axis": "y", "origin": [8, 8, 7.875]},
			"faces": {
				"north": {"uv": [8.5, 0.5, 9, 1], "texture": "#0"},
				"east": {"uv": [8.5, 0.5, 9, 1], "texture": "#0"},
				"south": {"uv": [8.5, 0.5, 9, 1], "texture": "#0"},
				"west": {"uv": [8.5, 0.5, 9, 1], "texture": "#0"},
				"up": {"uv": [8.5, 0.5, 9, 1], "texture": "#0"},
				"down": {"uv": [8.5, 0.5, 9, 1], "texture": "#0"}
			}
		},
		{
			"name": "octagon",
			"from": [7.17157, 7, 6],
			"to": [8.82843, 9, 6.6],
			"rotation": {"angle": 22.5, "axis": "y", "origin": [8, 8, 8]},
			"faces": {
				"north": {"uv": [8.5, 0.5, 9, 1], "texture": "#0"},
				"east": {"uv": [8.5, 0.5, 9, 1], "texture": "#0"},
				"south": {"uv": [8.5, 0.5, 9, 1], "texture": "#0"},
				"west": {"uv": [8.5, 0.5, 9, 1], "texture": "#0"},
				"up": {"uv": [8.5, 0.5, 9, 1], "texture": "#0"},
				"down": {"uv": [8.5, 0.5, 9, 1], "texture": "#0"}
			}
		},
		{
			"name": "octagon",
			"from": [7.17157, 7, 6],
			"to": [8.82843, 9, 6.475],
			"rotation": {"angle": -22.5, "axis": "y", "origin": [8, 8, 8]},
			"faces": {
				"north": {"uv": [8.5, 0.5, 9, 1], "texture": "#0"},
				"east": {"uv": [8.5, 0.5, 9, 1], "texture": "#0"},
				"south": {"uv": [8.5, 0.5, 9, 1], "texture": "#0"},
				"west": {"uv": [8.5, 0.5, 9, 1], "texture": "#0"},
				"up": {"uv": [8.5, 0.5, 9, 1], "texture": "#0"},
				"down": {"uv": [8.5, 0.5, 9, 1], "texture": "#0"}
			}
		},
		{
			"name": "octagon",
			"from": [7.17157, 7, 9.525],
			"to": [8.82843, 9, 10],
			"rotation": {"angle": 22.5, "axis": "y", "origin": [8, 8, 8]},
			"faces": {
				"north": {"uv": [8.5, 0.5, 9, 1], "texture": "#0"},
				"east": {"uv": [8.5, 0.5, 9, 1], "texture": "#0"},
				"south": {"uv": [8.5, 0.5, 9, 1], "texture": "#0"},
				"west": {"uv": [8.5, 0.5, 9, 1], "texture": "#0"},
				"up": {"uv": [8.5, 0.5, 9, 1], "texture": "#0"},
				"down": {"uv": [8.5, 0.5, 9, 1], "texture": "#0"}
			}
		},
		{
			"name": "octagon",
			"from": [7.17157, 7, 9.525],
			"to": [8.82843, 9, 10],
			"rotation": {"angle": -22.5, "axis": "y", "origin": [8, 8, 8]},
			"faces": {
				"north": {"uv": [8.5, 0.5, 9, 1], "texture": "#0"},
				"east": {"uv": [8.5, 0.5, 9, 1], "texture": "#0"},
				"south": {"uv": [8.5, 0.5, 9, 1], "texture": "#0"},
				"west": {"uv": [8.5, 0.5, 9, 1], "texture": "#0"},
				"up": {"uv": [8.5, 0.5, 9, 1], "texture": "#0"},
				"down": {"uv": [8.5, 0.5, 9, 1], "texture": "#0"}
			}
		},
		{
			"name": "octagon",
			"from": [6, 7, 7.17157],
			"to": [6.475, 9, 8.82843],
			"rotation": {"angle": 22.5, "axis": "y", "origin": [8, 8, 8]},
			"faces": {
				"north": {"uv": [8.5, 0.5, 9, 1], "texture": "#0"},
				"east": {"uv": [8.5, 0.5, 9, 1], "texture": "#0"},
				"south": {"uv": [8.5, 0.5, 9, 1], "texture": "#0"},
				"west": {"uv": [8.5, 0.5, 9, 1], "texture": "#0"},
				"up": {"uv": [8.5, 0.5, 9, 1], "texture": "#0"},
				"down": {"uv": [8.5, 0.5, 9, 1], "texture": "#0"}
			}
		},
		{
			"name": "octagon",
			"from": [6, 7, 7.17157],
			"to": [6.475, 9, 8.82843],
			"rotation": {"angle": -22.5, "axis": "y", "origin": [8, 8, 8]},
			"faces": {
				"north": {"uv": [8.5, 0.5, 9, 1], "texture": "#0"},
				"east": {"uv": [8.5, 0.5, 9, 1], "texture": "#0"},
				"south": {"uv": [8.5, 0.5, 9, 1], "texture": "#0"},
				"west": {"uv": [8.5, 0.5, 9, 1], "texture": "#0"},
				"up": {"uv": [8.5, 0.5, 9, 1], "texture": "#0"},
				"down": {"uv": [8.5, 0.5, 9, 1], "texture": "#0"}
			}
		},
		{
			"name": "octagon",
			"from": [6, 7, 7.17157],
			"to": [6.475, 9, 8.82843],
			"rotation": {"angle": -22.5, "axis": "y", "origin": [8, 8, 8]},
			"faces": {
				"north": {"uv": [8.5, 0.5, 9, 1], "texture": "#0"},
				"east": {"uv": [8.5, 0.5, 9, 1], "texture": "#0"},
				"south": {"uv": [8.5, 0.5, 9, 1], "texture": "#0"},
				"west": {"uv": [8.5, 0.5, 9, 1], "texture": "#0"},
				"up": {"uv": [8.5, 0.5, 9, 1], "texture": "#0"},
				"down": {"uv": [8.5, 0.5, 9, 1], "texture": "#0"}
			}
		},
		{
			"name": "octagon",
			"from": [9.50547, 7, 7.17157],
			"to": [10, 9, 8.82843],
			"rotation": {"angle": 22.5, "axis": "y", "origin": [8, 8, 8]},
			"faces": {
				"north": {"uv": [8.5, 0.5, 9, 1], "texture": "#0"},
				"east": {"uv": [8.5, 0.5, 9, 1], "texture": "#0"},
				"south": {"uv": [8.5, 0.5, 9, 1], "texture": "#0"},
				"west": {"uv": [8.5, 0.5, 9, 1], "texture": "#0"},
				"up": {"uv": [8.5, 0.5, 9, 1], "texture": "#0"},
				"down": {"uv": [8.5, 0.5, 9, 1], "texture": "#0"}
			}
		},
		{
			"name": "octagon",
			"from": [9.48398, 7, 7.17157],
			"to": [10, 9, 8.82843],
			"rotation": {"angle": -22.5, "axis": "y", "origin": [8, 8, 8]},
			"faces": {
				"north": {"uv": [8.5, 0.5, 9, 1], "texture": "#0"},
				"east": {"uv": [8.5, 0.5, 9, 1], "texture": "#0"},
				"south": {"uv": [8.5, 0.5, 9, 1], "texture": "#0"},
				"west": {"uv": [8.5, 0.5, 9, 1], "texture": "#0"},
				"up": {"uv": [8.5, 0.5, 9, 1], "texture": "#0"},
				"down": {"uv": [8.5, 0.5, 9, 1], "texture": "#0"}
			}
		},
		{
			"from": [7.5, 0.125, 6.875],
			"to": [8.5, 7.11328, 9.125],
			"rotation": {"angle": 0, "axis": "y", "origin": [15, 8.125, 16]},
			"faces": {
				"north": {"uv": [8, 1, 8.5, 1.5], "texture": "#0"},
				"east": {"uv": [8, 1, 8.5, 1.5], "texture": "#0"},
				"south": {"uv": [8, 1, 8.5, 1.5], "texture": "#0"},
				"west": {"uv": [8, 1, 8.5, 1.5], "texture": "#0"},
				"up": {"uv": [8, 1, 8.5, 1.5], "texture": "#0"},
				"down": {"uv": [8, 1, 8.5, 1.5], "texture": "#0"}
			}
		},
		{
			"from": [7.625, 8.5, 1.375],
			"to": [8.375, 10.48828, 1.75],
			"rotation": {"angle": -45, "axis": "x", "origin": [15, 17.5, 9.75]},
			"faces": {
				"north": {"uv": [8.5, 1, 9, 1.5], "texture": "#0"},
				"east": {"uv": [8.5, 1, 9, 1.5], "texture": "#0"},
				"south": {"uv": [8.5, 1, 9, 1.5], "texture": "#0"},
				"west": {"uv": [8.5, 1, 9, 1.5], "texture": "#0"},
				"up": {"uv": [8.5, 1, 9, 1.5], "texture": "#0"},
				"down": {"uv": [8.5, 1, 9, 1.5], "texture": "#0"}
			}
		},
		{
			"from": [7.625, 2.5, 10.07617],
			"to": [8.375, 5.48828, 10.45117],
			"rotation": {"angle": 0, "axis": "x", "origin": [15, 12.5, 18.45117]},
			"faces": {
				"north": {"uv": [8.5, 1, 9, 1.5], "texture": "#0"},
				"east": {"uv": [8.5, 1, 9, 1.5], "texture": "#0"},
				"south": {"uv": [8.5, 1, 9, 1.5], "texture": "#0"},
				"west": {"uv": [8.5, 1, 9, 1.5], "texture": "#0"},
				"up": {"uv": [8.5, 1, 9, 1.5], "texture": "#0"},
				"down": {"uv": [8.5, 1, 9, 1.5], "texture": "#0"}
			}
		},
		{
			"from": [6.875, 0.125, 7.5],
			"to": [9.125, 7.11328, 8.5],
			"rotation": {"angle": 0, "axis": "y", "origin": [15, 8.125, 16]},
			"faces": {
				"north": {"uv": [8, 1, 8.5, 1.5], "texture": "#0"},
				"east": {"uv": [8, 1, 8.5, 1.5], "texture": "#0"},
				"south": {"uv": [8, 1, 8.5, 1.5], "texture": "#0"},
				"west": {"uv": [8, 1, 8.5, 1.5], "texture": "#0"},
				"up": {"uv": [8, 1, 8.5, 1.5], "texture": "#0"},
				"down": {"uv": [8, 1, 8.5, 1.5], "texture": "#0"}
			}
		},
		{
			"from": [7.125, 0.125, 7.125],
			"to": [8.875, 7.11328, 8.875],
			"rotation": {"angle": 0, "axis": "y", "origin": [15, 8.125, 16]},
			"faces": {
				"north": {"uv": [8, 1, 8.5, 1.5], "texture": "#0"},
				"east": {"uv": [8, 1, 8.5, 1.5], "texture": "#0"},
				"south": {"uv": [8, 1, 8.5, 1.5], "texture": "#0"},
				"west": {"uv": [8, 1, 8.5, 1.5], "texture": "#0"},
				"up": {"uv": [8, 1, 8.5, 1.5], "texture": "#0"},
				"down": {"uv": [8, 1, 8.5, 1.5], "texture": "#0"}
			}
		},
		{
			"from": [6.75, 0, 6.75],
			"to": [9.25, 0.25, 9.25],
			"rotation": {"angle": 0, "axis": "y", "origin": [15, 8.125, 15]},
			"faces": {
				"north": {"uv": [8, 0.5, 8.5, 1], "texture": "#0"},
				"east": {"uv": [8, 0.5, 8.5, 1], "texture": "#0"},
				"south": {"uv": [8, 0.5, 8.5, 1], "texture": "#0"},
				"west": {"uv": [8, 0.5, 8.5, 1], "texture": "#0"},
				"up": {"uv": [8, 0.5, 8.5, 1], "texture": "#0"},
				"down": {"uv": [8, 0.5, 8.5, 1], "texture": "#0"}
			}
		}
	],
	"display": {
		"thirdperson_righthand": {
			"translation": [0, 2.25, -2.25]
		},
		"thirdperson_lefthand": {
			"translation": [0, 2.25, -2.25]
		},
		"firstperson_righthand": {
			"rotation": [-21, 18, 0],
			"translation": [0, 4.75, 0]
		},
		"firstperson_lefthand": {
			"rotation": [-19, 23, 0],
			"translation": [1, 5.5, 0]
		},
		"ground": {
			"rotation": [77, -180, 0],
			"translation": [0, -0.75, 2.5]
		},
		"gui": {
			"rotation": [-82, -50, -96],
			"translation": [4, 5, 0],
			"scale": [2, 2, 2]
		},
		"head": {
			"translation": [0, 14.25, 0]
		},
		"fixed": {
			"rotation": [0, 90, 0],
			"translation": [0.75, 7.25, -1.75],
			"scale": [2, 2, 2]
		}
	},
	"groups": [0,
		{
			"name": "group",
			"origin": [8, 7.875, 7.875],
			"children": [1, 2, 3, 4]
		},
		{
			"name": "octagon",
			"origin": [8, 8, 8],
			"children": [5, 6, 7, 8, 9, 10, 11, 12, 13]
		},
		{
			"name": "group",
			"origin": [15, 8.125, 15],
			"children": [14, 15, 16, 17, 18, 19]
		}
	]
}