{
	"credit": "quiktori",
	"texture_size": [64, 64],
	"textures": {
		"1": "items/items/book",
		"particle": "items/items/book"
	},
	"elements": [
		{
			"name": "верхняя обложка",
			"from": [2.5, 1.6, 0.7],
			"to": [12.7, 2.1, 15.3],
			"rotation": {"angle": 0, "axis": "x", "origin": [8, 13, 8]},
			"faces": {
				"north": {"uv": [2.75, 0, 3.5, 0.5], "rotation": 180, "texture": "#1"},
				"east": {"uv": [2.75, 0, 3.5, 0.5], "rotation": 180, "texture": "#1"},
				"south": {"uv": [2.75, 0, 3.5, 0.5], "rotation": 180, "texture": "#1"},
				"west": {"uv": [2.75, 0, 3.5, 0.5], "rotation": 180, "texture": "#1"},
				"up": {"uv": [2.75, 0, 3.5, 0.5], "rotation": 180, "texture": "#1"},
				"down": {"uv": [2.75, 0, 3.5, 0.5], "rotation": 180, "texture": "#1"}
			}
		},
		{
			"name": "нижняя обложка",
			"from": [2.5, 0, 0.7],
			"to": [12.7, 0.4, 15.3],
			"rotation": {"angle": 0, "axis": "y", "origin": [8, 11.4, 7.9]},
			"faces": {
				"north": {"uv": [2.75, 0, 3.5, 0.5], "texture": "#1"},
				"east": {"uv": [2.75, 0, 3.5, 0.5], "texture": "#1"},
				"south": {"uv": [2.75, 0, 3.5, 0.5], "texture": "#1"},
				"west": {"uv": [2.75, 0, 3.5, 0.5], "texture": "#1"},
				"up": {"uv": [2.75, 0, 3.5, 0.5], "texture": "#1"},
				"down": {"uv": [2.75, 0, 3.5, 0.5], "texture": "#1"}
			}
		},
		{
			"name": "корешок",
			"from": [12.7, 0, 0.7],
			"to": [13.3, 2.1, 15.3],
			"rotation": {"angle": 0, "axis": "y", "origin": [18.2, 10.6, 8.7]},
			"faces": {
				"north": {"uv": [2.75, 0, 3.5, 0.5], "texture": "#1"},
				"east": {"uv": [2.75, 0, 5.25, 16], "rotation": 90, "texture": "#1"},
				"south": {"uv": [2.75, 0, 3.5, 0.5], "texture": "#1"},
				"west": {"uv": [2.75, 0, 3.5, 0.5], "texture": "#1"},
				"up": {"uv": [2.75, 0, 3.5, 0.5], "texture": "#1"},
				"down": {"uv": [2.75, 0, 3.5, 0.5], "texture": "#1"}
			}
		},
		{
			"name": "листы",
			"from": [3, 0.3, 1],
			"to": [13, 1.7, 15],
			"rotation": {"angle": 0, "axis": "y", "origin": [8.3, 12.6, 17]},
			"faces": {
				"north": {"uv": [8, 0, 16, 8], "texture": "#1"},
				"east": {"uv": [8, 0, 16, 8], "texture": "#1"},
				"south": {"uv": [8, 0, 16, 8], "texture": "#1"},
				"west": {"uv": [8, 0, 16, 8], "texture": "#1"},
				"up": {"uv": [8, 0, 16, 8], "texture": "#1"},
				"down": {"uv": [8, 0, 16, 8], "texture": "#1"}
			}
		},
		{
			"from": [3.6, 1.93164, 8.125],
			"to": [12.025, 2.13164, 13],
			"rotation": {"angle": 0, "axis": "y", "origin": [14.2, 12.53164, 20]},
			"faces": {
				"north": {"uv": [2.75, 0, 3.5, 0.5], "rotation": 90, "texture": "#1"},
				"east": {"uv": [2.75, 0, 3.5, 0.5], "rotation": 90, "texture": "#1"},
				"south": {"uv": [2.75, 0, 3.5, 0.5], "rotation": 90, "texture": "#1"},
				"west": {"uv": [2.75, 0, 3.5, 0.5], "rotation": 90, "texture": "#1"},
				"up": {"uv": [0, 0, 7.875, 16], "rotation": 90, "texture": "#1"},
				"down": {"uv": [2.75, 0, 3.5, 0.5], "rotation": 90, "texture": "#1"}
			}
		}
	],
	"display": {
		"thirdperson_righthand": {
			"rotation": [-83, 0, -180],
			"translation": [-0.75, 3.25, 4],
			"scale": [0.55, 0.55, 0.55]
		},
		"thirdperson_lefthand": {
			"rotation": [-83, 0, -180],
			"translation": [0.75, 2.75, 3.75],
			"scale": [0.55, 0.55, 0.55]
		},
		"firstperson_righthand": {
			"rotation": [-99, 0, -180],
			"translation": [1.5, 4.5, 3.25],
			"scale": [0.5, 0.5, 0.5]
		},
		"firstperson_lefthand": {
			"rotation": [-92, 0, -180],
			"translation": [4.25, 3.75, 2.25],
			"scale": [0.5, 0.5, 0.5]
		},
		"ground": {
			"translation": [0, 5.25, 0]
		},
		"gui": {
			"rotation": [-90, 0, -175],
			"translation": [0.25, 0, 0]
		},
		"head": {
			"translation": [0, 14.25, -0.25]
		},
		"fixed": {
			"rotation": [-91, 0, 0],
			"translation": [0.25, 0, -11.25],
			"scale": [1.35, 1.35, 1.35]
		}
	},
	"groups": [
		{
			"name": "group",
			"origin": [16.1, 12.6, 12.7],
			"children": [0, 1, 2, 3, 4]
		}
	]
}