{
	"credit": "quiktori",
	"textures": {
		"0": "items/items/bita",
		"1": "items/snow",
		"2": "items/spruce_log",
		"3": "items/spruce_leaves",
		"4": "items/items/texture",
		"5": "items/glass",
		"6": "items/items/snow",
		"7": "items/items/snow for snowman",
		"8": "items/items/snowy_smile",
		"9": "items/items/snowman's_shovel",
		"particle": "items/items/bita"
	},
	"elements": [
		{
			"from": [6.75, 4.5, 13.625],
			"to": [7.75, 5.5, 14.625],
			"rotation": {"angle": -22.5, "axis": "y", "origin": [16.75, 12.5, 22.625]},
			"faces": {
				"north": {"uv": [0, 0, 16, 16], "texture": "#7"},
				"east": {"uv": [0, 0, 16, 16], "texture": "#7"},
				"south": {"uv": [0, 0, 16, 16], "texture": "#7"},
				"west": {"uv": [0, 0, 16, 16], "texture": "#7"},
				"up": {"uv": [0, 0, 16, 16], "texture": "#7"},
				"down": {"uv": [0, 0, 16, 16], "texture": "#7"}
			}
		},
		{
			"from": [19.76172, 6.875, 11.375],
			"to": [19.88672, 8.25, 11.5],
			"rotation": {"angle": -45, "axis": "z", "origin": [11.76172, 14.875, 20.5]},
			"faces": {
				"north": {"uv": [15.5, 0, 16, 8], "texture": "#0"},
				"east": {"uv": [15.5, 0, 16, 8], "texture": "#0"},
				"south": {"uv": [15.5, 0, 16, 8], "texture": "#0"},
				"west": {"uv": [15.5, 0, 16, 8], "texture": "#0"},
				"up": {"uv": [15.5, 0, 16, 8], "texture": "#0"},
				"down": {"uv": [15.5, 0, 16, 8], "texture": "#0"}
			}
		},
		{
			"from": [12.7168, 0.875, 11.35742],
			"to": [12.85938, 4.875, 11.52344],
			"rotation": {"angle": 0, "axis": "z", "origin": [4.7168, 11.25, 20.5]},
			"faces": {
				"north": {"uv": [13, 0, 14, 16], "texture": "#2"},
				"east": {"uv": [13, 0, 14, 16], "texture": "#2"},
				"south": {"uv": [13, 0, 14, 16], "texture": "#2"},
				"west": {"uv": [13, 0, 14, 16], "texture": "#2"},
				"up": {"uv": [13, 0, 14, 16], "texture": "#2"},
				"down": {"uv": [13, 0, 14, 16], "texture": "#2"}
			}
		},
		{
			"from": [11.9668, 4.875, 11.44922],
			"to": [13.60938, 6.5, 11.44922],
			"rotation": {"angle": 0, "axis": "z", "origin": [5.7168, 12.25, 20.42578]},
			"faces": {
				"north": {"uv": [0, 0, 16, 16], "texture": "#9"},
				"east": {"uv": [0, 0, 16, 16], "texture": "#9"},
				"south": {"uv": [0, 0, 16, 16], "texture": "#9"},
				"west": {"uv": [0, 0, 16, 16], "texture": "#9"},
				"up": {"uv": [0, 0, 16, 16], "texture": "#9"},
				"down": {"uv": [0, 0, 16, 16], "texture": "#9"}
			}
		},
		{
			"from": [7.27148, -4.5, 10.75],
			"to": [7.39648, -3.125, 10.875],
			"rotation": {"angle": 45, "axis": "z", "origin": [-0.72852, 3.5, 19.875]},
			"faces": {
				"north": {"uv": [15.5, 0, 16, 8], "texture": "#0"},
				"east": {"uv": [15.5, 0, 16, 8], "texture": "#0"},
				"south": {"uv": [15.5, 0, 16, 8], "texture": "#0"},
				"west": {"uv": [15.5, 0, 16, 8], "texture": "#0"},
				"up": {"uv": [15.5, 0, 16, 8], "texture": "#0"},
				"down": {"uv": [15.5, 0, 16, 8], "texture": "#0"}
			}
		},
		{
			"from": [6.625, 3, 13.25],
			"to": [8.125, 4.5, 14.75],
			"rotation": {"angle": -22.5, "axis": "y", "origin": [16.625, 11, 22.25]},
			"faces": {
				"north": {"uv": [0, 0, 16, 16], "texture": "#7"},
				"east": {"uv": [0, 0, 16, 16], "texture": "#7"},
				"south": {"uv": [0, 0, 16, 16], "texture": "#7"},
				"west": {"uv": [0, 0, 16, 16], "texture": "#7"},
				"up": {"uv": [0, 0, 16, 16], "texture": "#7"},
				"down": {"uv": [0, 0, 16, 16], "texture": "#7"}
			}
		},
		{
			"from": [6.5, 1, 12.875],
			"to": [8.5, 3, 14.875],
			"rotation": {"angle": -22.5, "axis": "y", "origin": [16.5, 9, 21.875]},
			"faces": {
				"north": {"uv": [0, 0, 16, 16], "texture": "#7"},
				"east": {"uv": [0, 0, 16, 16], "texture": "#7"},
				"south": {"uv": [0, 0, 16, 16], "texture": "#7"},
				"west": {"uv": [0, 0, 16, 16], "texture": "#7"},
				"up": {"uv": [0, 0, 16, 16], "texture": "#7"},
				"down": {"uv": [0, 0, 16, 16], "texture": "#7"}
			}
		},
		{
			"from": [6.625, 1.375, 15],
			"to": [6.875, 1.625, 15.125],
			"rotation": {"angle": -22.5, "axis": "y", "origin": [16.625, 9.375, 24]},
			"faces": {
				"north": {"uv": [0, 0, 4, 4], "texture": "#8"},
				"east": {"uv": [0, 0, 4, 4], "texture": "#8"},
				"south": {"uv": [0, 0, 4, 4], "texture": "#8"},
				"west": {"uv": [0, 0, 4, 4], "texture": "#8"},
				"up": {"uv": [0, 0, 4, 4], "texture": "#8"},
				"down": {"uv": [0, 0, 4, 4], "texture": "#8"}
			}
		},
		{
			"from": [6.625, 1.92578, 15],
			"to": [6.875, 2.17578, 15.125],
			"rotation": {"angle": -22.5, "axis": "y", "origin": [16.625, 9.92578, 24]},
			"faces": {
				"north": {"uv": [4, 0, 8, 4], "texture": "#8"},
				"east": {"uv": [4, 0, 8, 4], "texture": "#8"},
				"south": {"uv": [4, 0, 8, 4], "texture": "#8"},
				"west": {"uv": [4, 0, 8, 4], "texture": "#8"},
				"up": {"uv": [4, 0, 8, 4], "texture": "#8"},
				"down": {"uv": [4, 0, 8, 4], "texture": "#8"}
			}
		},
		{
			"from": [6.625, 2.5, 15],
			"to": [6.875, 2.75, 15.125],
			"rotation": {"angle": -22.5, "axis": "y", "origin": [16.625, 10.5, 24]},
			"faces": {
				"north": {"uv": [8, 0, 12, 4], "texture": "#8"},
				"east": {"uv": [8, 0, 12, 4], "texture": "#8"},
				"south": {"uv": [8, 0, 12, 4], "texture": "#8"},
				"west": {"uv": [8, 0, 12, 4], "texture": "#8"},
				"up": {"uv": [8, 0, 12, 4], "texture": "#8"},
				"down": {"uv": [8, 0, 12, 4], "texture": "#8"}
			}
		},
		{
			"from": [6.69336, 3.125, 14.8125],
			"to": [6.94336, 3.375, 14.9375],
			"rotation": {"angle": -22.5, "axis": "y", "origin": [16.69336, 11.125, 23.8125]},
			"faces": {
				"north": {"uv": [12, 0, 16, 4], "texture": "#8"},
				"east": {"uv": [12, 0, 16, 4], "texture": "#8"},
				"south": {"uv": [12, 0, 16, 4], "texture": "#8"},
				"west": {"uv": [12, 0, 16, 4], "texture": "#8"},
				"up": {"uv": [12, 0, 16, 4], "texture": "#8"},
				"down": {"uv": [12, 0, 16, 4], "texture": "#8"}
			}
		},
		{
			"from": [6.69336, 3.625, 14.8125],
			"to": [6.94336, 3.875, 14.9375],
			"rotation": {"angle": -22.5, "axis": "y", "origin": [16.69336, 11.625, 23.8125]},
			"faces": {
				"north": {"uv": [0, 4, 4, 8], "texture": "#8"},
				"east": {"uv": [0, 4, 4, 8], "texture": "#8"},
				"south": {"uv": [0, 4, 4, 8], "texture": "#8"},
				"west": {"uv": [0, 4, 4, 8], "texture": "#8"},
				"up": {"uv": [0, 4, 4, 8], "texture": "#8"},
				"down": {"uv": [0, 4, 4, 8], "texture": "#8"}
			}
		},
		{
			"from": [6.69336, 4.125, 14.8125],
			"to": [6.94336, 4.375, 14.9375],
			"rotation": {"angle": -22.5, "axis": "y", "origin": [16.69336, 12.125, 23.8125]},
			"faces": {
				"north": {"uv": [0, 8, 4, 12], "texture": "#8"},
				"east": {"uv": [0, 8, 4, 12], "texture": "#8"},
				"south": {"uv": [0, 8, 4, 12], "texture": "#8"},
				"west": {"uv": [0, 8, 4, 12], "texture": "#8"},
				"up": {"uv": [0, 8, 4, 12], "texture": "#8"},
				"down": {"uv": [0, 8, 4, 12], "texture": "#8"}
			}
		},
		{
			"from": [6.81641, 4.92969, 14.5625],
			"to": [6.94141, 5.05469, 14.9375],
			"rotation": {"angle": -22.5, "axis": "y", "origin": [16.81641, 12.80469, 23.5625]},
			"faces": {
				"north": {"uv": [0, 12, 4, 16], "texture": "#8"},
				"east": {"uv": [0, 12, 4, 16], "texture": "#8"},
				"south": {"uv": [0, 12, 4, 16], "texture": "#8"},
				"west": {"uv": [0, 12, 4, 16], "texture": "#8"},
				"up": {"uv": [0, 12, 4, 16], "texture": "#8"},
				"down": {"uv": [0, 12, 4, 16], "texture": "#8"}
			}
		},
		{
			"from": [6.31836, 4.5, 14.68555],
			"to": [7.31836, 5.5, 14.68555],
			"rotation": {"angle": -22.5, "axis": "y", "origin": [16.69336, 12.75, 23.68555]},
			"faces": {
				"north": {"uv": [4, 4, 16, 16], "texture": "#8"},
				"east": {"uv": [4, 4, 16, 16], "texture": "#8"},
				"south": {"uv": [4, 4, 16, 16], "texture": "#8"},
				"west": {"uv": [4, 4, 16, 16], "texture": "#8"},
				"up": {"uv": [4, 4, 16, 16], "texture": "#8"},
				"down": {"uv": [4, 4, 16, 16], "texture": "#8"}
			}
		},
		{
			"from": [3, 1, 10],
			"to": [5, 3, 12],
			"rotation": {"angle": 0, "axis": "y", "origin": [11, 9, 18]},
			"faces": {
				"north": {"uv": [2, 0, 4, 2], "texture": "#4"},
				"east": {"uv": [0, 2, 2, 4], "texture": "#4"},
				"south": {"uv": [2, 2, 4, 4], "texture": "#4"},
				"west": {"uv": [0, 0, 2, 2], "texture": "#4"},
				"up": {"uv": [2, 6, 0, 4], "texture": "#4"},
				"down": {"uv": [4, 4, 2, 6], "texture": "#4"}
			}
		},
		{
			"from": [-3.5, 1, 6.5],
			"to": [-1.5, 3, 8.5],
			"rotation": {"angle": -45, "axis": "y", "origin": [4.5, 9, 14.5]},
			"faces": {
				"north": {"uv": [4, 4, 6, 6], "texture": "#4"},
				"east": {"uv": [4, 0, 6, 2], "texture": "#4"},
				"south": {"uv": [4, 2, 6, 4], "texture": "#4"},
				"west": {"uv": [0, 6, 2, 8], "texture": "#4"},
				"up": {"uv": [4, 8, 2, 6], "texture": "#4"},
				"down": {"uv": [6, 6, 4, 8], "texture": "#4"}
			}
		},
		{
			"from": [12.5, 1, 0.5],
			"to": [14.5, 3, 2.5],
			"rotation": {"angle": 22.5, "axis": "y", "origin": [20.5, 9, 8.5]},
			"faces": {
				"north": {"uv": [6, 6, 8, 8], "texture": "#4"},
				"east": {"uv": [6, 0, 8, 2], "texture": "#4"},
				"south": {"uv": [6, 2, 8, 4], "texture": "#4"},
				"west": {"uv": [6, 4, 8, 6], "texture": "#4"},
				"up": {"uv": [2, 10, 0, 8], "texture": "#4"},
				"down": {"uv": [4, 8, 2, 10], "texture": "#4"}
			}
		},
		{
			"from": [1, 1, 1],
			"to": [15, 13, 15],
			"rotation": {"angle": 0, "axis": "y", "origin": [9, 9, 9]},
			"faces": {
				"north": {"uv": [0, 0, 16, 16], "texture": "#5"},
				"east": {"uv": [0, 0, 16, 16], "texture": "#5"},
				"south": {"uv": [0, 0, 16, 16], "texture": "#5"},
				"west": {"uv": [0, 0, 16, 16], "texture": "#5"},
				"up": {"uv": [0, 0, 16, 16], "texture": "#5"},
				"down": {"uv": [0, 0, 8, 8], "texture": "#5"}
			}
		},
		{
			"from": [2, 1, 2],
			"to": [14, 1.125, 14],
			"rotation": {"angle": 0, "axis": "y", "origin": [8, 9, 8]},
			"faces": {
				"north": {"uv": [0, 0, 8, 8], "texture": "#1"},
				"east": {"uv": [0, 0, 8, 8], "texture": "#1"},
				"south": {"uv": [0, 0, 8, 8], "texture": "#1"},
				"west": {"uv": [0, 0, 8, 8], "texture": "#1"},
				"up": {"uv": [0, 0, 8, 8], "texture": "#1"},
				"down": {"uv": [0, 0, 8, 8], "texture": "#1"}
			}
		},
		{
			"from": [0, 0, 0],
			"to": [16, 1, 16],
			"faces": {
				"north": {"uv": [0, 0.5, 4, 0.75], "texture": "#0"},
				"east": {"uv": [0, 0.25, 4, 0.5], "texture": "#0"},
				"south": {"uv": [0, 0, 4, 0.25], "texture": "#0"},
				"west": {"uv": [0, 1, 4, 1.25], "texture": "#0"},
				"up": {"uv": [0, 0, 4, 4], "texture": "#0"},
				"down": {"uv": [0, 0, 4, 4], "texture": "#0"}
			}
		},
		{
			"from": [3, 1, 13],
			"to": [13, 12, 13],
			"rotation": {"angle": 0, "axis": "y", "origin": [16, 9, 21]},
			"faces": {
				"north": {"uv": [0, 0, 8, 8], "texture": "#6"},
				"east": {"uv": [0, 0, 8, 8], "texture": "#6"},
				"south": {"uv": [0, 0, 8, 8], "texture": "#6"},
				"west": {"uv": [0, 0, 8, 8], "texture": "#6"},
				"up": {"uv": [0, 0, 8, 8], "texture": "#6"},
				"down": {"uv": [0, 0, 8, 8], "texture": "#6"}
			}
		},
		{
			"from": [3, 12, 3],
			"to": [13, 12, 14],
			"rotation": {"angle": 0, "axis": "x", "origin": [16, 20, 6]},
			"faces": {
				"north": {"uv": [0, 0, 8, 8], "rotation": 180, "texture": "#6"},
				"east": {"uv": [0, 0, 8, 8], "rotation": 90, "texture": "#6"},
				"south": {"uv": [0, 0, 8, 8], "texture": "#6"},
				"west": {"uv": [0, 0, 8, 8], "rotation": 270, "texture": "#6"},
				"up": {"uv": [0, 0, 8, 8], "texture": "#6"},
				"down": {"uv": [0, 0, 8, 8], "rotation": 180, "texture": "#6"}
			}
		},
		{
			"from": [3, 1, 3],
			"to": [13, 12, 3],
			"rotation": {"angle": 0, "axis": "y", "origin": [16, 9, 11]},
			"faces": {
				"north": {"uv": [0, 0, 8, 8], "texture": "#6"},
				"east": {"uv": [0, 0, 8, 8], "texture": "#6"},
				"south": {"uv": [0, 0, 8, 8], "texture": "#6"},
				"west": {"uv": [0, 0, 8, 8], "texture": "#6"},
				"up": {"uv": [0, 0, 8, 8], "texture": "#6"},
				"down": {"uv": [0, 0, 8, 8], "texture": "#6"}
			}
		},
		{
			"from": [13, 1, 3],
			"to": [13, 12, 13],
			"rotation": {"angle": 0, "axis": "y", "origin": [5, 9, 16]},
			"faces": {
				"north": {"uv": [0, 0, 8, 8], "texture": "#6"},
				"east": {"uv": [0, 0, 8, 8], "texture": "#6"},
				"south": {"uv": [0, 0, 8, 8], "texture": "#6"},
				"west": {"uv": [0, 0, 8, 8], "texture": "#6"},
				"up": {"uv": [0, 0, 8, 8], "texture": "#6"},
				"down": {"uv": [0, 0, 8, 8], "texture": "#6"}
			}
		},
		{
			"from": [3, 1, 3],
			"to": [3, 12, 13],
			"rotation": {"angle": 0, "axis": "y", "origin": [-5, 9, 16]},
			"faces": {
				"north": {"uv": [0, 0, 8, 8], "texture": "#6"},
				"east": {"uv": [0, 0, 8, 8], "texture": "#6"},
				"south": {"uv": [0, 0, 8, 8], "texture": "#6"},
				"west": {"uv": [0, 0, 8, 8], "texture": "#6"},
				"up": {"uv": [0, 0, 8, 8], "texture": "#6"},
				"down": {"uv": [0, 0, 8, 8], "texture": "#6"}
			}
		},
		{
			"from": [7, 4, 8],
			"to": [8, 5, 9],
			"rotation": {"angle": 0, "axis": "y", "origin": [18, 12, 17]},
			"faces": {
				"north": {"uv": [0, 0, 16, 16], "texture": "#3"},
				"east": {"uv": [0, 0, 16, 16], "texture": "#3"},
				"south": {"uv": [0, 0, 16, 16], "texture": "#3"},
				"west": {"uv": [0, 0, 16, 16], "texture": "#3"},
				"up": {"uv": [0, 0, 16, 16], "texture": "#3"},
				"down": {"uv": [0, 0, 16, 16], "texture": "#3"}
			}
		},
		{
			"from": [8, 4, 7],
			"to": [9, 5, 8],
			"rotation": {"angle": 0, "axis": "y", "origin": [19, 12, 16]},
			"faces": {
				"north": {"uv": [0, 0, 16, 16], "texture": "#3"},
				"east": {"uv": [0, 0, 16, 16], "texture": "#3"},
				"south": {"uv": [0, 0, 16, 16], "texture": "#3"},
				"west": {"uv": [0, 0, 16, 16], "texture": "#3"},
				"up": {"uv": [0, 0, 16, 16], "texture": "#3"},
				"down": {"uv": [0, 0, 16, 16], "texture": "#3"}
			}
		},
		{
			"from": [6, 4, 7],
			"to": [7, 5, 8],
			"rotation": {"angle": 0, "axis": "y", "origin": [17, 12, 16]},
			"faces": {
				"north": {"uv": [0, 0, 16, 16], "texture": "#3"},
				"east": {"uv": [0, 0, 16, 16], "texture": "#3"},
				"south": {"uv": [0, 0, 16, 16], "texture": "#3"},
				"west": {"uv": [0, 0, 16, 16], "texture": "#3"},
				"up": {"uv": [0, 0, 16, 16], "texture": "#3"},
				"down": {"uv": [0, 0, 16, 16], "texture": "#3"}
			}
		},
		{
			"from": [7, 4, 6],
			"to": [8, 5, 7],
			"rotation": {"angle": 0, "axis": "y", "origin": [18, 12, 15]},
			"faces": {
				"north": {"uv": [0, 0, 16, 16], "texture": "#3"},
				"east": {"uv": [0, 0, 16, 16], "texture": "#3"},
				"south": {"uv": [0, 0, 16, 16], "texture": "#3"},
				"west": {"uv": [0, 0, 16, 16], "texture": "#3"},
				"up": {"uv": [0, 0, 16, 16], "texture": "#3"},
				"down": {"uv": [0, 0, 16, 16], "texture": "#3"}
			}
		},
		{
			"from": [7, 6, 6],
			"to": [8, 7, 7],
			"rotation": {"angle": 0, "axis": "y", "origin": [18, 14, 15]},
			"faces": {
				"north": {"uv": [0, 0, 16, 16], "texture": "#3"},
				"east": {"uv": [0, 0, 16, 16], "texture": "#3"},
				"south": {"uv": [0, 0, 16, 16], "texture": "#3"},
				"west": {"uv": [0, 0, 16, 16], "texture": "#3"},
				"up": {"uv": [0, 0, 16, 16], "texture": "#3"},
				"down": {"uv": [0, 0, 16, 16], "texture": "#3"}
			}
		},
		{
			"from": [6, 6, 7],
			"to": [7, 7, 8],
			"rotation": {"angle": 0, "axis": "y", "origin": [17, 14, 16]},
			"faces": {
				"north": {"uv": [0, 0, 16, 16], "texture": "#3"},
				"east": {"uv": [0, 0, 16, 16], "texture": "#3"},
				"south": {"uv": [0, 0, 16, 16], "texture": "#3"},
				"west": {"uv": [0, 0, 16, 16], "texture": "#3"},
				"up": {"uv": [0, 0, 16, 16], "texture": "#3"},
				"down": {"uv": [0, 0, 16, 16], "texture": "#3"}
			}
		},
		{
			"from": [7, 6, 8],
			"to": [8, 7, 9],
			"rotation": {"angle": 0, "axis": "y", "origin": [18, 14, 17]},
			"faces": {
				"north": {"uv": [0, 0, 16, 16], "texture": "#3"},
				"east": {"uv": [0, 0, 16, 16], "texture": "#3"},
				"south": {"uv": [0, 0, 16, 16], "texture": "#3"},
				"west": {"uv": [0, 0, 16, 16], "texture": "#3"},
				"up": {"uv": [0, 0, 16, 16], "texture": "#3"},
				"down": {"uv": [0, 0, 16, 16], "texture": "#3"}
			}
		},
		{
			"from": [5, 5, 8],
			"to": [6, 6, 9],
			"rotation": {"angle": 0, "axis": "y", "origin": [16, 13, 17]},
			"faces": {
				"north": {"uv": [0, 0, 16, 16], "texture": "#3"},
				"east": {"uv": [0, 0, 16, 16], "texture": "#3"},
				"south": {"uv": [0, 0, 16, 16], "texture": "#3"},
				"west": {"uv": [0, 0, 16, 16], "texture": "#3"},
				"up": {"uv": [0, 0, 16, 16], "texture": "#3"},
				"down": {"uv": [0, 0, 16, 16], "texture": "#3"}
			}
		},
		{
			"from": [5, 3, 8],
			"to": [6, 4, 9],
			"rotation": {"angle": 0, "axis": "y", "origin": [16, 11, 17]},
			"faces": {
				"north": {"uv": [0, 0, 16, 16], "texture": "#3"},
				"east": {"uv": [0, 0, 16, 16], "texture": "#3"},
				"south": {"uv": [0, 0, 16, 16], "texture": "#3"},
				"west": {"uv": [0, 0, 16, 16], "texture": "#3"},
				"up": {"uv": [0, 0, 16, 16], "texture": "#3"},
				"down": {"uv": [0, 0, 16, 16], "texture": "#3"}
			}
		},
		{
			"from": [5, 5, 8],
			"to": [6, 6, 9],
			"rotation": {"angle": 0, "axis": "y", "origin": [16, 13, 17]},
			"faces": {
				"north": {"uv": [0, 0, 16, 16], "texture": "#3"},
				"east": {"uv": [0, 0, 16, 16], "texture": "#3"},
				"south": {"uv": [0, 0, 16, 16], "texture": "#3"},
				"west": {"uv": [0, 0, 16, 16], "texture": "#3"},
				"up": {"uv": [0, 0, 16, 16], "texture": "#3"},
				"down": {"uv": [0, 0, 16, 16], "texture": "#3"}
			}
		},
		{
			"from": [9, 3, 8],
			"to": [10, 4, 9],
			"rotation": {"angle": 0, "axis": "y", "origin": [20, 11, 17]},
			"faces": {
				"north": {"uv": [0, 0, 16, 16], "texture": "#3"},
				"east": {"uv": [0, 0, 16, 16], "texture": "#3"},
				"south": {"uv": [0, 0, 16, 16], "texture": "#3"},
				"west": {"uv": [0, 0, 16, 16], "texture": "#3"},
				"up": {"uv": [0, 0, 16, 16], "texture": "#3"},
				"down": {"uv": [0, 0, 16, 16], "texture": "#3"}
			}
		},
		{
			"from": [9, 5, 8],
			"to": [10, 6, 9],
			"rotation": {"angle": 0, "axis": "y", "origin": [20, 13, 17]},
			"faces": {
				"north": {"uv": [0, 0, 16, 16], "texture": "#3"},
				"east": {"uv": [0, 0, 16, 16], "texture": "#3"},
				"south": {"uv": [0, 0, 16, 16], "texture": "#3"},
				"west": {"uv": [0, 0, 16, 16], "texture": "#3"},
				"up": {"uv": [0, 0, 16, 16], "texture": "#3"},
				"down": {"uv": [0, 0, 16, 16], "texture": "#3"}
			}
		},
		{
			"from": [8, 3, 8],
			"to": [9, 4, 9],
			"rotation": {"angle": 0, "axis": "y", "origin": [19, 11, 17]},
			"faces": {
				"north": {"uv": [0, 0, 16, 16], "texture": "#3"},
				"east": {"uv": [0, 0, 16, 16], "texture": "#3"},
				"south": {"uv": [0, 0, 16, 16], "texture": "#3"},
				"west": {"uv": [0, 0, 16, 16], "texture": "#3"},
				"up": {"uv": [0, 0, 16, 16], "texture": "#3"},
				"down": {"uv": [0, 0, 16, 16], "texture": "#3"}
			}
		},
		{
			"from": [8, 5, 8],
			"to": [9, 6, 9],
			"rotation": {"angle": 0, "axis": "y", "origin": [19, 13, 17]},
			"faces": {
				"north": {"uv": [0, 0, 16, 16], "texture": "#3"},
				"east": {"uv": [0, 0, 16, 16], "texture": "#3"},
				"south": {"uv": [0, 0, 16, 16], "texture": "#3"},
				"west": {"uv": [0, 0, 16, 16], "texture": "#3"},
				"up": {"uv": [0, 0, 16, 16], "texture": "#3"},
				"down": {"uv": [0, 0, 16, 16], "texture": "#3"}
			}
		},
		{
			"from": [6, 3, 8],
			"to": [7, 4, 9],
			"rotation": {"angle": 0, "axis": "y", "origin": [17, 11, 17]},
			"faces": {
				"north": {"uv": [0, 0, 16, 16], "texture": "#3"},
				"east": {"uv": [0, 0, 16, 16], "texture": "#3"},
				"south": {"uv": [0, 0, 16, 16], "texture": "#3"},
				"west": {"uv": [0, 0, 16, 16], "texture": "#3"},
				"up": {"uv": [0, 0, 16, 16], "texture": "#3"},
				"down": {"uv": [0, 0, 16, 16], "texture": "#3"}
			}
		},
		{
			"from": [6, 5, 8],
			"to": [7, 6, 9],
			"rotation": {"angle": 0, "axis": "y", "origin": [17, 13, 17]},
			"faces": {
				"north": {"uv": [0, 0, 16, 16], "texture": "#3"},
				"east": {"uv": [0, 0, 16, 16], "texture": "#3"},
				"south": {"uv": [0, 0, 16, 16], "texture": "#3"},
				"west": {"uv": [0, 0, 16, 16], "texture": "#3"},
				"up": {"uv": [0, 0, 16, 16], "texture": "#3"},
				"down": {"uv": [0, 0, 16, 16], "texture": "#3"}
			}
		},
		{
			"from": [8, 3, 7],
			"to": [9, 4, 8],
			"rotation": {"angle": 0, "axis": "y", "origin": [19, 11, 16]},
			"faces": {
				"north": {"uv": [0, 0, 16, 16], "texture": "#3"},
				"east": {"uv": [0, 0, 16, 16], "texture": "#3"},
				"south": {"uv": [0, 0, 16, 16], "texture": "#3"},
				"west": {"uv": [0, 0, 16, 16], "texture": "#3"},
				"up": {"uv": [0, 0, 16, 16], "texture": "#3"},
				"down": {"uv": [0, 0, 16, 16], "texture": "#3"}
			}
		},
		{
			"from": [8, 5, 7],
			"to": [9, 6, 8],
			"rotation": {"angle": 0, "axis": "y", "origin": [19, 13, 16]},
			"faces": {
				"north": {"uv": [0, 0, 16, 16], "texture": "#3"},
				"east": {"uv": [0, 0, 16, 16], "texture": "#3"},
				"south": {"uv": [0, 0, 16, 16], "texture": "#3"},
				"west": {"uv": [0, 0, 16, 16], "texture": "#3"},
				"up": {"uv": [0, 0, 16, 16], "texture": "#3"},
				"down": {"uv": [0, 0, 16, 16], "texture": "#3"}
			}
		},
		{
			"from": [6, 3, 7],
			"to": [7, 4, 8],
			"rotation": {"angle": 0, "axis": "y", "origin": [17, 11, 16]},
			"faces": {
				"north": {"uv": [0, 0, 16, 16], "texture": "#3"},
				"east": {"uv": [0, 0, 16, 16], "texture": "#3"},
				"south": {"uv": [0, 0, 16, 16], "texture": "#3"},
				"west": {"uv": [0, 0, 16, 16], "texture": "#3"},
				"up": {"uv": [0, 0, 16, 16], "texture": "#3"},
				"down": {"uv": [0, 0, 16, 16], "texture": "#3"}
			}
		},
		{
			"from": [6, 5, 7],
			"to": [7, 6, 8],
			"rotation": {"angle": 0, "axis": "y", "origin": [17, 13, 16]},
			"faces": {
				"north": {"uv": [0, 0, 16, 16], "texture": "#3"},
				"east": {"uv": [0, 0, 16, 16], "texture": "#3"},
				"south": {"uv": [0, 0, 16, 16], "texture": "#3"},
				"west": {"uv": [0, 0, 16, 16], "texture": "#3"},
				"up": {"uv": [0, 0, 16, 16], "texture": "#3"},
				"down": {"uv": [0, 0, 16, 16], "texture": "#3"}
			}
		},
		{
			"from": [9, 5, 8],
			"to": [10, 6, 9],
			"rotation": {"angle": 0, "axis": "y", "origin": [20, 13, 17]},
			"faces": {
				"north": {"uv": [0, 0, 16, 16], "texture": "#3"},
				"east": {"uv": [0, 0, 16, 16], "texture": "#3"},
				"south": {"uv": [0, 0, 16, 16], "texture": "#3"},
				"west": {"uv": [0, 0, 16, 16], "texture": "#3"},
				"up": {"uv": [0, 0, 16, 16], "texture": "#3"},
				"down": {"uv": [0, 0, 16, 16], "texture": "#3"}
			}
		},
		{
			"from": [5, 5, 7],
			"to": [6, 6, 8],
			"rotation": {"angle": 0, "axis": "y", "origin": [16, 13, 16]},
			"faces": {
				"north": {"uv": [0, 0, 16, 16], "texture": "#3"},
				"east": {"uv": [0, 0, 16, 16], "texture": "#3"},
				"south": {"uv": [0, 0, 16, 16], "texture": "#3"},
				"west": {"uv": [0, 0, 16, 16], "texture": "#3"},
				"up": {"uv": [0, 0, 16, 16], "texture": "#3"},
				"down": {"uv": [0, 0, 16, 16], "texture": "#3"}
			}
		},
		{
			"from": [5, 3, 7],
			"to": [6, 4, 8],
			"rotation": {"angle": 0, "axis": "y", "origin": [16, 11, 16]},
			"faces": {
				"north": {"uv": [0, 0, 16, 16], "texture": "#3"},
				"east": {"uv": [0, 0, 16, 16], "texture": "#3"},
				"south": {"uv": [0, 0, 16, 16], "texture": "#3"},
				"west": {"uv": [0, 0, 16, 16], "texture": "#3"},
				"up": {"uv": [0, 0, 16, 16], "texture": "#3"},
				"down": {"uv": [0, 0, 16, 16], "texture": "#3"}
			}
		},
		{
			"from": [5, 5, 7],
			"to": [6, 6, 8],
			"rotation": {"angle": 0, "axis": "y", "origin": [16, 13, 16]},
			"faces": {
				"north": {"uv": [0, 0, 16, 16], "texture": "#3"},
				"east": {"uv": [0, 0, 16, 16], "texture": "#3"},
				"south": {"uv": [0, 0, 16, 16], "texture": "#3"},
				"west": {"uv": [0, 0, 16, 16], "texture": "#3"},
				"up": {"uv": [0, 0, 16, 16], "texture": "#3"},
				"down": {"uv": [0, 0, 16, 16], "texture": "#3"}
			}
		},
		{
			"from": [9, 3, 7],
			"to": [10, 4, 8],
			"rotation": {"angle": 0, "axis": "y", "origin": [20, 11, 16]},
			"faces": {
				"north": {"uv": [0, 0, 16, 16], "texture": "#3"},
				"east": {"uv": [0, 0, 16, 16], "texture": "#3"},
				"south": {"uv": [0, 0, 16, 16], "texture": "#3"},
				"west": {"uv": [0, 0, 16, 16], "texture": "#3"},
				"up": {"uv": [0, 0, 16, 16], "texture": "#3"},
				"down": {"uv": [0, 0, 16, 16], "texture": "#3"}
			}
		},
		{
			"from": [9, 5, 7],
			"to": [10, 6, 8],
			"rotation": {"angle": 0, "axis": "y", "origin": [20, 13, 16]},
			"faces": {
				"north": {"uv": [0, 0, 16, 16], "texture": "#3"},
				"east": {"uv": [0, 0, 16, 16], "texture": "#3"},
				"south": {"uv": [0, 0, 16, 16], "texture": "#3"},
				"west": {"uv": [0, 0, 16, 16], "texture": "#3"},
				"up": {"uv": [0, 0, 16, 16], "texture": "#3"},
				"down": {"uv": [0, 0, 16, 16], "texture": "#3"}
			}
		},
		{
			"from": [8, 3, 9],
			"to": [9, 4, 10],
			"rotation": {"angle": 0, "axis": "y", "origin": [19, 11, 18]},
			"faces": {
				"north": {"uv": [0, 0, 16, 16], "texture": "#3"},
				"east": {"uv": [0, 0, 16, 16], "texture": "#3"},
				"south": {"uv": [0, 0, 16, 16], "texture": "#3"},
				"west": {"uv": [0, 0, 16, 16], "texture": "#3"},
				"up": {"uv": [0, 0, 16, 16], "texture": "#3"},
				"down": {"uv": [0, 0, 16, 16], "texture": "#3"}
			}
		},
		{
			"from": [8, 5, 9],
			"to": [9, 6, 10],
			"rotation": {"angle": 0, "axis": "y", "origin": [19, 13, 18]},
			"faces": {
				"north": {"uv": [0, 0, 16, 16], "texture": "#3"},
				"east": {"uv": [0, 0, 16, 16], "texture": "#3"},
				"south": {"uv": [0, 0, 16, 16], "texture": "#3"},
				"west": {"uv": [0, 0, 16, 16], "texture": "#3"},
				"up": {"uv": [0, 0, 16, 16], "texture": "#3"},
				"down": {"uv": [0, 0, 16, 16], "texture": "#3"}
			}
		},
		{
			"from": [6, 3, 9],
			"to": [7, 4, 10],
			"rotation": {"angle": 0, "axis": "y", "origin": [17, 11, 18]},
			"faces": {
				"north": {"uv": [0, 0, 16, 16], "texture": "#3"},
				"east": {"uv": [0, 0, 16, 16], "texture": "#3"},
				"south": {"uv": [0, 0, 16, 16], "texture": "#3"},
				"west": {"uv": [0, 0, 16, 16], "texture": "#3"},
				"up": {"uv": [0, 0, 16, 16], "texture": "#3"},
				"down": {"uv": [0, 0, 16, 16], "texture": "#3"}
			}
		},
		{
			"from": [6, 5, 9],
			"to": [7, 6, 10],
			"rotation": {"angle": 0, "axis": "y", "origin": [17, 13, 18]},
			"faces": {
				"north": {"uv": [0, 0, 16, 16], "texture": "#3"},
				"east": {"uv": [0, 0, 16, 16], "texture": "#3"},
				"south": {"uv": [0, 0, 16, 16], "texture": "#3"},
				"west": {"uv": [0, 0, 16, 16], "texture": "#3"},
				"up": {"uv": [0, 0, 16, 16], "texture": "#3"},
				"down": {"uv": [0, 0, 16, 16], "texture": "#3"}
			}
		},
		{
			"from": [8, 3, 5],
			"to": [9, 4, 6],
			"rotation": {"angle": 0, "axis": "y", "origin": [19, 11, 14]},
			"faces": {
				"north": {"uv": [0, 0, 16, 16], "texture": "#3"},
				"east": {"uv": [0, 0, 16, 16], "texture": "#3"},
				"south": {"uv": [0, 0, 16, 16], "texture": "#3"},
				"west": {"uv": [0, 0, 16, 16], "texture": "#3"},
				"up": {"uv": [0, 0, 16, 16], "texture": "#3"},
				"down": {"uv": [0, 0, 16, 16], "texture": "#3"}
			}
		},
		{
			"from": [8, 5, 5],
			"to": [9, 6, 6],
			"rotation": {"angle": 0, "axis": "y", "origin": [19, 13, 14]},
			"faces": {
				"north": {"uv": [0, 0, 16, 16], "texture": "#3"},
				"east": {"uv": [0, 0, 16, 16], "texture": "#3"},
				"south": {"uv": [0, 0, 16, 16], "texture": "#3"},
				"west": {"uv": [0, 0, 16, 16], "texture": "#3"},
				"up": {"uv": [0, 0, 16, 16], "texture": "#3"},
				"down": {"uv": [0, 0, 16, 16], "texture": "#3"}
			}
		},
		{
			"from": [6, 3, 5],
			"to": [7, 4, 6],
			"rotation": {"angle": 0, "axis": "y", "origin": [17, 11, 14]},
			"faces": {
				"north": {"uv": [0, 0, 16, 16], "texture": "#3"},
				"east": {"uv": [0, 0, 16, 16], "texture": "#3"},
				"south": {"uv": [0, 0, 16, 16], "texture": "#3"},
				"west": {"uv": [0, 0, 16, 16], "texture": "#3"},
				"up": {"uv": [0, 0, 16, 16], "texture": "#3"},
				"down": {"uv": [0, 0, 16, 16], "texture": "#3"}
			}
		},
		{
			"from": [6, 5, 5],
			"to": [7, 6, 6],
			"rotation": {"angle": 0, "axis": "y", "origin": [17, 13, 14]},
			"faces": {
				"north": {"uv": [0, 0, 16, 16], "texture": "#3"},
				"east": {"uv": [0, 0, 16, 16], "texture": "#3"},
				"south": {"uv": [0, 0, 16, 16], "texture": "#3"},
				"west": {"uv": [0, 0, 16, 16], "texture": "#3"},
				"up": {"uv": [0, 0, 16, 16], "texture": "#3"},
				"down": {"uv": [0, 0, 16, 16], "texture": "#3"}
			}
		},
		{
			"from": [7, 3, 6],
			"to": [8, 4, 7],
			"rotation": {"angle": 0, "axis": "y", "origin": [18, 11, 15]},
			"faces": {
				"north": {"uv": [0, 0, 16, 16], "texture": "#3"},
				"east": {"uv": [0, 0, 16, 16], "texture": "#3"},
				"south": {"uv": [0, 0, 16, 16], "texture": "#3"},
				"west": {"uv": [0, 0, 16, 16], "texture": "#3"},
				"up": {"uv": [0, 0, 16, 16], "texture": "#3"},
				"down": {"uv": [0, 0, 16, 16], "texture": "#3"}
			}
		},
		{
			"from": [7, 5, 6],
			"to": [8, 6, 7],
			"rotation": {"angle": 0, "axis": "y", "origin": [18, 13, 15]},
			"faces": {
				"north": {"uv": [0, 0, 16, 16], "texture": "#3"},
				"east": {"uv": [0, 0, 16, 16], "texture": "#3"},
				"south": {"uv": [0, 0, 16, 16], "texture": "#3"},
				"west": {"uv": [0, 0, 16, 16], "texture": "#3"},
				"up": {"uv": [0, 0, 16, 16], "texture": "#3"},
				"down": {"uv": [0, 0, 16, 16], "texture": "#3"}
			}
		},
		{
			"from": [7, 3, 9],
			"to": [8, 4, 10],
			"rotation": {"angle": 0, "axis": "y", "origin": [18, 11, 18]},
			"faces": {
				"north": {"uv": [0, 0, 16, 16], "texture": "#3"},
				"east": {"uv": [0, 0, 16, 16], "texture": "#3"},
				"south": {"uv": [0, 0, 16, 16], "texture": "#3"},
				"west": {"uv": [0, 0, 16, 16], "texture": "#3"},
				"up": {"uv": [0, 0, 16, 16], "texture": "#3"},
				"down": {"uv": [0, 0, 16, 16], "texture": "#3"}
			}
		},
		{
			"from": [7, 5, 9],
			"to": [8, 6, 10],
			"rotation": {"angle": 0, "axis": "y", "origin": [18, 13, 18]},
			"faces": {
				"north": {"uv": [0, 0, 16, 16], "texture": "#3"},
				"east": {"uv": [0, 0, 16, 16], "texture": "#3"},
				"south": {"uv": [0, 0, 16, 16], "texture": "#3"},
				"west": {"uv": [0, 0, 16, 16], "texture": "#3"},
				"up": {"uv": [0, 0, 16, 16], "texture": "#3"},
				"down": {"uv": [0, 0, 16, 16], "texture": "#3"}
			}
		},
		{
			"from": [7, 3, 5],
			"to": [8, 4, 6],
			"rotation": {"angle": 0, "axis": "y", "origin": [18, 11, 14]},
			"faces": {
				"north": {"uv": [0, 0, 16, 16], "texture": "#3"},
				"east": {"uv": [0, 0, 16, 16], "texture": "#3"},
				"south": {"uv": [0, 0, 16, 16], "texture": "#3"},
				"west": {"uv": [0, 0, 16, 16], "texture": "#3"},
				"up": {"uv": [0, 0, 16, 16], "texture": "#3"},
				"down": {"uv": [0, 0, 16, 16], "texture": "#3"}
			}
		},
		{
			"from": [7, 5, 5],
			"to": [8, 6, 6],
			"rotation": {"angle": 0, "axis": "y", "origin": [18, 13, 14]},
			"faces": {
				"north": {"uv": [0, 0, 16, 16], "texture": "#3"},
				"east": {"uv": [0, 0, 16, 16], "texture": "#3"},
				"south": {"uv": [0, 0, 16, 16], "texture": "#3"},
				"west": {"uv": [0, 0, 16, 16], "texture": "#3"},
				"up": {"uv": [0, 0, 16, 16], "texture": "#3"},
				"down": {"uv": [0, 0, 16, 16], "texture": "#3"}
			}
		},
		{
			"from": [7, 3, 8],
			"to": [8, 4, 9],
			"rotation": {"angle": 0, "axis": "y", "origin": [18, 11, 17]},
			"faces": {
				"north": {"uv": [0, 0, 16, 16], "texture": "#3"},
				"east": {"uv": [0, 0, 16, 16], "texture": "#3"},
				"south": {"uv": [0, 0, 16, 16], "texture": "#3"},
				"west": {"uv": [0, 0, 16, 16], "texture": "#3"},
				"up": {"uv": [0, 0, 16, 16], "texture": "#3"},
				"down": {"uv": [0, 0, 16, 16], "texture": "#3"}
			}
		},
		{
			"from": [7, 5, 8],
			"to": [8, 6, 9],
			"rotation": {"angle": 0, "axis": "y", "origin": [18, 13, 17]},
			"faces": {
				"north": {"uv": [0, 0, 16, 16], "texture": "#3"},
				"east": {"uv": [0, 0, 16, 16], "texture": "#3"},
				"south": {"uv": [0, 0, 16, 16], "texture": "#3"},
				"west": {"uv": [0, 0, 16, 16], "texture": "#3"},
				"up": {"uv": [0, 0, 16, 16], "texture": "#3"},
				"down": {"uv": [0, 0, 16, 16], "texture": "#3"}
			}
		},
		{
			"from": [9, 5, 7],
			"to": [10, 6, 8],
			"rotation": {"angle": 0, "axis": "y", "origin": [20, 13, 16]},
			"faces": {
				"north": {"uv": [0, 0, 16, 16], "texture": "#3"},
				"east": {"uv": [0, 0, 16, 16], "texture": "#3"},
				"south": {"uv": [0, 0, 16, 16], "texture": "#3"},
				"west": {"uv": [0, 0, 16, 16], "texture": "#3"},
				"up": {"uv": [0, 0, 16, 16], "texture": "#3"},
				"down": {"uv": [0, 0, 16, 16], "texture": "#3"}
			}
		},
		{
			"from": [5, 5, 6],
			"to": [6, 6, 7],
			"rotation": {"angle": 0, "axis": "y", "origin": [16, 13, 15]},
			"faces": {
				"north": {"uv": [0, 0, 16, 16], "texture": "#3"},
				"east": {"uv": [0, 0, 16, 16], "texture": "#3"},
				"south": {"uv": [0, 0, 16, 16], "texture": "#3"},
				"west": {"uv": [0, 0, 16, 16], "texture": "#3"},
				"up": {"uv": [0, 0, 16, 16], "texture": "#3"},
				"down": {"uv": [0, 0, 16, 16], "texture": "#3"}
			}
		},
		{
			"from": [5, 3, 6],
			"to": [6, 4, 7],
			"rotation": {"angle": 0, "axis": "y", "origin": [16, 11, 15]},
			"faces": {
				"north": {"uv": [0, 0, 16, 16], "texture": "#3"},
				"east": {"uv": [0, 0, 16, 16], "texture": "#3"},
				"south": {"uv": [0, 0, 16, 16], "texture": "#3"},
				"west": {"uv": [0, 0, 16, 16], "texture": "#3"},
				"up": {"uv": [0, 0, 16, 16], "texture": "#3"},
				"down": {"uv": [0, 0, 16, 16], "texture": "#3"}
			}
		},
		{
			"from": [5, 5, 6],
			"to": [6, 6, 7],
			"rotation": {"angle": 0, "axis": "y", "origin": [16, 13, 15]},
			"faces": {
				"north": {"uv": [0, 0, 16, 16], "texture": "#3"},
				"east": {"uv": [0, 0, 16, 16], "texture": "#3"},
				"south": {"uv": [0, 0, 16, 16], "texture": "#3"},
				"west": {"uv": [0, 0, 16, 16], "texture": "#3"},
				"up": {"uv": [0, 0, 16, 16], "texture": "#3"},
				"down": {"uv": [0, 0, 16, 16], "texture": "#3"}
			}
		},
		{
			"from": [9, 3, 6],
			"to": [10, 4, 7],
			"rotation": {"angle": 0, "axis": "y", "origin": [20, 11, 15]},
			"faces": {
				"north": {"uv": [0, 0, 16, 16], "texture": "#3"},
				"east": {"uv": [0, 0, 16, 16], "texture": "#3"},
				"south": {"uv": [0, 0, 16, 16], "texture": "#3"},
				"west": {"uv": [0, 0, 16, 16], "texture": "#3"},
				"up": {"uv": [0, 0, 16, 16], "texture": "#3"},
				"down": {"uv": [0, 0, 16, 16], "texture": "#3"}
			}
		},
		{
			"from": [9, 5, 6],
			"to": [10, 6, 7],
			"rotation": {"angle": 0, "axis": "y", "origin": [20, 13, 15]},
			"faces": {
				"north": {"uv": [0, 0, 16, 16], "texture": "#3"},
				"east": {"uv": [0, 0, 16, 16], "texture": "#3"},
				"south": {"uv": [0, 0, 16, 16], "texture": "#3"},
				"west": {"uv": [0, 0, 16, 16], "texture": "#3"},
				"up": {"uv": [0, 0, 16, 16], "texture": "#3"},
				"down": {"uv": [0, 0, 16, 16], "texture": "#3"}
			}
		},
		{
			"from": [8, 3, 6],
			"to": [9, 4, 7],
			"rotation": {"angle": 0, "axis": "y", "origin": [19, 11, 15]},
			"faces": {
				"north": {"uv": [0, 0, 16, 16], "texture": "#3"},
				"east": {"uv": [0, 0, 16, 16], "texture": "#3"},
				"south": {"uv": [0, 0, 16, 16], "texture": "#3"},
				"west": {"uv": [0, 0, 16, 16], "texture": "#3"},
				"up": {"uv": [0, 0, 16, 16], "texture": "#3"},
				"down": {"uv": [0, 0, 16, 16], "texture": "#3"}
			}
		},
		{
			"from": [8, 5, 6],
			"to": [9, 6, 7],
			"rotation": {"angle": 0, "axis": "y", "origin": [19, 13, 15]},
			"faces": {
				"north": {"uv": [0, 0, 16, 16], "texture": "#3"},
				"east": {"uv": [0, 0, 16, 16], "texture": "#3"},
				"south": {"uv": [0, 0, 16, 16], "texture": "#3"},
				"west": {"uv": [0, 0, 16, 16], "texture": "#3"},
				"up": {"uv": [0, 0, 16, 16], "texture": "#3"},
				"down": {"uv": [0, 0, 16, 16], "texture": "#3"}
			}
		},
		{
			"from": [6, 3, 6],
			"to": [7, 4, 7],
			"rotation": {"angle": 0, "axis": "y", "origin": [17, 11, 15]},
			"faces": {
				"north": {"uv": [0, 0, 16, 16], "texture": "#3"},
				"east": {"uv": [0, 0, 16, 16], "texture": "#3"},
				"south": {"uv": [0, 0, 16, 16], "texture": "#3"},
				"west": {"uv": [0, 0, 16, 16], "texture": "#3"},
				"up": {"uv": [0, 0, 16, 16], "texture": "#3"},
				"down": {"uv": [0, 0, 16, 16], "texture": "#3"}
			}
		},
		{
			"from": [6, 5, 6],
			"to": [7, 6, 7],
			"rotation": {"angle": 0, "axis": "y", "origin": [17, 13, 15]},
			"faces": {
				"north": {"uv": [0, 0, 16, 16], "texture": "#3"},
				"east": {"uv": [0, 0, 16, 16], "texture": "#3"},
				"south": {"uv": [0, 0, 16, 16], "texture": "#3"},
				"west": {"uv": [0, 0, 16, 16], "texture": "#3"},
				"up": {"uv": [0, 0, 16, 16], "texture": "#3"},
				"down": {"uv": [0, 0, 16, 16], "texture": "#3"}
			}
		},
		{
			"from": [9, 5, 6],
			"to": [10, 6, 7],
			"rotation": {"angle": 0, "axis": "y", "origin": [20, 13, 15]},
			"faces": {
				"north": {"uv": [0, 0, 16, 16], "texture": "#3"},
				"east": {"uv": [0, 0, 16, 16], "texture": "#3"},
				"south": {"uv": [0, 0, 16, 16], "texture": "#3"},
				"west": {"uv": [0, 0, 16, 16], "texture": "#3"},
				"up": {"uv": [0, 0, 16, 16], "texture": "#3"},
				"down": {"uv": [0, 0, 16, 16], "texture": "#3"}
			}
		},
		{
			"from": [8, 6, 7],
			"to": [9, 7, 8],
			"rotation": {"angle": 0, "axis": "y", "origin": [19, 14, 16]},
			"faces": {
				"north": {"uv": [0, 0, 16, 16], "texture": "#3"},
				"east": {"uv": [0, 0, 16, 16], "texture": "#3"},
				"south": {"uv": [0, 0, 16, 16], "texture": "#3"},
				"west": {"uv": [0, 0, 16, 16], "texture": "#3"},
				"up": {"uv": [0, 0, 16, 16], "texture": "#3"},
				"down": {"uv": [0, 0, 16, 16], "texture": "#3"}
			}
		},
		{
			"from": [8, 8, 7],
			"to": [9, 9, 8],
			"rotation": {"angle": 0, "axis": "y", "origin": [19, 16, 16]},
			"faces": {
				"north": {"uv": [0, 0, 16, 16], "texture": "#3"},
				"east": {"uv": [0, 0, 16, 16], "texture": "#3"},
				"south": {"uv": [0, 0, 16, 16], "texture": "#3"},
				"west": {"uv": [0, 0, 16, 16], "texture": "#3"},
				"up": {"uv": [0, 0, 16, 16], "texture": "#3"},
				"down": {"uv": [0, 0, 16, 16], "texture": "#3"}
			}
		},
		{
			"from": [7, 8, 6],
			"to": [8, 9, 7],
			"rotation": {"angle": 0, "axis": "y", "origin": [18, 16, 15]},
			"faces": {
				"north": {"uv": [0, 0, 16, 16], "texture": "#3"},
				"east": {"uv": [0, 0, 16, 16], "texture": "#3"},
				"south": {"uv": [0, 0, 16, 16], "texture": "#3"},
				"west": {"uv": [0, 0, 16, 16], "texture": "#3"},
				"up": {"uv": [0, 0, 16, 16], "texture": "#3"},
				"down": {"uv": [0, 0, 16, 16], "texture": "#3"}
			}
		},
		{
			"from": [7, 8, 8],
			"to": [8, 9, 9],
			"rotation": {"angle": 0, "axis": "y", "origin": [18, 16, 17]},
			"faces": {
				"north": {"uv": [0, 0, 16, 16], "texture": "#3"},
				"east": {"uv": [0, 0, 16, 16], "texture": "#3"},
				"south": {"uv": [0, 0, 16, 16], "texture": "#3"},
				"west": {"uv": [0, 0, 16, 16], "texture": "#3"},
				"up": {"uv": [0, 0, 16, 16], "texture": "#3"},
				"down": {"uv": [0, 0, 16, 16], "texture": "#3"}
			}
		},
		{
			"from": [6, 8, 7],
			"to": [7, 9, 8],
			"rotation": {"angle": 0, "axis": "y", "origin": [17, 16, 16]},
			"faces": {
				"north": {"uv": [0, 0, 16, 16], "texture": "#3"},
				"east": {"uv": [0, 0, 16, 16], "texture": "#3"},
				"south": {"uv": [0, 0, 16, 16], "texture": "#3"},
				"west": {"uv": [0, 0, 16, 16], "texture": "#3"},
				"up": {"uv": [0, 0, 16, 16], "texture": "#3"},
				"down": {"uv": [0, 0, 16, 16], "texture": "#3"}
			}
		},
		{
			"from": [7, 9, 7],
			"to": [8, 10, 8],
			"rotation": {"angle": 0, "axis": "y", "origin": [18, 17, 16]},
			"faces": {
				"north": {"uv": [0, 0, 16, 16], "texture": "#3"},
				"east": {"uv": [0, 0, 16, 16], "texture": "#3"},
				"south": {"uv": [0, 0, 16, 16], "texture": "#3"},
				"west": {"uv": [0, 0, 16, 16], "texture": "#3"},
				"up": {"uv": [0, 0, 16, 16], "texture": "#3"},
				"down": {"uv": [0, 0, 16, 16], "texture": "#3"}
			}
		},
		{
			"name": "log",
			"from": [7, 1, 7],
			"to": [8, 3, 8],
			"rotation": {"angle": 0, "axis": "y", "origin": [15, 9, 16]},
			"faces": {
				"north": {"uv": [0, 0, 16, 16], "texture": "#2"},
				"east": {"uv": [0, 0, 16, 16], "texture": "#2"},
				"south": {"uv": [0, 0, 16, 16], "texture": "#2"},
				"west": {"uv": [0, 0, 16, 16], "texture": "#2"},
				"up": {"uv": [0, 0, 16, 16], "texture": "#2"},
				"down": {"uv": [0, 0, 16, 16], "texture": "#2"}
			}
		},
		{
			"name": "log",
			"from": [7, 3, 7],
			"to": [8, 5, 8],
			"rotation": {"angle": 0, "axis": "y", "origin": [15, 11, 16]},
			"faces": {
				"north": {"uv": [0, 0, 16, 16], "texture": "#2"},
				"east": {"uv": [0, 0, 16, 16], "texture": "#2"},
				"south": {"uv": [0, 0, 16, 16], "texture": "#2"},
				"west": {"uv": [0, 0, 16, 16], "texture": "#2"},
				"up": {"uv": [0, 0, 16, 16], "texture": "#2"},
				"down": {"uv": [0, 0, 16, 16], "texture": "#2"}
			}
		},
		{
			"name": "log",
			"from": [7, 5, 7],
			"to": [8, 7, 8],
			"rotation": {"angle": 0, "axis": "y", "origin": [15, 13, 16]},
			"faces": {
				"north": {"uv": [0, 0, 16, 16], "texture": "#2"},
				"east": {"uv": [0, 0, 16, 16], "texture": "#2"},
				"south": {"uv": [0, 0, 16, 16], "texture": "#2"},
				"west": {"uv": [0, 0, 16, 16], "texture": "#2"},
				"up": {"uv": [0, 0, 16, 16], "texture": "#2"},
				"down": {"uv": [0, 0, 16, 16], "texture": "#2"}
			}
		},
		{
			"name": "log",
			"from": [7, 7, 7],
			"to": [8, 9, 8],
			"rotation": {"angle": 0, "axis": "y", "origin": [15, 15, 16]},
			"faces": {
				"north": {"uv": [0, 0, 16, 16], "texture": "#2"},
				"east": {"uv": [0, 0, 16, 16], "texture": "#2"},
				"south": {"uv": [0, 0, 16, 16], "texture": "#2"},
				"west": {"uv": [0, 0, 16, 16], "texture": "#2"},
				"up": {"uv": [0, 0, 16, 16], "texture": "#2"},
				"down": {"uv": [0, 0, 16, 16], "texture": "#2"}
			}
		}
	],
	"groups": [
		{
			"name": "snowman",
			"origin": [16.5, 9, 21.875],
			"children": [0, 1, 2, 3, 4, 5, 6, 7, 8, 9, 10, 11, 12, 13, 14]
		},
		{
			"name": "presents",
			"origin": [21, 9, 8],
			"children": [15, 16, 17]
		},
		{
			"name": "main",
			"origin": [8, 8, 8],
			"children": [18, 19, 20, 21, 22, 23, 24, 25]
		},
		{
			"name": "leaves",
			"origin": [18, 17, 16],
			"children": [26, 27, 28, 29, 30, 31, 32, 33, 34, 35, 36, 37, 38, 39, 40, 41, 42, 43, 44, 45, 46, 47, 48, 49, 50, 51, 52, 53, 54, 55, 56, 57, 58, 59, 60, 61, 62, 63, 64, 65, 66, 67, 68, 69, 70, 71, 72, 73, 74, 75, 76, 77, 78, 79, 80, 81, 82, 83, 84,
				{
					"name": "log",
					"origin": [15, 15, 16],
					"children": [85, 86, 87, 88]
				}
			]
		}
	]
}