{
	"credit": "quiktori",
	"texture_size": [128, 128],
	"textures": {
		"3": "items/items/car"
	},
	"elements": [
		{
			"from": [-3.125, -5, -1.5],
			"to": [-1, 2, 0.5],
			"rotation": {"angle": 0, "axis": "y", "origin": [7, 5, 6.5]},
			"faces": {
				"north": {"uv": [0.75, 10.75, 1, 11.625], "texture": "#3"},
				"east": {"uv": [1, 10.75, 1.25, 11.625], "texture": "#3"},
				"south": {"uv": [7.25, 10.75, 7.5, 11.625], "texture": "#3"},
				"west": {"uv": [7.5, 10.75, 7.75, 11.625], "texture": "#3"},
				"up": {"uv": [2.625, 11.75, 2.375, 11.5], "texture": "#3"},
				"down": {"uv": [2.875, 11.5, 2.625, 11.75], "texture": "#3"}
			}
		},
		{
			"from": [-3.125, -5, 3.5],
			"to": [-1, 2, 5.5],
			"rotation": {"angle": 0, "axis": "y", "origin": [7, 5, 11.5]},
			"faces": {
				"north": {"uv": [10.125, 10.375, 10.375, 11.25], "texture": "#3"},
				"east": {"uv": [10.375, 10.375, 10.625, 11.25], "texture": "#3"},
				"south": {"uv": [1.5, 10.5, 1.75, 11.375], "texture": "#3"},
				"west": {"uv": [1.75, 10.5, 2, 11.375], "texture": "#3"},
				"up": {"uv": [11.625, 7.25, 11.375, 7], "texture": "#3"},
				"down": {"uv": [11.625, 8, 11.375, 8.25], "texture": "#3"}
			}
		},
		{
			"from": [-2.44336, -3, 0.5],
			"to": [-2.34336, 0, 3.5],
			"rotation": {"angle": 0, "axis": "y", "origin": [6.18164, 3, 9.5]},
			"faces": {
				"north": {"uv": [10.875, 1.25, 11.25, 1.625], "texture": "#3"},
				"east": {"uv": [10.875, 1.25, 11.25, 1.625], "texture": "#3"},
				"south": {"uv": [10.875, 1.25, 11.25, 1.625], "texture": "#3"},
				"west": {"uv": [10.875, 1.25, 11.25, 1.625], "texture": "#3"},
				"up": {"uv": [10.875, 1.25, 11.25, 1.625], "texture": "#3"},
				"down": {"uv": [10.875, 1.25, 11.25, 1.625], "texture": "#3"}
			}
		},
		{
			"from": [-3.125, -5, 18.5],
			"to": [-1, 2, 20.5],
			"rotation": {"angle": 0, "axis": "y", "origin": [7, 5, 26.5]},
			"faces": {
				"north": {"uv": [10.75, 2.25, 11, 3.125], "texture": "#3"},
				"east": {"uv": [4.75, 10.875, 5, 11.75], "texture": "#3"},
				"south": {"uv": [5, 10.875, 5.25, 11.75], "texture": "#3"},
				"west": {"uv": [5.25, 10.875, 5.5, 11.75], "texture": "#3"},
				"up": {"uv": [3.125, 11.75, 2.875, 11.5], "texture": "#3"},
				"down": {"uv": [3.375, 11.5, 3.125, 11.75], "texture": "#3"}
			}
		},
		{
			"from": [-2.69336, -3, 20.5],
			"to": [-2.59336, 0, 23.5],
			"rotation": {"angle": 0, "axis": "y", "origin": [5.93164, 3, 29.5]},
			"faces": {
				"north": {"uv": [10.875, 1.25, 11.25, 1.625], "texture": "#3"},
				"east": {"uv": [10.875, 1.25, 11.25, 1.625], "texture": "#3"},
				"south": {"uv": [10.875, 1.25, 11.25, 1.625], "texture": "#3"},
				"west": {"uv": [10.875, 1.25, 11.25, 1.625], "texture": "#3"},
				"up": {"uv": [10.875, 1.25, 11.25, 1.625], "texture": "#3"},
				"down": {"uv": [10.875, 1.25, 11.25, 1.625], "texture": "#3"}
			}
		},
		{
			"from": [-3.125, -5, 23.5],
			"to": [-1, 2, 25.5],
			"rotation": {"angle": 0, "axis": "y", "origin": [7, 5, 31.5]},
			"faces": {
				"north": {"uv": [10.5, 2.25, 10.75, 3.125], "texture": "#3"},
				"east": {"uv": [2, 10.625, 2.25, 11.5], "texture": "#3"},
				"south": {"uv": [2.25, 10.625, 2.5, 11.5], "texture": "#3"},
				"west": {"uv": [2.5, 10.625, 2.75, 11.5], "texture": "#3"},
				"up": {"uv": [11.625, 8.5, 11.375, 8.25], "texture": "#3"},
				"down": {"uv": [11.625, 8.5, 11.375, 8.75], "texture": "#3"}
			}
		},
		{
			"from": [16.875, -5, 18.5],
			"to": [19, 2, 20.5],
			"rotation": {"angle": 0, "axis": "y", "origin": [27, 5, 26.5]},
			"faces": {
				"north": {"uv": [10.625, 1, 10.875, 1.875], "texture": "#3"},
				"east": {"uv": [0, 10.75, 0.25, 11.625], "texture": "#3"},
				"south": {"uv": [0.25, 10.75, 0.5, 11.625], "texture": "#3"},
				"west": {"uv": [0.5, 10.75, 0.75, 11.625], "texture": "#3"},
				"up": {"uv": [2.125, 11.75, 1.875, 11.5], "texture": "#3"},
				"down": {"uv": [2.375, 11.5, 2.125, 11.75], "texture": "#3"}
			}
		},
		{
			"from": [16.875, -5, 23.5],
			"to": [19, 2, 25.5],
			"rotation": {"angle": 0, "axis": "y", "origin": [27, 5, 31.5]},
			"faces": {
				"north": {"uv": [9.125, 10.375, 9.375, 11.25], "texture": "#3"},
				"east": {"uv": [9.375, 10.375, 9.625, 11.25], "texture": "#3"},
				"south": {"uv": [9.625, 10.375, 9.875, 11.25], "texture": "#3"},
				"west": {"uv": [9.875, 10.375, 10.125, 11.25], "texture": "#3"},
				"up": {"uv": [11.625, 5.25, 11.375, 5], "texture": "#3"},
				"down": {"uv": [11.625, 6.75, 11.375, 7], "texture": "#3"}
			}
		},
		{
			"from": [16.875, -5, -1.5],
			"to": [19, 2, 0.5],
			"rotation": {"angle": 0, "axis": "y", "origin": [27, 5, 6.5]},
			"faces": {
				"north": {"uv": [2.75, 10.625, 3, 11.5], "texture": "#3"},
				"east": {"uv": [3, 10.625, 3.25, 11.5], "texture": "#3"},
				"south": {"uv": [3.25, 10.625, 3.5, 11.5], "texture": "#3"},
				"west": {"uv": [10.625, 10.625, 10.875, 11.5], "texture": "#3"},
				"up": {"uv": [11.625, 9, 11.375, 8.75], "texture": "#3"},
				"down": {"uv": [11.625, 10.25, 11.375, 10.5], "texture": "#3"}
			}
		},
		{
			"from": [16.875, -5, 3.5],
			"to": [19, 2, 5.5],
			"rotation": {"angle": 0, "axis": "y", "origin": [27, 5, 11.5]},
			"faces": {
				"north": {"uv": [1.25, 10.375, 1.5, 11.25], "texture": "#3"},
				"east": {"uv": [7.875, 10.375, 8.125, 11.25], "texture": "#3"},
				"south": {"uv": [8.625, 10.375, 8.875, 11.25], "texture": "#3"},
				"west": {"uv": [8.875, 10.375, 9.125, 11.25], "texture": "#3"},
				"up": {"uv": [11.625, 2.75, 11.375, 2.5], "texture": "#3"},
				"down": {"uv": [11.625, 2.75, 11.375, 3], "texture": "#3"}
			}
		},
		{
			"from": [-1.375, -1.70703, 21.27148],
			"to": [18.5, -0.20703, 22.77148],
			"rotation": {"angle": 0, "axis": "y", "origin": [10.5, 4.04297, 29.39648]},
			"faces": {
				"north": {"uv": [8.75, 0, 11.25, 0.25], "texture": "#3"},
				"east": {"uv": [4.5, 11.375, 4.75, 11.625], "texture": "#3"},
				"south": {"uv": [8.75, 0.25, 11.25, 0.5], "texture": "#3"},
				"west": {"uv": [11.375, 2.25, 11.625, 2.5], "texture": "#3"},
				"up": {"uv": [11.25, 0.75, 8.75, 0.5], "texture": "#3"},
				"down": {"uv": [11.25, 2, 8.75, 2.25], "texture": "#3"}
			}
		},
		{
			"from": [-1.375, -1.70703, 1.27148],
			"to": [18.5, -0.20703, 2.77148],
			"rotation": {"angle": 0, "axis": "y", "origin": [10.5, 4.04297, 9.39648]},
			"faces": {
				"north": {"uv": [8.375, 5.5, 10.875, 5.75], "texture": "#3"},
				"east": {"uv": [11.25, 10.625, 11.5, 10.875], "texture": "#3"},
				"south": {"uv": [8.375, 5.75, 10.875, 6], "texture": "#3"},
				"west": {"uv": [4.25, 11.375, 4.5, 11.625], "texture": "#3"},
				"up": {"uv": [4.5, 8.75, 2, 8.5], "texture": "#3"},
				"down": {"uv": [4.5, 8.75, 2, 9], "texture": "#3"}
			}
		},
		{
			"from": [18.43164, -3, 20.5],
			"to": [18.53164, 0, 23.5],
			"rotation": {"angle": 0, "axis": "y", "origin": [27.05664, 3, 29.5]},
			"faces": {
				"north": {"uv": [10.875, 1.25, 11.25, 1.625], "texture": "#3"},
				"east": {"uv": [10.875, 1.25, 11.25, 1.625], "texture": "#3"},
				"south": {"uv": [10.875, 1.25, 11.25, 1.625], "texture": "#3"},
				"west": {"uv": [10.875, 1.25, 11.25, 1.625], "texture": "#3"},
				"up": {"uv": [10.875, 1.25, 11.25, 1.625], "texture": "#3"},
				"down": {"uv": [10.875, 1.25, 11.25, 1.625], "texture": "#3"}
			}
		},
		{
			"from": [18.43164, -3, 0.5],
			"to": [18.53164, 0, 3.5],
			"rotation": {"angle": 0, "axis": "y", "origin": [27.05664, 3, 9.5]},
			"faces": {
				"north": {"uv": [10.875, 1.25, 11.25, 1.625], "texture": "#3"},
				"east": {"uv": [10.875, 1.25, 11.25, 1.625], "texture": "#3"},
				"south": {"uv": [10.875, 1.25, 11.25, 1.625], "texture": "#3"},
				"west": {"uv": [10.875, 1.25, 11.25, 1.625], "texture": "#3"},
				"up": {"uv": [10.875, 1.25, 11.25, 1.625], "texture": "#3"},
				"down": {"uv": [10.875, 1.25, 11.25, 1.625], "texture": "#3"}
			}
		},
		{
			"from": [16.875, 0, 20.5],
			"to": [19, 2, 23.5],
			"rotation": {"angle": 0, "axis": "y", "origin": [27, 5, 29.5]},
			"faces": {
				"north": {"uv": [9.125, 11.5, 9.375, 11.75], "texture": "#3"},
				"east": {"uv": [11.125, 0.75, 11.5, 1], "texture": "#3"},
				"south": {"uv": [9.875, 11.5, 10.125, 11.75], "texture": "#3"},
				"west": {"uv": [11.125, 3.75, 11.5, 4], "texture": "#3"},
				"up": {"uv": [6.5, 11.625, 6.25, 11.25], "texture": "#3"},
				"down": {"uv": [8.125, 11.25, 7.875, 11.625], "texture": "#3"}
			}
		},
		{
			"from": [16.875, -5, 20.5],
			"to": [19, -3, 23.5],
			"rotation": {"angle": 0, "axis": "y", "origin": [27, 0, 29.5]},
			"faces": {
				"north": {"uv": [11.5, 1, 11.75, 1.25], "texture": "#3"},
				"east": {"uv": [11.25, 0.375, 11.625, 0.625], "texture": "#3"},
				"south": {"uv": [11.5, 1.5, 11.75, 1.75], "texture": "#3"},
				"west": {"uv": [11.25, 1.25, 11.625, 1.5], "texture": "#3"},
				"up": {"uv": [11.5, 1.875, 11.25, 1.5], "texture": "#3"},
				"down": {"uv": [11.5, 1.875, 11.25, 2.25], "texture": "#3"}
			}
		},
		{
			"from": [-3.125, 0, 20.5],
			"to": [-1, 2, 23.5],
			"rotation": {"angle": 0, "axis": "y", "origin": [7, 5, 29.5]},
			"faces": {
				"north": {"uv": [10.625, 11.5, 10.875, 11.75], "texture": "#3"},
				"east": {"uv": [8.625, 11.25, 9, 11.5], "texture": "#3"},
				"south": {"uv": [11.5, 11.5, 11.75, 11.75], "texture": "#3"},
				"west": {"uv": [9, 11.25, 9.375, 11.5], "texture": "#3"},
				"up": {"uv": [9.625, 11.625, 9.375, 11.25], "texture": "#3"},
				"down": {"uv": [9.875, 11.25, 9.625, 11.625], "texture": "#3"}
			}
		},
		{
			"from": [-3.125, -5, 20.5],
			"to": [-1, -3, 23.5],
			"rotation": {"angle": 0, "axis": "y", "origin": [7, 0, 29.5]},
			"faces": {
				"north": {"uv": [11.5, 3.75, 11.75, 4], "texture": "#3"},
				"east": {"uv": [11.25, 7.5, 11.625, 7.75], "texture": "#3"},
				"south": {"uv": [11.5, 4.5, 11.75, 4.75], "texture": "#3"},
				"west": {"uv": [11.25, 7.75, 11.625, 8], "texture": "#3"},
				"up": {"uv": [11.5, 10.125, 11.25, 9.75], "texture": "#3"},
				"down": {"uv": [1.75, 11.375, 1.5, 11.75], "texture": "#3"}
			}
		},
		{
			"from": [-3.125, -5, 0.5],
			"to": [-1, -3, 3.5],
			"rotation": {"angle": 0, "axis": "y", "origin": [7, 0, 9.5]},
			"faces": {
				"north": {"uv": [11.5, 1.75, 11.75, 2], "texture": "#3"},
				"east": {"uv": [11.25, 3.25, 11.625, 3.5], "texture": "#3"},
				"south": {"uv": [11.5, 2, 11.75, 2.25], "texture": "#3"},
				"west": {"uv": [11.25, 4, 11.625, 4.25], "texture": "#3"},
				"up": {"uv": [11.5, 5.875, 11.25, 5.5], "texture": "#3"},
				"down": {"uv": [11.5, 6.25, 11.25, 6.625], "texture": "#3"}
			}
		},
		{
			"from": [-3.125, 0, 0.5],
			"to": [-1, 2, 3.5],
			"rotation": {"angle": 0, "axis": "y", "origin": [7, 5, 9.5]},
			"faces": {
				"north": {"uv": [10.125, 11.5, 10.375, 11.75], "texture": "#3"},
				"east": {"uv": [11.125, 5.25, 11.5, 5.5], "texture": "#3"},
				"south": {"uv": [10.375, 11.5, 10.625, 11.75], "texture": "#3"},
				"west": {"uv": [11.125, 7.25, 11.5, 7.5], "texture": "#3"},
				"up": {"uv": [8.375, 11.625, 8.125, 11.25], "texture": "#3"},
				"down": {"uv": [8.625, 11.25, 8.375, 11.625], "texture": "#3"}
			}
		},
		{
			"from": [16.875, -5, 0.5],
			"to": [19, -3, 3.5],
			"rotation": {"angle": 0, "axis": "y", "origin": [27, 0, 9.5]},
			"faces": {
				"north": {"uv": [11.5, 0, 11.75, 0.25], "texture": "#3"},
				"east": {"uv": [9.875, 11.25, 10.25, 11.5], "texture": "#3"},
				"south": {"uv": [11.5, 0.75, 11.75, 1], "texture": "#3"},
				"west": {"uv": [10.25, 11.25, 10.625, 11.5], "texture": "#3"},
				"up": {"uv": [11.5, 11.625, 11.25, 11.25], "texture": "#3"},
				"down": {"uv": [11.5, 0, 11.25, 0.375], "texture": "#3"}
			}
		},
		{
			"from": [16.875, 0, 0.5],
			"to": [19, 2, 3.5],
			"rotation": {"angle": 0, "axis": "y", "origin": [27, 5, 9.5]},
			"faces": {
				"north": {"uv": [8.625, 11.5, 8.875, 11.75], "texture": "#3"},
				"east": {"uv": [10.875, 10.125, 11.25, 10.375], "texture": "#3"},
				"south": {"uv": [8.875, 11.5, 9.125, 11.75], "texture": "#3"},
				"west": {"uv": [10.875, 10.625, 11.25, 10.875], "texture": "#3"},
				"up": {"uv": [6, 11.625, 5.75, 11.25], "texture": "#3"},
				"down": {"uv": [6.25, 11.25, 6, 11.625], "texture": "#3"}
			}
		},
		{
			"from": [-3, -1.97265, 26.45703],
			"to": [19.12109, 2.40235, 31.08203],
			"rotation": {"angle": 0, "axis": "y", "origin": [9, 8.02735, 36.08203]},
			"faces": {
				"north": {"uv": [8.25, 8, 11, 8.25], "texture": "#3"},
				"east": {"uv": [10.875, 10.875, 11.5, 11.125], "texture": "#3"},
				"south": {"uv": [8.375, 5.25, 11.125, 5.5], "texture": "#3"},
				"west": {"uv": [10.875, 1, 11.5, 1.25], "texture": "#3"},
				"up": {"uv": [9.25, 4.625, 6.5, 4], "texture": "#3"},
				"down": {"uv": [9.25, 4.625, 6.5, 5.25], "texture": "#3"}
			}
		},
		{
			"from": [0.77148, -2, -2.625],
			"to": [15.62109, 2.375, 26.5],
			"rotation": {"angle": 0, "axis": "y", "origin": [9.25, 8, 31.5]},
			"faces": {
				"north": {"uv": [4.375, 9.125, 6.25, 9.375], "texture": "#3"},
				"east": {"uv": [7.375, 0.75, 11.125, 1], "texture": "#3"},
				"south": {"uv": [6.25, 9.125, 8.125, 9.375], "texture": "#3"},
				"west": {"uv": [8.25, 6, 12, 6.25], "texture": "#3"},
				"up": {"uv": [1.875, 3.75, 0, 0], "texture": "#3"},
				"down": {"uv": [3.75, 1.875, 1.875, 5.625], "texture": "#3"}
			}
		},
		{
			"from": [0.75, 2.30077, 28.58203],
			"to": [15.375, 8.72265, 31.08203],
			"rotation": {"angle": 0, "axis": "y", "origin": [7.75, 11.05077, 26.08203]},
			"faces": {
				"north": {"uv": [0, 3.75, 1.875, 4.5], "texture": "#3"},
				"east": {"uv": [4.75, 10.125, 5.125, 10.875], "texture": "#3"},
				"south": {"uv": [0, 4.5, 1.875, 5.25], "texture": "#3"},
				"west": {"uv": [5.125, 10.125, 5.5, 10.875], "texture": "#3"},
				"up": {"uv": [6.5, 1.375, 4.625, 1], "texture": "#3"},
				"down": {"uv": [1.875, 5.25, 0, 5.625], "texture": "#3"}
			}
		},
		{
			"from": [-3, -2, -7.08203],
			"to": [19.125, 8.72265, -2.5],
			"rotation": {"angle": 0, "axis": "y", "origin": [9, 8, -8]},
			"faces": {
				"north": {"uv": [4.625, 0, 7.375, 1], "texture": "#3"},
				"east": {"uv": [5.5, 8.125, 6.5, 9.125], "texture": "#3"},
				"south": {"uv": [3.75, 5.125, 6.5, 6.125], "texture": "#3"},
				"west": {"uv": [8.25, 8.25, 9.25, 9.25], "texture": "#3"},
				"up": {"uv": [2.75, 6.625, 0, 5.625], "texture": "#3"},
				"down": {"uv": [5.5, 6.125, 2.75, 7.125], "texture": "#3"}
			}
		},
		{
			"from": [0.75, 0.875, -2.5],
			"to": [15.375, 8.72265, 6.18945],
			"rotation": {"angle": 0, "axis": "y", "origin": [12.75, 8, -3.41797]},
			"faces": {
				"north": {"uv": [4.625, 0, 7.375, 1], "texture": "#3"},
				"east": {"uv": [5.5, 8.125, 6.5, 9.125], "texture": "#3"},
				"south": {"uv": [3.75, 5.125, 6.5, 6.125], "texture": "#3"},
				"west": {"uv": [8.25, 8.25, 9.25, 9.25], "texture": "#3"},
				"up": {"uv": [2.75, 6.625, 0, 5.625], "texture": "#3"},
				"down": {"uv": [5.5, 6.125, 2.75, 7.125], "texture": "#3"}
			}
		},
		{
			"from": [15.375, 2.375, -2.5],
			"to": [19.125, 8.72265, 31.08203],
			"rotation": {"angle": 0, "axis": "y", "origin": [21, 8, -3.41797]},
			"faces": {
				"north": {"uv": [4.625, 0, 7.375, 1], "texture": "#3"},
				"east": {"uv": [5.5, 8.125, 6.5, 9.125], "texture": "#3"},
				"south": {"uv": [3.75, 5.125, 6.5, 6.125], "texture": "#3"},
				"west": {"uv": [8.25, 8.25, 9.25, 9.25], "texture": "#3"},
				"up": {"uv": [2.75, 6.625, 0, 5.625], "texture": "#3"},
				"down": {"uv": [5.5, 6.125, 2.75, 7.125], "texture": "#3"}
			}
		},
		{
			"from": [-3, -1.99999, 6],
			"to": [0.75781, 2.375, 17.83203],
			"rotation": {"angle": 0, "axis": "y", "origin": [2.625, 4.65235, -3.41797]},
			"faces": {
				"north": {"uv": [4.625, 0, 7.375, 1], "texture": "#3"},
				"east": {"uv": [5.5, 8.125, 6.5, 9.125], "texture": "#3"},
				"south": {"uv": [3.75, 5.125, 6.5, 6.125], "texture": "#3"},
				"west": {"uv": [8.25, 8.25, 9.25, 9.25], "texture": "#3"},
				"up": {"uv": [2.75, 6.625, 0, 5.625], "texture": "#3"},
				"down": {"uv": [5.5, 6.125, 2.75, 7.125], "texture": "#3"}
			}
		},
		{
			"from": [15.625, -2.04296, 6],
			"to": [19.125, 2.375, 17.83203],
			"rotation": {"angle": 0, "axis": "y", "origin": [21, 4.65235, -3.41797]},
			"faces": {
				"north": {"uv": [4.625, 0, 7.375, 1], "texture": "#3"},
				"east": {"uv": [5.5, 8.125, 6.5, 9.125], "texture": "#3"},
				"south": {"uv": [3.75, 5.125, 6.5, 6.125], "texture": "#3"},
				"west": {"uv": [8.25, 8.25, 9.25, 9.25], "texture": "#3"},
				"up": {"uv": [2.75, 6.625, 0, 5.625], "texture": "#3"},
				"down": {"uv": [5.5, 6.125, 2.75, 7.125], "texture": "#3"}
			}
		},
		{
			"from": [-3, 2.375, -2.5],
			"to": [0.75, 8.72265, 31.08203],
			"rotation": {"angle": 0, "axis": "y", "origin": [2.625, 8, -3.41797]},
			"faces": {
				"north": {"uv": [4.625, 0, 7.375, 1], "texture": "#3"},
				"east": {"uv": [5.5, 8.125, 6.5, 9.125], "texture": "#3"},
				"south": {"uv": [3.75, 5.125, 6.5, 6.125], "texture": "#3"},
				"west": {"uv": [8.25, 8.25, 9.25, 9.25], "texture": "#3"},
				"up": {"uv": [2.75, 6.625, 0, 5.625], "texture": "#3"},
				"down": {"uv": [5.5, 6.125, 2.75, 7.125], "texture": "#3"}
			}
		},
		{
			"from": [0.625, 7.54687, 6.22266],
			"to": [15.5, 8.73242, 10.00781],
			"rotation": {"angle": 0, "axis": "x", "origin": [9, 13.90039, 4.38281]},
			"faces": {
				"north": {"uv": [10, 4.875, 11.875, 5], "texture": "#3"},
				"east": {"uv": [7.75, 9, 8.25, 9.125], "texture": "#3"},
				"south": {"uv": [10.25, 9.625, 12.125, 9.75], "texture": "#3"},
				"west": {"uv": [11.25, 10.125, 11.75, 10.25], "texture": "#3"},
				"up": {"uv": [3.75, 1.875, 1.875, 1.375], "texture": "#3"},
				"down": {"uv": [10.125, 6.25, 8.25, 6.75], "texture": "#3"}
			}
		},
		{
			"from": [0.25, 3, 17.66211],
			"to": [15.25, 6.35742, 24.14649],
			"rotation": {"angle": 0, "axis": "x", "origin": [3.875, 9.16016, 21.89649]},
			"faces": {
				"north": {"uv": [8.25, 6.75, 10.125, 7.125], "texture": "#3"},
				"east": {"uv": [10, 4.5, 10.75, 4.875], "texture": "#3"},
				"south": {"uv": [8.25, 7.125, 10.125, 7.5], "texture": "#3"},
				"west": {"uv": [10, 9.25, 10.75, 9.625], "texture": "#3"},
				"up": {"uv": [8.375, 6, 6.5, 5.25], "texture": "#3"},
				"down": {"uv": [1.875, 6.625, 0, 7.375], "texture": "#3"}
			}
		},
		{
			"from": [0.5, 9.36719, 11.25],
			"to": [6.125, 14.625, 11.25],
			"rotation": {"angle": -22.5, "axis": "x", "origin": [9.125, 16.86719, 17.75]},
			"faces": {
				"north": {"uv": [9.25, 4.375, 10, 5], "texture": "#3"},
				"east": {"uv": [9.25, 4.375, 10, 5], "texture": "#3"},
				"south": {"uv": [9.25, 4.375, 10, 5], "texture": "#3"},
				"west": {"uv": [9.25, 4.375, 10, 5], "texture": "#3"},
				"up": {"uv": [9.25, 4.375, 10, 5], "texture": "#3"},
				"down": {"uv": [9.25, 4.375, 10, 5], "texture": "#3"}
			}
		},
		{
			"from": [2.72461, 11.38281, 4.625],
			"to": [3.88672, 12.58789, 10.57422],
			"rotation": {"angle": -22.5, "axis": "x", "origin": [10.59961, 18.58594, 17.625]},
			"faces": {
				"north": {"uv": [4.375, 9, 4.5, 9.125], "texture": "#3"},
				"east": {"uv": [10.75, 9.5, 11.5, 9.625], "texture": "#3"},
				"south": {"uv": [8.125, 9.125, 8.25, 9.25], "texture": "#3"},
				"west": {"uv": [10.875, 5.875, 11.625, 6], "texture": "#3"},
				"up": {"uv": [10.625, 1.75, 10.5, 1], "texture": "#3"},
				"down": {"uv": [1.875, 11.375, 1.75, 12.125], "texture": "#3"}
			}
		},
		{
			"from": [17.125, 8, 7.75],
			"to": [17.225, 10.875, 20.625],
			"rotation": {"angle": 0, "axis": "y", "origin": [25.75, 13, 22]},
			"faces": {
				"east": {"uv": [6.5, 8.625, 7.75, 9.125], "texture": "#3"},
				"west": {"uv": [8.75, 2.25, 10, 2.75], "texture": "#3"}
			}
		},
		{
			"from": [17.125, 8, 20.75],
			"to": [17.225, 15.875, 30.625],
			"rotation": {"angle": 0, "axis": "y", "origin": [25.75, 13, 32]},
			"faces": {
				"east": {"uv": [6.5, 8.625, 7.75, 9.125], "texture": "#3"},
				"west": {"uv": [8.75, 2.25, 10, 2.75], "texture": "#3"}
			}
		},
		{
			"from": [-1.31836, 8, 7.625],
			"to": [-1.21836, 12.375, 20.625],
			"rotation": {"angle": 0, "axis": "y", "origin": [7.30664, 13, 22]},
			"faces": {
				"east": {"uv": [8.75, 2.75, 10, 3.25], "texture": "#3"},
				"west": {"uv": [8.75, 3.25, 10, 3.75], "texture": "#3"}
			}
		},
		{
			"from": [-1.31836, 8, 21.5],
			"to": [-1.21836, 16, 29.625],
			"rotation": {"angle": 0, "axis": "y", "origin": [7.30664, 13, 31]},
			"faces": {
				"east": {"uv": [8.75, 2.75, 10, 3.25], "texture": "#3"},
				"west": {"uv": [8.75, 3.25, 10, 3.75], "texture": "#3"}
			}
		},
		{
			"from": [-0.94336, 8, 30.25],
			"to": [16.78164, 16, 30.25],
			"rotation": {"angle": 0, "axis": "y", "origin": [7.30664, 13, 31.625]},
			"faces": {
				"north": {"uv": [6.625, 2.125, 8.625, 3.875], "texture": "#3"},
				"east": {"uv": [6.625, 2.125, 8.625, 3.875], "texture": "#3"},
				"south": {"uv": [6.625, 2.125, 8.625, 3.875], "texture": "#3"},
				"west": {"uv": [6.625, 2.125, 8.625, 3.875], "texture": "#3"},
				"up": {"uv": [6.625, 2.125, 8.625, 3.875], "texture": "#3"},
				"down": {"uv": [6.625, 2.125, 8.625, 3.875], "texture": "#3"}
			}
		},
		{
			"from": [-1.31836, 8, 21.5],
			"to": [-1.21836, 16, 29.625],
			"rotation": {"angle": 0, "axis": "y", "origin": [7.30664, 13, 31]},
			"faces": {
				"east": {"uv": [8.75, 2.75, 10, 3.25], "texture": "#3"},
				"west": {"uv": [8.75, 3.25, 10, 3.75], "texture": "#3"}
			}
		},
		{
			"from": [-1.49219, 6.75, 7.60156],
			"to": [-0.86719, 15.73242, 9.21094],
			"rotation": {"angle": 22.5, "axis": "x", "origin": [-4.99219, 12.16016, 10.96094]},
			"faces": {
				"north": {"uv": [7.75, 10.75, 7.875, 11.875], "texture": "#3"},
				"east": {"uv": [5.5, 10.125, 5.75, 11.25], "texture": "#3"},
				"south": {"uv": [6.5, 11.125, 6.625, 12.25], "texture": "#3"},
				"west": {"uv": [5.75, 10.125, 6, 11.25], "texture": "#3"},
				"up": {"uv": [3.875, 11.875, 3.75, 11.625], "texture": "#3"},
				"down": {"uv": [4, 11.625, 3.875, 11.875], "texture": "#3"}
			}
		},
		{
			"from": [-1.48047, 15.8867, 9.24776],
			"to": [17.375, 16.74608, 30.78292],
			"rotation": {"angle": 0, "axis": "x", "origin": [13.125, 14.7617, 14.62081]},
			"faces": {
				"north": {"uv": [4, 11.625, 3.875, 11.875], "rotation": 180, "texture": "#3"},
				"east": {"uv": [5.5, 10.125, 5.75, 11.25], "rotation": 270, "texture": "#3"},
				"south": {"uv": [3.875, 11.875, 3.75, 11.625], "texture": "#3"},
				"west": {"uv": [5.75, 10.125, 6, 11.25], "rotation": 90, "texture": "#3"},
				"up": {"uv": [7.75, 10.75, 7.875, 11.875], "rotation": 180, "texture": "#3"},
				"down": {"uv": [6.5, 11.125, 6.625, 12.25], "texture": "#3"}
			}
		},
		{
			"from": [-0.875, 6.875, 9.625],
			"to": [16.75, 15.23242, 9.73438],
			"rotation": {"angle": 22.5, "axis": "x", "origin": [10.625, 15.16016, 12.98438]},
			"faces": {
				"north": {"uv": [6.5, 2, 8.75, 3], "texture": "#3"},
				"east": {"uv": [7.125, 11.125, 7.25, 12.125], "texture": "#3"},
				"south": {"uv": [6.5, 3, 8.75, 4], "texture": "#3"},
				"west": {"uv": [10.875, 11.125, 11, 12.125], "texture": "#3"},
				"up": {"uv": [12.25, 3.75, 10, 3.625], "texture": "#3"},
				"down": {"uv": [12.25, 4.375, 10, 4.5], "texture": "#3"}
			}
		},
		{
			"from": [16.75, 6.75, 7.625],
			"to": [17.375, 15.73242, 9.23438],
			"rotation": {"angle": 22.5, "axis": "x", "origin": [13.25, 12.16016, 10.98438]},
			"faces": {
				"north": {"uv": [6.625, 11.125, 6.75, 12.25], "texture": "#3"},
				"east": {"uv": [6, 10.125, 6.25, 11.25], "texture": "#3"},
				"south": {"uv": [6.75, 11.125, 6.875, 12.25], "texture": "#3"},
				"west": {"uv": [6.25, 10.125, 6.5, 11.25], "texture": "#3"},
				"up": {"uv": [4.125, 11.875, 4, 11.625], "texture": "#3"},
				"down": {"uv": [4.25, 11.625, 4.125, 11.875], "texture": "#3"}
			}
		},
		{
			"from": [16.75, 8.74217, 29.42354],
			"to": [17.375, 15.8867, 30.78292],
			"rotation": {"angle": 0, "axis": "x", "origin": [13.25, 14.15233, 32.78292]},
			"faces": {
				"north": {"uv": [6.625, 11.125, 6.75, 12.25], "texture": "#3"},
				"east": {"uv": [6, 10.125, 6.25, 11.25], "texture": "#3"},
				"south": {"uv": [6.75, 11.125, 6.875, 12.25], "texture": "#3"},
				"west": {"uv": [6.25, 10.125, 6.5, 11.25], "texture": "#3"},
				"up": {"uv": [4.125, 11.875, 4, 11.625], "texture": "#3"},
				"down": {"uv": [4.25, 11.625, 4.125, 11.875], "texture": "#3"}
			}
		},
		{
			"from": [16.75, 8.74217, 19.42354],
			"to": [17.375, 15.8867, 20.78292],
			"rotation": {"angle": 0, "axis": "x", "origin": [13.25, 14.15233, 22.78292]},
			"faces": {
				"north": {"uv": [6.625, 11.125, 6.75, 12.25], "texture": "#3"},
				"east": {"uv": [6, 10.125, 6.25, 11.25], "texture": "#3"},
				"south": {"uv": [6.75, 11.125, 6.875, 12.25], "texture": "#3"},
				"west": {"uv": [6.25, 10.125, 6.5, 11.25], "texture": "#3"},
				"up": {"uv": [4.125, 11.875, 4, 11.625], "texture": "#3"},
				"down": {"uv": [4.25, 11.625, 4.125, 11.875], "texture": "#3"}
			}
		},
		{
			"from": [-1.48047, 8.73045, 29.42354],
			"to": [-0.85547, 15.8867, 30.78292],
			"rotation": {"angle": 0, "axis": "x", "origin": [-4.98047, 14.14061, 32.78292]},
			"faces": {
				"north": {"uv": [6.625, 11.125, 6.75, 12.25], "texture": "#3"},
				"east": {"uv": [6, 10.125, 6.25, 11.25], "texture": "#3"},
				"south": {"uv": [6.75, 11.125, 6.875, 12.25], "texture": "#3"},
				"west": {"uv": [6.25, 10.125, 6.5, 11.25], "texture": "#3"},
				"up": {"uv": [4.125, 11.875, 4, 11.625], "texture": "#3"},
				"down": {"uv": [4.25, 11.625, 4.125, 11.875], "texture": "#3"}
			}
		},
		{
			"from": [-1.48047, 8.73045, 20.42354],
			"to": [-0.85547, 15.8867, 21.78292],
			"rotation": {"angle": 0, "axis": "x", "origin": [-4.98047, 14.14061, 23.78292]},
			"faces": {
				"north": {"uv": [6.625, 11.125, 6.75, 12.25], "texture": "#3"},
				"east": {"uv": [6, 10.125, 6.25, 11.25], "texture": "#3"},
				"south": {"uv": [6.75, 11.125, 6.875, 12.25], "texture": "#3"},
				"west": {"uv": [6.25, 10.125, 6.5, 11.25], "texture": "#3"},
				"up": {"uv": [4.125, 11.875, 4, 11.625], "texture": "#3"},
				"down": {"uv": [4.25, 11.625, 4.125, 11.875], "texture": "#3"}
			}
		},
		{
			"from": [11.88867, 9.70313, 9.80273],
			"to": [16.51172, 12.32422, 10.55273],
			"rotation": {"angle": -22.5, "axis": "y", "origin": [18.88867, 13.82813, 29.30273]},
			"faces": {
				"north": {"uv": [10.25, 9.75, 10.875, 10.125], "texture": "#3"},
				"east": {"uv": [1, 11.625, 1.125, 12], "texture": "#3"},
				"south": {"uv": [0, 10.375, 0.625, 10.75], "texture": "#3"},
				"west": {"uv": [1.125, 11.625, 1.25, 12], "texture": "#3"},
				"up": {"uv": [8.25, 6.125, 7.625, 6], "texture": "#3"},
				"down": {"uv": [11.625, 3, 11, 3.125], "texture": "#3"}
			}
		},
		{
			"from": [19.07227, 2.51563, 8.76563],
			"to": [19.69531, 4.81641, 9.51563],
			"rotation": {"angle": -45, "axis": "z", "origin": [26.07227, 6.64063, 28.26563]},
			"faces": {
				"north": {"uv": [7.25, 10.125, 7.375, 10.375], "texture": "#3"},
				"east": {"uv": [11, 8, 11.125, 8.25], "texture": "#3"},
				"south": {"uv": [11.5, 7.25, 11.625, 7.5], "texture": "#3"},
				"west": {"uv": [11.5, 11.25, 11.625, 11.5], "texture": "#3"},
				"up": {"uv": [2.75, 7.125, 2.625, 7], "texture": "#3"},
				"down": {"uv": [6.875, 8.5, 6.75, 8.625], "texture": "#3"}
			}
		},
		{
			"from": [-1.50614, 10.07981, 6.62406],
			"to": [3.1169, 12.7009, 7.37406],
			"rotation": {"angle": 22.5, "axis": "y", "origin": [5.49386, 14.20481, 26.12406]},
			"faces": {
				"north": {"uv": [0.625, 10.375, 1.25, 10.75], "texture": "#3"},
				"east": {"uv": [3.5, 11.625, 3.625, 12], "texture": "#3"},
				"south": {"uv": [7.25, 10.375, 7.875, 10.75], "texture": "#3"},
				"west": {"uv": [3.625, 11.625, 3.75, 12], "texture": "#3"},
				"up": {"uv": [11.875, 0.75, 11.25, 0.625], "texture": "#3"},
				"down": {"uv": [11.875, 6.625, 11.25, 6.75], "texture": "#3"}
			}
		},
		{
			"from": [-7.85156, 12.34375, 9.125],
			"to": [-7.22852, 14.64454, 9.875],
			"rotation": {"angle": 45, "axis": "z", "origin": [-0.85156, 16.46875, 28.625]},
			"faces": {
				"north": {"uv": [5.5, 11.625, 5.625, 11.875], "texture": "#3"},
				"east": {"uv": [5.625, 11.625, 5.75, 11.875], "texture": "#3"},
				"south": {"uv": [5.75, 11.625, 5.875, 11.875], "texture": "#3"},
				"west": {"uv": [5.875, 11.625, 6, 11.875], "texture": "#3"},
				"up": {"uv": [4.375, 10.125, 4.25, 10], "texture": "#3"},
				"down": {"uv": [8.75, 10, 8.625, 10.125], "texture": "#3"}
			}
		},
		{
			"from": [-2.25, 3.125, 29.66797],
			"to": [3.875, 6.97265, 31.375],
			"rotation": {"angle": 0, "axis": "y", "origin": [-6.25, 6.25, 22.875]},
			"faces": {
				"north": {"uv": [0.75, 9.875, 1.5, 10.375], "texture": "#3"},
				"east": {"uv": [11.125, 8.5, 11.375, 9], "texture": "#3"},
				"south": {"uv": [7.375, 9.875, 8.125, 10.375], "texture": "#3"},
				"west": {"uv": [1.25, 11.25, 1.5, 11.75], "texture": "#3"},
				"up": {"uv": [11.5, 4.75, 10.75, 4.5], "texture": "#3"},
				"down": {"uv": [11.5, 9.25, 10.75, 9.5], "texture": "#3"}
			}
		},
		{
			"from": [12.125, 3.125, 29.66797],
			"to": [18.25, 6.97265, 31.375],
			"rotation": {"angle": 0, "axis": "y", "origin": [8.125, 6.25, 22.875]},
			"faces": {
				"north": {"uv": [9.5, 9.625, 10.25, 10.125], "texture": "#3"},
				"east": {"uv": [11.125, 6.75, 11.375, 7.25], "texture": "#3"},
				"south": {"uv": [0, 9.875, 0.75, 10.375], "texture": "#3"},
				"west": {"uv": [11.125, 8, 11.375, 8.5], "texture": "#3"},
				"up": {"uv": [11.375, 5.25, 10.625, 5], "texture": "#3"},
				"down": {"uv": [11.375, 10.375, 10.625, 10.625], "texture": "#3"}
			}
		},
		{
			"from": [-2.25, 3, -7.58203],
			"to": [3.875, 6.84765, -5.875],
			"rotation": {"angle": 0, "axis": "y", "origin": [-6.25, 6.125, -14.375]},
			"faces": {
				"north": {"uv": [7.375, 9.375, 8.125, 9.875], "texture": "#3"},
				"east": {"uv": [11, 7.5, 11.25, 8], "texture": "#3"},
				"south": {"uv": [8.75, 9.625, 9.5, 10.125], "texture": "#3"},
				"west": {"uv": [11, 11.125, 11.25, 11.625], "texture": "#3"},
				"up": {"uv": [11.125, 9, 10.375, 8.75], "texture": "#3"},
				"down": {"uv": [11.25, 4, 10.5, 4.25], "texture": "#3"}
			}
		},
		{
			"from": [12.125, 3, -7.58203],
			"to": [18.25, 6.84765, -5.875],
			"rotation": {"angle": 0, "axis": "y", "origin": [8.125, 6.125, -14.375]},
			"faces": {
				"north": {"uv": [2.75, 5.625, 3.5, 6.125], "texture": "#3"},
				"east": {"uv": [3.5, 5.625, 3.75, 6.125], "texture": "#3"},
				"south": {"uv": [1.875, 6.625, 2.625, 7.125], "texture": "#3"},
				"west": {"uv": [5.25, 8.5, 5.5, 9], "texture": "#3"},
				"up": {"uv": [11.125, 8.5, 10.375, 8.25], "texture": "#3"},
				"down": {"uv": [11.125, 8.5, 10.375, 8.75], "texture": "#3"}
			}
		},
		{
			"from": [3.875, 4, -7.58203],
			"to": [12.125, 6.09765, -5.875],
			"rotation": {"angle": 0, "axis": "y", "origin": [2, 6.125, -14.375]},
			"faces": {
				"north": {"uv": [10.125, 6.75, 11.125, 7], "texture": "#3"},
				"east": {"uv": [11.5, 5.25, 11.75, 5.5], "texture": "#3"},
				"south": {"uv": [10.125, 7, 11.125, 7.25], "texture": "#3"},
				"west": {"uv": [11.5, 5.5, 11.75, 5.75], "texture": "#3"},
				"up": {"uv": [11.125, 7.5, 10.125, 7.25], "texture": "#3"},
				"down": {"uv": [11.25, 3.25, 10.25, 3.5], "texture": "#3"}
			}
		},
		{
			"from": [3.4375, -0.45312, -7.27344],
			"to": [12.4375, 1.64063, -7.11719],
			"rotation": {"angle": 0, "axis": "y", "origin": [12.3125, 6.51563, 0.72656]},
			"faces": {
				"north": {"uv": [0.75, 12.25, 13.875, 15.125], "texture": "#3"},
				"east": {"uv": [4.25, 11.625, 4.375, 11.875], "texture": "#3"},
				"south": {"uv": [9.75, 10.125, 10.875, 10.375], "texture": "#3"},
				"west": {"uv": [4.375, 11.625, 4.5, 11.875], "texture": "#3"},
				"up": {"uv": [7.625, 6.125, 6.5, 6], "texture": "#3"},
				"down": {"uv": [11.625, 3.125, 10.5, 3.25], "texture": "#3"}
			}
		},
		{
			"from": [3.4375, -0.45312, 30.97656],
			"to": [12.4375, 1.64063, 31.13281],
			"rotation": {"angle": 0, "axis": "y", "origin": [12.3125, 6.51563, 38.97656]},
			"faces": {
				"north": {"uv": [10.125, 6.25, 11.25, 6.5], "texture": "#3"},
				"east": {"uv": [4.5, 11.625, 4.625, 11.875], "texture": "#3"},
				"south": {"uv": [0.75, 12.25, 13.875, 15.125], "texture": "#3"},
				"west": {"uv": [4.625, 11.625, 4.75, 11.875], "texture": "#3"},
				"up": {"uv": [11.625, 4.375, 10.5, 4.25], "texture": "#3"},
				"down": {"uv": [11.875, 4.75, 10.75, 4.875], "texture": "#3"}
			}
		}
	],
	"display": {
		"head": {
			"translation": [19.5, 11.25, -53.25],
			"scale": [4, 4, 4]
		}
	},
	"groups": [
		{
			"name": "колёса",
			"origin": [21, 8, 26],
			"children": [
				{
					"name": "колёса",
					"origin": [27, 8, 9.5],
					"children": [0, 1, 2, 3, 4, 5, 6, 7, 8, 9,
						{
							"name": "group",
							"origin": [10.5, 7.04297, 9.39648],
							"children": [10, 11]
						}, 12, 13,
						{
							"name": "group",
							"origin": [27, 8, 9.5],
							"children": [14, 15, 16, 17, 18, 19, 20, 21]
						}
					]
				}
			]
		},
		{
			"name": "основа",
			"origin": [9, 13.90039, 0.75781],
			"children": [22, 23, 24, 25, 26, 27, 28, 29, 30, 31]
		},
		{
			"name": "group",
			"origin": [13.25, 12.16016, 10.98438],
			"children": [32, 33, 34, 35, 36, 37, 38, 39, 40, 41, 42, 43, 44, 45, 46, 47, 48]
		},
		{
			"name": "боковые зеркала",
			"origin": [-0.85156, 16.46875, 28.625],
			"children": [49, 50, 51, 52]
		},
		{
			"name": "фары, номера, радиатор",
			"origin": [12.3125, 8.51563, 38.97656],
			"children": [53, 54, 55, 56, 57, 58, 59]
		}
	]
}