{
	"credit": "quiktori",
	"textures": {
		"0": "items/telephone/telephone",
		"1": "items/telephone/wallpapers/wg3-4",
		"particle": "items/telephone/telephone"
	},
	"elements": [
		{
			"from": [7, -16, -4],
			"to": [9, 32, 20],
			"rotation": {"angle": 0, "axis": "x", "origin": [-1, 0, 12]},
			"faces": {
				"north": {"uv": [7.75, 12.063, 7.75, 12.063], "texture": "#0"},
				"east": {"uv": [0.188, 0.126, 7.813, 13.939], "texture": "#0"},
				"south": {"uv": [8.063, 13.313, 8.185, 13.375], "texture": "#0"},
				"west": {"uv": [8.126, 0.063, 15.75, 13.938], "rotation": 180, "texture": "#0"},
				"up": {"uv": [8.125, 13.188, 8.125, 13.188], "texture": "#0"},
				"down": {"uv": [8.188, 12.938, 8.188, 12.938], "texture": "#0"}
			}
		},
		{
			"from": [8.02734, -9.69727, -1.2168],
			"to": [9, 26.17773, 17.25586],
			"rotation": {"angle": 0, "axis": "x", "origin": [16.02734, 8, 8]},
			"faces": {
				"north": {"uv": [0, 0, 1, 1], "texture": "#missing"},
				"east": {"uv": [0, 0, 10.251, 5.938], "rotation": 90, "texture": "#1"},
				"south": {"uv": [0, 0, 1, 1], "texture": "#missing"},
				"west": {"uv": [0, 0, 1, 1], "texture": "#missing"},
				"up": {"uv": [0, 0, 1, 1], "texture": "#missing"},
				"down": {"uv": [0, 0, 1, 1], "texture": "#missing"}
			}
		}
	],
	"display": {
		"thirdperson_righthand": {
			"rotation": [-78, -180, -90],
			"translation": [-5.5, 2, 0.5],
			"scale": [0.1, 0.2, 0.2]
		},
		"thirdperson_lefthand": {
			"rotation": [96, 0, -90],
			"translation": [-5.75, 1.75, 0],
			"scale": [0.1, 0.2, 0.2]
		},
		"firstperson_righthand": {
			"rotation": [-97, -180, -90],
			"translation": [-8.75, 4.75, 0],
			"scale": [0.1, 0.3, 0.3]
		},
		"firstperson_lefthand": {
			"rotation": [86, 0, -90],
			"translation": [-9, 4.5, 0],
			"scale": [0.1, 0.3, 0.3]
		},
		"ground": {
			"rotation": [90, 0, 0],
			"translation": [0, -1.25, 0],
			"scale": [0.2, 0.2, 0.2]
		},
		"gui": {
			"rotation": [-90, -180, -90],
			"translation": [73.25, -21.25, 0],
			"scale": [0, 4, 4]
		},
		"head": {
			"rotation": [-90, -180, 90],
			"translation": [0, 0, -6.75]
		},
		"fixed": {
			"rotation": [-91, -180, 90],
			"translation": [0, 0, -1.25],
			"scale": [0.3, 0.5, 0.5]
		}
	}
}